family,r,n_per_condition,total_records,is_null,paired_sets,direct_only,sdp_only,both,d1_direct_exclusions,d0_direct_exclusions,enlarged_rejections
AB,1/10,64,128,False,100,0,0,0,4,3,0
AB,1/10,256,512,False,100,0,0,0,4,6,0
AB,1/10,1024,2048,False,100,2,0,0,23,22,0
AB,1/10,4096,8192,False,100,60,0,0,76,78,0
AB,1/5,64,128,False,100,0,0,0,9,5,0
AB,1/5,256,512,False,100,4,0,0,23,14,0
AB,1/5,1024,2048,False,100,60,0,0,78,78,0
AB,1/5,4096,8192,False,100,1,0,99,100,100,0
AB,2/5,64,128,False,100,5,0,0,29,14,0
AB,2/5,256,512,False,100,65,0,0,83,79,0
AB,2/5,1024,2048,False,100,0,0,100,100,100,0
AB,2/5,4096,8192,False,100,0,0,100,100,100,0
AA,2/5,256,512,True,100,1,0,0,75,1,0
AA,2/5,1024,2048,True,100,1,0,0,100,1,0
BB,2/5,256,512,True,100,1,0,0,1,77,0
BB,2/5,1024,2048,True,100,1,0,0,1,100,0
