family,r,n_per_condition,total_records,is_null,method,rejections,paired_sets,fraction,cp95_lower,cp95_upper
AB,1/10,64,128,False,direct_pearson,0,100,0.0,0.0,0.03621669264517641
AB,1/10,64,128,False,general_sdp,0,100,0.0,0.0,0.03621669264517641
AB,1/10,256,512,False,direct_pearson,0,100,0.0,0.0,0.03621669264517641
AB,1/10,256,512,False,general_sdp,0,100,0.0,0.0,0.03621669264517641
AB,1/10,1024,2048,False,direct_pearson,2,100,0.02,0.002431336823942542,0.07038393247107011
AB,1/10,1024,2048,False,general_sdp,0,100,0.0,0.0,0.03621669264517641
AB,1/10,4096,8192,False,direct_pearson,60,100,0.6,0.49720915042233493,0.6967052312971225
AB,1/10,4096,8192,False,general_sdp,0,100,0.0,0.0,0.03621669264517641
AB,1/5,64,128,False,direct_pearson,0,100,0.0,0.0,0.03621669264517641
AB,1/5,64,128,False,general_sdp,0,100,0.0,0.0,0.03621669264517641
AB,1/5,256,512,False,direct_pearson,4,100,0.04,0.011004493986188198,0.09925715671265992
AB,1/5,256,512,False,general_sdp,0,100,0.0,0.0,0.03621669264517641
AB,1/5,1024,2048,False,direct_pearson,60,100,0.6,0.49720915042233493,0.6967052312971225
AB,1/5,1024,2048,False,general_sdp,0,100,0.0,0.0,0.03621669264517641
AB,1/5,4096,8192,False,direct_pearson,100,100,1.0,0.9637833073548235,1.0
AB,1/5,4096,8192,False,general_sdp,99,100,0.99,0.9455406146079194,0.9997468539670226
AB,2/5,64,128,False,direct_pearson,5,100,0.05,0.016431879182052155,0.11283491110546275
AB,2/5,64,128,False,general_sdp,0,100,0.0,0.0,0.03621669264517641
AB,2/5,256,512,False,direct_pearson,65,100,0.65,0.5481506381760306,0.7427062214685488
AB,2/5,256,512,False,general_sdp,0,100,0.0,0.0,0.03621669264517641
AB,2/5,1024,2048,False,direct_pearson,100,100,1.0,0.9637833073548235,1.0
AB,2/5,1024,2048,False,general_sdp,100,100,1.0,0.9637833073548235,1.0
AB,2/5,4096,8192,False,direct_pearson,100,100,1.0,0.9637833073548235,1.0
AB,2/5,4096,8192,False,general_sdp,100,100,1.0,0.9637833073548235,1.0
AA,2/5,256,512,True,direct_pearson,1,100,0.01,0.00025314603297742064,0.054459385392080645
AA,2/5,256,512,True,general_sdp,0,100,0.0,0.0,0.03621669264517641
AA,2/5,1024,2048,True,direct_pearson,1,100,0.01,0.00025314603297742064,0.054459385392080645
AA,2/5,1024,2048,True,general_sdp,0,100,0.0,0.0,0.03621669264517641
BB,2/5,256,512,True,direct_pearson,1,100,0.01,0.00025314603297742064,0.054459385392080645
BB,2/5,256,512,True,general_sdp,0,100,0.0,0.0,0.03621669264517641
BB,2/5,1024,2048,True,direct_pearson,1,100,0.01,0.00025314603297742064,0.054459385392080645
BB,2/5,1024,2048,True,general_sdp,0,100,0.0,0.0,0.03621669264517641
