family,a,n,is_null,method,original_rejections,simplified_rejections,added,lost,record_sets
positive_parity,0,64,True,reflection,0,0,0,0,100
positive_parity,0,64,True,quadratic_region,0,0,0,0,100
positive_parity,0,64,True,fixed_analytic,0,0,0,0,100
positive_parity,0,64,True,learned_analytic,0,0,0,0,100
positive_parity,0,64,True,general_sdp,0,0,0,0,100
positive_parity,0,128,True,reflection,0,0,0,0,100
positive_parity,0,128,True,quadratic_region,0,0,0,0,100
positive_parity,0,128,True,fixed_analytic,0,0,0,0,100
positive_parity,0,128,True,learned_analytic,0,0,0,0,100
positive_parity,0,128,True,general_sdp,0,0,0,0,100
positive_parity,0,256,True,reflection,0,0,0,0,100
positive_parity,0,256,True,quadratic_region,0,0,0,0,100
positive_parity,0,256,True,fixed_analytic,0,0,0,0,100
positive_parity,0,256,True,learned_analytic,0,0,0,0,100
positive_parity,0,256,True,general_sdp,0,0,0,0,100
positive_parity,0,512,True,reflection,0,0,0,0,100
positive_parity,0,512,True,quadratic_region,0,0,0,0,100
positive_parity,0,512,True,fixed_analytic,0,0,0,0,100
positive_parity,0,512,True,learned_analytic,0,0,0,0,100
positive_parity,0,512,True,general_sdp,0,0,0,0,100
positive_parity,0,1024,True,reflection,0,0,0,0,100
positive_parity,0,1024,True,quadratic_region,0,0,0,0,100
positive_parity,0,1024,True,fixed_analytic,0,0,0,0,100
positive_parity,0,1024,True,learned_analytic,0,0,0,0,100
positive_parity,0,1024,True,general_sdp,0,0,0,0,100
positive_parity,0,4096,True,reflection,0,0,0,0,100
positive_parity,0,4096,True,quadratic_region,0,0,0,0,100
positive_parity,0,4096,True,fixed_analytic,0,0,0,0,100
positive_parity,0,4096,True,learned_analytic,0,0,0,0,100
positive_parity,0,4096,True,general_sdp,0,0,0,0,100
positive_parity,0,8192,True,reflection,0,0,0,0,100
positive_parity,0,8192,True,quadratic_region,0,0,0,0,100
positive_parity,0,8192,True,fixed_analytic,0,0,0,0,100
positive_parity,0,8192,True,learned_analytic,0,0,0,0,100
positive_parity,0,8192,True,general_sdp,0,0,0,0,100
positive_parity,2/5,64,True,reflection,0,0,0,0,100
positive_parity,2/5,64,True,quadratic_region,0,0,0,0,100
positive_parity,2/5,64,True,fixed_analytic,0,0,0,0,100
positive_parity,2/5,64,True,learned_analytic,0,1,1,0,100
positive_parity,2/5,64,True,general_sdp,0,0,0,0,100
positive_parity,2/5,128,True,reflection,0,0,0,0,100
positive_parity,2/5,128,True,quadratic_region,0,0,0,0,100
positive_parity,2/5,128,True,fixed_analytic,0,0,0,0,100
positive_parity,2/5,128,True,learned_analytic,0,0,0,0,100
positive_parity,2/5,128,True,general_sdp,0,0,0,0,100
positive_parity,2/5,256,True,reflection,0,0,0,0,100
positive_parity,2/5,256,True,quadratic_region,0,0,0,0,100
positive_parity,2/5,256,True,fixed_analytic,0,0,0,0,100
positive_parity,2/5,256,True,learned_analytic,0,0,0,0,100
positive_parity,2/5,256,True,general_sdp,0,0,0,0,100
positive_parity,2/5,512,True,reflection,0,0,0,0,100
positive_parity,2/5,512,True,quadratic_region,0,0,0,0,100
positive_parity,2/5,512,True,fixed_analytic,0,0,0,0,100
positive_parity,2/5,512,True,learned_analytic,0,0,0,0,100
positive_parity,2/5,512,True,general_sdp,0,0,0,0,100
positive_parity,2/5,1024,True,reflection,0,0,0,0,100
positive_parity,2/5,1024,True,quadratic_region,0,0,0,0,100
positive_parity,2/5,1024,True,fixed_analytic,0,0,0,0,100
positive_parity,2/5,1024,True,learned_analytic,0,0,0,0,100
positive_parity,2/5,1024,True,general_sdp,0,0,0,0,100
positive_parity,2/5,4096,True,reflection,0,0,0,0,100
positive_parity,2/5,4096,True,quadratic_region,0,0,0,0,100
positive_parity,2/5,4096,True,fixed_analytic,0,0,0,0,100
positive_parity,2/5,4096,True,learned_analytic,0,0,0,0,100
positive_parity,2/5,4096,True,general_sdp,0,0,0,0,100
positive_parity,2/5,8192,True,reflection,0,0,0,0,100
positive_parity,2/5,8192,True,quadratic_region,0,0,0,0,100
positive_parity,2/5,8192,True,fixed_analytic,0,0,0,0,100
positive_parity,2/5,8192,True,learned_analytic,0,0,0,0,100
positive_parity,2/5,8192,True,general_sdp,0,0,0,0,100
positive_parity,1/2,64,True,reflection,0,0,0,0,100
positive_parity,1/2,64,True,quadratic_region,0,0,0,0,100
positive_parity,1/2,64,True,fixed_analytic,0,0,0,0,100
positive_parity,1/2,64,True,learned_analytic,0,0,0,0,100
positive_parity,1/2,64,True,general_sdp,0,0,0,0,100
positive_parity,1/2,128,True,reflection,0,0,0,0,100
positive_parity,1/2,128,True,quadratic_region,0,0,0,0,100
positive_parity,1/2,128,True,fixed_analytic,3,3,0,0,100
positive_parity,1/2,128,True,learned_analytic,3,3,0,0,100
positive_parity,1/2,128,True,general_sdp,0,0,0,0,100
positive_parity,1/2,256,True,reflection,0,0,0,0,100
positive_parity,1/2,256,True,quadratic_region,0,0,0,0,100
positive_parity,1/2,256,True,fixed_analytic,2,2,0,0,100
positive_parity,1/2,256,True,learned_analytic,2,2,0,0,100
positive_parity,1/2,256,True,general_sdp,0,0,0,0,100
positive_parity,1/2,512,True,reflection,0,0,0,0,100
positive_parity,1/2,512,True,quadratic_region,0,0,0,0,100
positive_parity,1/2,512,True,fixed_analytic,4,4,0,0,100
positive_parity,1/2,512,True,learned_analytic,1,1,0,0,100
positive_parity,1/2,512,True,general_sdp,0,0,0,0,100
positive_parity,1/2,1024,True,reflection,0,0,0,0,100
positive_parity,1/2,1024,True,quadratic_region,0,0,0,0,100
positive_parity,1/2,1024,True,fixed_analytic,3,3,0,0,100
positive_parity,1/2,1024,True,learned_analytic,1,1,0,0,100
positive_parity,1/2,1024,True,general_sdp,0,0,0,0,100
positive_parity,1/2,4096,True,reflection,0,0,0,0,100
positive_parity,1/2,4096,True,quadratic_region,0,0,0,0,100
positive_parity,1/2,4096,True,fixed_analytic,0,0,0,0,100
positive_parity,1/2,4096,True,learned_analytic,0,0,0,0,100
positive_parity,1/2,4096,True,general_sdp,0,0,0,0,100
positive_parity,1/2,8192,True,reflection,0,0,0,0,100
positive_parity,1/2,8192,True,quadratic_region,0,0,0,0,100
positive_parity,1/2,8192,True,fixed_analytic,5,5,0,0,100
positive_parity,1/2,8192,True,learned_analytic,2,2,0,0,100
positive_parity,1/2,8192,True,general_sdp,0,0,0,0,100
positive_parity,11/20,64,False,reflection,0,0,0,0,100
positive_parity,11/20,64,False,quadratic_region,0,0,0,0,100
positive_parity,11/20,64,False,fixed_analytic,18,18,0,0,100
positive_parity,11/20,64,False,learned_analytic,7,7,0,0,100
positive_parity,11/20,64,False,general_sdp,0,0,0,0,100
positive_parity,11/20,128,False,reflection,0,0,0,0,100
positive_parity,11/20,128,False,quadratic_region,0,0,0,0,100
positive_parity,11/20,128,False,fixed_analytic,43,43,0,0,100
positive_parity,11/20,128,False,learned_analytic,16,16,0,0,100
positive_parity,11/20,128,False,general_sdp,0,0,0,0,100
positive_parity,11/20,256,False,reflection,0,0,0,0,100
positive_parity,11/20,256,False,quadratic_region,0,0,0,0,100
positive_parity,11/20,256,False,fixed_analytic,61,61,0,0,100
positive_parity,11/20,256,False,learned_analytic,29,29,0,0,100
positive_parity,11/20,256,False,general_sdp,0,0,0,0,100
positive_parity,11/20,512,False,reflection,0,0,0,0,100
positive_parity,11/20,512,False,quadratic_region,0,0,0,0,100
positive_parity,11/20,512,False,fixed_analytic,91,91,0,0,100
positive_parity,11/20,512,False,learned_analytic,57,57,0,0,100
positive_parity,11/20,512,False,general_sdp,0,0,0,0,100
positive_parity,11/20,1024,False,reflection,0,0,0,0,100
positive_parity,11/20,1024,False,quadratic_region,0,0,0,0,100
positive_parity,11/20,1024,False,fixed_analytic,100,100,0,0,100
positive_parity,11/20,1024,False,learned_analytic,90,90,0,0,100
positive_parity,11/20,1024,False,general_sdp,0,0,0,0,100
positive_parity,11/20,4096,False,reflection,0,0,0,0,100
positive_parity,11/20,4096,False,quadratic_region,0,0,0,0,100
positive_parity,11/20,4096,False,fixed_analytic,100,100,0,0,100
positive_parity,11/20,4096,False,learned_analytic,100,100,0,0,100
positive_parity,11/20,4096,False,general_sdp,0,0,0,0,100
positive_parity,11/20,8192,False,reflection,0,0,0,0,100
positive_parity,11/20,8192,False,quadratic_region,0,0,0,0,100
positive_parity,11/20,8192,False,fixed_analytic,100,100,0,0,100
positive_parity,11/20,8192,False,learned_analytic,100,100,0,0,100
positive_parity,11/20,8192,False,general_sdp,13,13,0,0,100
positive_parity,3/5,64,False,reflection,0,0,0,0,100
positive_parity,3/5,64,False,quadratic_region,0,0,0,0,100
positive_parity,3/5,64,False,fixed_analytic,84,84,0,0,100
positive_parity,3/5,64,False,learned_analytic,43,44,1,0,100
positive_parity,3/5,64,False,general_sdp,0,0,0,0,100
positive_parity,3/5,128,False,reflection,0,0,0,0,100
positive_parity,3/5,128,False,quadratic_region,0,0,0,0,100
positive_parity,3/5,128,False,fixed_analytic,98,98,0,0,100
positive_parity,3/5,128,False,learned_analytic,78,78,0,0,100
positive_parity,3/5,128,False,general_sdp,0,0,0,0,100
positive_parity,3/5,256,False,reflection,0,0,0,0,100
positive_parity,3/5,256,False,quadratic_region,0,0,0,0,100
positive_parity,3/5,256,False,fixed_analytic,100,100,0,0,100
positive_parity,3/5,256,False,learned_analytic,99,99,0,0,100
positive_parity,3/5,256,False,general_sdp,0,0,0,0,100
positive_parity,3/5,512,False,reflection,0,0,0,0,100
positive_parity,3/5,512,False,quadratic_region,0,0,0,0,100
positive_parity,3/5,512,False,fixed_analytic,100,100,0,0,100
positive_parity,3/5,512,False,learned_analytic,100,100,0,0,100
positive_parity,3/5,512,False,general_sdp,0,0,0,0,100
positive_parity,3/5,1024,False,reflection,0,0,0,0,100
positive_parity,3/5,1024,False,quadratic_region,0,0,0,0,100
positive_parity,3/5,1024,False,fixed_analytic,100,100,0,0,100
positive_parity,3/5,1024,False,learned_analytic,100,100,0,0,100
positive_parity,3/5,1024,False,general_sdp,0,0,0,0,100
positive_parity,3/5,4096,False,reflection,0,0,0,0,100
positive_parity,3/5,4096,False,quadratic_region,0,0,0,0,100
positive_parity,3/5,4096,False,fixed_analytic,100,100,0,0,100
positive_parity,3/5,4096,False,learned_analytic,100,100,0,0,100
positive_parity,3/5,4096,False,general_sdp,100,100,0,0,100
positive_parity,3/5,8192,False,reflection,0,0,0,0,100
positive_parity,3/5,8192,False,quadratic_region,0,0,0,0,100
positive_parity,3/5,8192,False,fixed_analytic,100,100,0,0,100
positive_parity,3/5,8192,False,learned_analytic,100,100,0,0,100
positive_parity,3/5,8192,False,general_sdp,100,100,0,0,100
positive_parity,17/25,64,False,reflection,0,0,0,0,100
positive_parity,17/25,64,False,quadratic_region,0,0,0,0,100
positive_parity,17/25,64,False,fixed_analytic,100,100,0,0,100
positive_parity,17/25,64,False,learned_analytic,97,100,3,0,100
positive_parity,17/25,64,False,general_sdp,0,0,0,0,100
positive_parity,17/25,128,False,reflection,0,0,0,0,100
positive_parity,17/25,128,False,quadratic_region,0,0,0,0,100
positive_parity,17/25,128,False,fixed_analytic,100,100,0,0,100
positive_parity,17/25,128,False,learned_analytic,100,100,0,0,100
positive_parity,17/25,128,False,general_sdp,0,0,0,0,100
positive_parity,17/25,256,False,reflection,0,0,0,0,100
positive_parity,17/25,256,False,quadratic_region,0,0,0,0,100
positive_parity,17/25,256,False,fixed_analytic,100,100,0,0,100
positive_parity,17/25,256,False,learned_analytic,100,100,0,0,100
positive_parity,17/25,256,False,general_sdp,0,0,0,0,100
positive_parity,17/25,512,False,reflection,0,0,0,0,100
positive_parity,17/25,512,False,quadratic_region,0,0,0,0,100
positive_parity,17/25,512,False,fixed_analytic,100,100,0,0,100
positive_parity,17/25,512,False,learned_analytic,100,100,0,0,100
positive_parity,17/25,512,False,general_sdp,6,6,0,0,100
positive_parity,17/25,1024,False,reflection,0,0,0,0,100
positive_parity,17/25,1024,False,quadratic_region,0,0,0,0,100
positive_parity,17/25,1024,False,fixed_analytic,100,100,0,0,100
positive_parity,17/25,1024,False,learned_analytic,100,100,0,0,100
positive_parity,17/25,1024,False,general_sdp,100,100,0,0,100
positive_parity,17/25,4096,False,reflection,0,0,0,0,100
positive_parity,17/25,4096,False,quadratic_region,100,100,0,0,100
positive_parity,17/25,4096,False,fixed_analytic,100,100,0,0,100
positive_parity,17/25,4096,False,learned_analytic,100,100,0,0,100
positive_parity,17/25,4096,False,general_sdp,100,100,0,0,100
positive_parity,17/25,8192,False,reflection,0,0,0,0,100
positive_parity,17/25,8192,False,quadratic_region,100,100,0,0,100
positive_parity,17/25,8192,False,fixed_analytic,100,100,0,0,100
positive_parity,17/25,8192,False,learned_analytic,100,100,0,0,100
positive_parity,17/25,8192,False,general_sdp,100,100,0,0,100
negative_parity,1/2,128,True,reflection,0,0,0,0,100
negative_parity,1/2,128,True,quadratic_region,0,0,0,0,100
negative_parity,1/2,128,True,fixed_analytic,0,0,0,0,100
negative_parity,1/2,128,True,learned_analytic,1,1,0,0,100
negative_parity,1/2,128,True,general_sdp,0,0,0,0,100
negative_parity,1/2,512,True,reflection,0,0,0,0,100
negative_parity,1/2,512,True,quadratic_region,0,0,0,0,100
negative_parity,1/2,512,True,fixed_analytic,0,0,0,0,100
negative_parity,1/2,512,True,learned_analytic,0,0,0,0,100
negative_parity,1/2,512,True,general_sdp,0,0,0,0,100
negative_parity,3/5,128,False,reflection,0,0,0,0,100
negative_parity,3/5,128,False,quadratic_region,0,0,0,0,100
negative_parity,3/5,128,False,fixed_analytic,0,0,0,0,100
negative_parity,3/5,128,False,learned_analytic,79,79,0,0,100
negative_parity,3/5,128,False,general_sdp,0,0,0,0,100
negative_parity,3/5,512,False,reflection,0,0,0,0,100
negative_parity,3/5,512,False,quadratic_region,0,0,0,0,100
negative_parity,3/5,512,False,fixed_analytic,0,0,0,0,100
negative_parity,3/5,512,False,learned_analytic,100,100,0,0,100
negative_parity,3/5,512,False,general_sdp,0,0,0,0,100
scaled_channel,1/2,128,True,reflection,0,0,0,0,100
scaled_channel,1/2,128,True,quadratic_region,0,0,0,0,100
scaled_channel,1/2,128,True,fixed_analytic,0,0,0,0,100
scaled_channel,1/2,128,True,learned_analytic,1,1,0,0,100
scaled_channel,1/2,128,True,general_sdp,0,0,0,0,100
scaled_channel,1/2,512,True,reflection,0,0,0,0,100
scaled_channel,1/2,512,True,quadratic_region,0,0,0,0,100
scaled_channel,1/2,512,True,fixed_analytic,0,0,0,0,100
scaled_channel,1/2,512,True,learned_analytic,2,2,0,0,100
scaled_channel,1/2,512,True,general_sdp,0,0,0,0,100
scaled_channel,3/5,128,False,reflection,0,0,0,0,100
scaled_channel,3/5,128,False,quadratic_region,0,0,0,0,100
scaled_channel,3/5,128,False,fixed_analytic,0,0,0,0,100
scaled_channel,3/5,128,False,learned_analytic,75,75,0,0,100
scaled_channel,3/5,128,False,general_sdp,0,0,0,0,100
scaled_channel,3/5,512,False,reflection,0,0,0,0,100
scaled_channel,3/5,512,False,quadratic_region,0,0,0,0,100
scaled_channel,3/5,512,False,fixed_analytic,0,0,0,0,100
scaled_channel,3/5,512,False,learned_analytic,100,100,0,0,100
scaled_channel,3/5,512,False,general_sdp,0,0,0,0,100
colored_null,2/5,128,True,reflection,0,0,0,0,100
colored_null,2/5,128,True,quadratic_region,0,0,0,0,100
colored_null,2/5,128,True,fixed_analytic,0,0,0,0,100
colored_null,2/5,128,True,learned_analytic,0,0,0,0,100
colored_null,2/5,128,True,general_sdp,0,0,0,0,100
colored_null,2/5,512,True,reflection,0,0,0,0,100
colored_null,2/5,512,True,quadratic_region,0,0,0,0,100
colored_null,2/5,512,True,fixed_analytic,0,0,0,0,100
colored_null,2/5,512,True,learned_analytic,0,0,0,0,100
colored_null,2/5,512,True,general_sdp,0,0,0,0,100
