panel,lag,horizon,delay,observed_A,observed_B,common_witness_A,common_witness_B,retained
a,-2,2,1,0,0,0,0,False
a,-1,2,1,0,0,0,0,True
a,0,2,1,1/4,0,1/4,0,True
a,1,2,1,0,1/4,0,1/4,True
a,2,2,1,0,0,1/4,0,False
a,3,2,1,0,0,0,0,False
a,4,2,1,0,0,0,0,False
a,5,2,1,0,0,0,0,False
b,-2,3,1,0,0,0,0,True
b,-1,3,1,0,0,0,0,True
b,0,3,1,1/4,0,1/4,0,True
b,1,3,1,0,1/4,0,1/4,True
b,2,3,1,0,0,1/4,0,True
b,3,3,1,0,0,0,0,False
b,4,3,1,0,0,0,0,False
b,5,3,1,0,0,0,0,False
c,-2,3,2,0,0,0,0,True
c,-1,3,2,0,0,0,0,True
c,0,3,2,1/4,0,1/4,0,True
c,1,3,2,0,1/4,0,1/4,True
c,2,3,2,0,0,0,0,True
c,3,3,2,0,0,0,1/4,False
c,4,3,2,0,0,1/4,0,False
c,5,3,2,0,0,0,0,False
