eta,divergence,necessary_lower,polynomial_upper,leading_term
0.001,2665.7780739753416,69.2774106916851,72.0,70.24814731040726
0.001032044990492786,2582.9781001607107,68.17867354515606,70.0,69.1489452061012
0.001065116862401255,2502.7490656130394,67.09714345362175,70.0,68.06694277626872
0.0010992485221306095,2425.011142703344,66.03255140339402,68.0,67.00187089041883
0.0011344739305714942,2349.686982450632,64.98463259383196,66.0,65.95346462925784
0.0011708281368909704,2276.7016375599223,63.95312637144413,66.0,64.92146321879483
0.001208347313406328,2205.982487849919,62.93777616507227,64.0,63.905609965478405
0.0012470687915764175,2137.459167996179,61.9383294220681,64.0,62.9056521923485
0.0012870310991463343,2071.063497517836,60.954537545472434,62.0,61.92134117618693
0.0013282739984823986,2006.7294129382446,59.98615583217536,62.0,60.9524320856516
0.001370838526135582,1944.392902052035,59.032943412049626,62.0,59.99868392037871
0.0014147670336727418,1883.9919402331755,58.094663188034225,60.0,59.05985945103781
0.0014601032298162907,1825.4664287206742,57.1710817771809,60.0,58.135725160324895
0.0015068922239342402,1768.7581348205,56.26196945255202,58.0,57.2260511848787
0.0015551805709238663,1713.8106339642486,55.367100086132545,58.0,56.33061125810605
0.0016050163175336874,1660.5692535668754,54.486251092546865,56.0,55.44918265390166
0.0016564490501698211,1608.9810186276522,53.619203373696365,56.0,54.58154613124862
0.0017095299442342977,1558.9945990202132,52.76574126427432,54.0,53.72748587968582
0.001764311815044419,1510.5602584192436,51.92565247810301,54.0,52.886789465628574
0.0018208491703838277,1463.6298048130002,51.09872805533948,54.0,52.059247779529215
0.001879198264737575,1418.1565425524138,50.28476231048951,52.0,51.24465498386453
0.001939417155265149,1374.0952258890727,49.48355278124715,52.0,50.442808461937034
0.0020015657595671673,1331.402013955842,48.69490017813686,50.0,49.65350876747726
0.0020657059153031832,1290.0344271453534,47.918608334925224,50.0,48.876559575034946
0.002131901441719966,1249.9513048429264,47.154484159835995,50.0,48.11176763114606
0.0022002182031514396,1211.112764471892,46.402337587520556,48.0,47.358942706264294
0.0022707241745534824,1173.4801618105575,45.66198153176515,48.0,46.617897547444514
0.0023434895091387887,1137.016052541332,44.93323183895958,46.0,45.88844783176662
0.0024185866081790825,1101.6841549937526,44.215907242287045,46.0,45.170412120488265
0.0024960901930441612,1067.4493140443328,43.50982931663497,46.0,44.4636118139148
0.0025760773795493984,1034.2774661373383,42.814822434204466,44.0,43.76787110697573
0.0026586277546857403,1002.1356053916535,42.13071372081633,44.0,43.08301694549585
0.0027438234558085023,970.9917507600366,41.45733301292075,44.0,42.40887898315094
0.0028317492523637694,940.8149142080822,40.794512815252176,42.0,41.74528953909688
0.0029224926302337207,911.5750698812261,40.142088259164794,42.0,41.09208355626176
0.003016143878784798,883.2431242291178,39.49989706162442,42.0,40.449098560290594
0.0031127961807053323,855.7908870576315,38.86777948482372,40.0,39.81617461913254
0.0032125457047220123,829.1910434797138,38.24557829645724,40.0,39.19315430326034
0.00331549170128747,803.4171267371564,37.63313873059576,40.0,38.579882646512274
0.0034217366013341386,778.4434918662625,37.030308449183366,40.0,37.97620710754693
0.0035313861181927096,754.2452901811859,36.43693750414153,38.0,37.38197753190096
0.0036445493527765523,730.7984445495695,35.85287830006376,38.0,36.79704611464065
0.0037613389021367667,708.0796254358766,35.277985557489565,38.0,36.2212673635978
0.0038818709714958863,686.0662276885768,34.71211627676305,36.0,35.65449806318095
0.00400626548987169,664.7363480480942,34.15512970245521,36.0,35.096597238752835
0.004134646229406211,644.0687633531298,33.60688728833916,36.0,34.54742612156516
0.004267140928518562,624.0429094236923,33.067252662922044,36.0,34.006848114242324
0.004403881419004318,604.6388605997942,32.536091595512225,34.0,33.47472875680477
0.0045450037572076695,585.837309915491,32.01327196281875,34.0,32.95093569322453
0.004690648359397067,567.6195498885088,31.498663716075967,34.0,32.43533863850362
0.004840960141478949,549.9674539063584,30.99213884868497,32.0,31.927809346267885
0.0049960886631885935,532.8634581904142,30.4935713643575,32.0,31.428221576867738
0.0051561882769015945,516.290544320007,30.00283724576502,32.0,30.93645106597807
0.0053214182812139155,500.23222229915507,29.519814423673264,32.0,30.452375493689697
0.005491943079443554,484.67251414906156,29.044382746569223,32.0,29.975874454084014
0.0056679323432112455,469.5959380100824,28.5764239507524,30.0,29.506829425284202
0.0058495611812632055,454.98749273732057,28.115821630905884,30.0,29.045123739974727
0.006037010313703756,440.83264297453405,27.66246121112518,30.0,28.59064255638228
0.006230466251811245,427.1173046915016,27.216229916396898,30.0,28.143272829710757
0.0064301214836161615,413.8278311704552,26.777016744531796,28.0,27.702903284023186
0.006636174665426094,400.9509994276382,26.34471243853224,28.0,27.269424384563678
0.006848830819488149,388.4739970564741,25.91920945939423,28.0,26.84272831051237
0.007068301537985341,376.3844094792658,25.500401959338713,28.0,26.422708928166912
0.007294805193570227,364.6702075947211,25.088185755458586,28.0,26.00926176454321
0.007528567156644912,353.3197358090375,24.68245830377975,26.0,25.602283981389668
0.0077698200196039,342.3217004386182,24.28311867373049,26.0,25.20167434960774
0.008018803828262767,331.6651584728901,23.890067523008454,26.0,24.807333224072877
0.008275766320702958,321.3395066860399,23.50320707284246,26.0,24.419162518849422
0.008540963173770412,311.33447108683276,23.122441083643125,26.0,24.037065682793287
0.008814658257473112,301.64009669602297,22.747674831033493,24.0,23.660947675536544
0.009097123897530998,292.2467376411722,22.378815082253944,24.0,23.29071494384751
0.009388641146339076,283.1450475590364,22.015770072940015,24.0,22.926275398361064
0.009689500062613694,274.32597029595655,21.65844948426126,24.0,22.567538390672812
0.01,265.78073089700996,21.306764420417625,24.0,22.21441469079183
0.010320449904927862,257.50082687495166,20.960627386491325,22.0,21.866816464946115
0.010651168624012546,249.47801975026056,20.61995226664119,22.0,21.524657253735402
0.01099248522130609,241.70432685387107,20.284654302640817,22.0,21.18785195062576
0.011344739305714936,234.17201338443618,19.954650072752365,22.0,20.856316780780748
0.011708281368909702,226.8735847122164,19.629857470928755,22.0,20.5299692802238
0.01208347313406328,219.80177892193825,19.31019568634394,22.0,20.208728275326614
0.012470687915764176,212.9495595872033,18.995585183240262,20.0,19.89251386261857
0.012870310991463341,206.31010876925637,18.685947681091825,20.0,19.581247388912033
0.013282739984823986,199.87682023314755,18.38120613507911,20.0,19.27485143173864
0.013708385261355814,193.64329287453893,18.081284716865014,20.0,18.97324978009174
0.014147670336727411,187.60332435061366,17.78610879567418,20.0,18.676367415470125
0.014601032298162914,181.75090490875286,17.495604919665475,20.0,18.384130493218418
0.015068922239342402,176.08021140683715,17.209700797595307,20.0,18.096466324159415
0.015551805709238663,170.5856015192241,16.92832528076646,18.0,17.813303356513817
0.016050163175336873,165.26160812263757,16.651408345258957,18.0,17.534571158102924
0.016564490501698212,160.1029338563808,16.37888107443534,18.0,17.260200398829735
0.017095299442342976,155.10444585146234,16.110675641720157,18.0,16.990122833434253
0.01764311815044418,150.26117062338912,15.846725293645573,18.0,16.724271284518565
0.01820849170383827,145.56828912354553,15.58696433316085,18.0,16.462579625837556
0.018791982647375742,141.0211319442347,15.33132810320037,18.0,16.204982765851103
0.01939417155265149,136.6151746726105,15.079752970506274,18.0,15.951416631533599
0.02001565759567167,132.34603338887695,14.832176309702154,16.0,15.701818152436813
0.020657059153031832,128.2094603042774,14.588536487612023,16.0,15.45612524500219
0.02131901441719966,124.20133953453104,14.348772847822419,16.0,15.214276797118531
0.022002182031514394,120.31768300451276,14.112825695482444,16.0,14.97621265292138
0.022707241745534814,116.5546264801005,13.88063628233757,16.0,14.74187359783021
0.023434895091387874,112.9084257232424,13.652146791994353,16.0,14.511201343819772
0.02418586608179084,109.37545276641761,13.427300325411464,16.0,14.284138514921898
0.024960901930441613,105.9521923027835,13.206040886613067,16.0,14.060628632954163
0.025760773795493984,102.63523818841747,12.988313368621121,14.0,13.840616103471843
0.0265862775468574,99.42129005317369,12.774063539602928,14.0,13.624046201939725
0.02743823455808502,96.30715001678102,12.56323802923021,14.0,13.410865060120251
0.028317492523637695,93.2897195069158,12.355784315245353,14.0,13.201019652674681
0.029224926302337192,90.36599617608266,12.15165071023281,14.0,12.9944577839739
0.030161438787847966,87.53307091423524,11.950786348590231,14.0,12.791128075115594
0.031127961807053305,84.7881249541654,11.753141173697442,14.0,12.59097995114461
0.03212545704722013,82.12842706677898,11.558665925278735,14.0,12.393963628473236
0.0331549170128747,79.55133084346832,11.367312126955474,14.0,12.200030102498348
0.03421736601334139,77.05427206287688,11.17903207398581,14.0,12.009131135412325
0.0353138611819271,74.63476613943597,10.993778821187645,12.0,11.821219244204666
0.03644549352776552,72.29040565113408,10.811506171041984,12.0,11.636247688851379
0.03761338902136765,70.01885794405919,10.632168661973383,12.0,11.454170460689136
0.03881870971495884,67.81786281133002,10.455721556803844,12.0,11.274942270971389
0.04006265489871692,65.68523024410688,10.282120831377567,12.0,11.098518539603528
0.04134646229406206,63.61883825244338,10.111323163353,12.0,10.92485538405431
0.042671409285185626,61.61663075381101,9.943285921159127,12.0,10.753909608440765
0.044038814190043185,59.676615527195274,9.777967153113037,12.0,10.585638692783975
0.0454500375720767,57.79686223072683,9.615325576695584,12.0,10.42000078243288
0.04690648359397067,55.975500480875596,9.455320567982247,12.0,10.256954677653628
0.04840960141478946,54.21071799129553,9.297912151226136,12.0,10.096459823381814
0.04996088663188596,52.50075876946802,9.14306098859016,12.0,9.938476299135067
0.05156188276901592,50.8439213693495,8.990728370025618,10.0,9.782964809083474
0.05321418281213916,49.23855719828352,8.84087620329411,10.0,9.629886672275395
0.05491943079443554,47.68306887649246,8.693467004130042,10.0,9.47920381301619
0.05667932343211246,46.175908647516415,8.548463886541033,10.0,9.33087875139752
0.058495611812632055,44.715576838016425,8.405830553243149,10.0,9.184874593974833
0.06037010313703756,43.30062036540941,8.265531286228494,10.0,9.041155024590704
0.06230466251811242,41.92963129184917,8.127530937462415,10.0,8.899684295341808
0.06430121483616158,40.601245423113994,7.9917949197074485,10.0,8.760427217687177
0.06636174665426098,39.31414095100624,7.8582891974717075,10.0,8.623349153695656
0.06848830819488143,38.06703713791202,7.726980278078729,10.0,8.488416007430262
0.07068301537985341,36.8586930422118,7.59783520285667,10.0,8.35559421646738
0.07294805193570227,35.68790628327264,7.47082153844387,10.0,8.22485074354866
0.07528567156644912,34.55351184479248,7.345907368208644,10.0,8.09615306836353
0.07769820019603901,33.45438091530494,7.223061283780789,10.0,7.969469179460302
0.08018803828262763,32.38941976469013,7.102252376692276,10.0,7.844767566283848
0.08275766320702961,31.357568655572376,6.9834502301248955,8.0,7.722017211337851
0.08540963173770408,30.35780078852116,6.866624910762654,8.0,7.601187582469722
0.08814658257473112,29.389121280004282,6.751746960746344,8.0,7.482248625276215
0.09097123897530998,28.45056617207534,6.638787389728512,8.0,7.365170755627882
0.09388641146339076,27.541201472809362,6.527717667026228,8.0,7.249924852310511
0.09689500062613693,26.660122226530124,6.418509713869945,8.0,7.13648224978169
0.1,25.80645161290322,6.311135895746094,8.0,7.024814731040727
0.10320449904927861,24.979340073997037,6.205569014831661,8.0,6.91489452061012
0.10651168624012551,24.177964468441683,6.101782302518658,8.0,6.806694277626871
0.10992485221306085,23.401527251843095,5.9997494120266905,8.0,6.700187089041887
0.1134473930571493,22.64925568263507,5.8994444111018725,8.0,6.595346462925786
0.11708281368909704,21.920401052578004,5.800841774800247,8.0,6.492146321879482
0.1208347313406328,21.214237941136734,5.703916378354151,8.0,6.3905609965478405
0.12470687915764175,20.530063492994202,5.608643490119915,8.0,6.29056521923485
0.1287031099146334,19.86719671798044,5.514998764605385,8.0,6.192134117618694
0.13282739984823985,19.2249778127186,5.422958235575853,8.0,6.095243208565161
0.13708385261355807,18.602767503311224,5.332498309237088,8.0,5.999868392037874
0.14147670336727405,17.99994640841106,5.24359575749413,8.0,5.905985945103784
0.14601032298162908,17.415914422040863,5.156227711284863,8.0,5.81357251603249
0.150689222393424,16.85009011554602,5.070371653987067,8.0,5.722605118487871
0.15551805709238664,16.30191015808318,4.986005414898235,6.0,5.633061125810605
0.16050163175336873,15.77082875506629,4.903107162787087,6.0,5.544918265390166
0.1656449050169821,15.256317104009167,4.821655399516155,6.0,5.458154613124863
0.17095299442342976,14.757862867221277,4.741628953734717,6.0,5.372748587968583
0.1764311815044419,14.274969660829896,4.6630069746415765,6.0,5.288678946562857
0.1820849170383826,13.80715655961815,4.585768925817222,6.0,5.205924777952924
0.18791982647375732,13.353957617184076,4.509894579125104,6.0,5.1244654983864555
0.1939417155265149,12.914921400941362,4.4353640086817645,6.0,5.044280846193703
0.2001565759567167,12.489610541496637,4.362157584895806,6.0,4.965350876747727
0.20657059153031834,12.077601295953075,4.2902559685757025,6.0,4.887655957503494
0.2131901441719966,11.678483124703583,4.219640105106627,6.0,4.811176763114606
0.22002182031514395,11.291858281290404,4.15029121869658,6.0,4.73589427062643
0.227072417455348,10.917341414921026,4.082190806692246,6.0,4.661789754744454
0.2343489509138786,10.554559185242812,4.015320633965077,6.0,4.588844783176664
0.24185866081790827,10.203149888991287,3.9496627273683007,6.0,4.5170412120488255
0.24960901930441615,9.862763098138474,3.885199370265581,6.0,4.446361181391481
0.25760773795493985,9.533059309179677,3.8219130971322697,6.0,4.376787110697573
0.265862775468574,9.21370960320794,3.7597866882302267,6.0,4.308301694549585
0.27438234558085023,8.90439531643648,3.6988031643573525,6.0,4.240887898315094
0.28317492523637694,8.60480772083982,3.638945781673068,6.0,4.174528953909689
0.29224926302337206,8.314647714594622,3.58019802660107,6.0,4.109208355626175
0.3016143878784795,8.033625522011155,3.5225436108107946,6.0,4.044909856029062
0.3112796180705329,7.761460402655941,3.46596646627916,6.0,3.981617461913256
0.32125457047220124,7.497880369375645,3.410450740434154,6.0,3.919315430326034
0.331549170128747,7.242621914941127,3.355980791382013,6.0,3.8579882646512274
0.3421736601334139,6.99542974703968,3.302541183219721,6.0,3.7976207107546918
0.353138611819271,6.756056531351997,3.2501166814347027,6.0,3.7381977531900956
0.3644549352776552,6.524262642458762,3.1986922483935523,6.0,3.679704611464065
0.3761338902136763,6.299815922329971,3.148253038921747,6.0,3.6221267363597818
0.38818709714958827,6.08249144615798,3.0987843959763044,6.0,3.565449806318097
0.40062654898716904,5.872071295303134,3.0502718464133256,6.0,3.5096597238752834
0.41346462294062064,5.668344337128132,3.0027010968524355,6.0,3.454742612156518
0.42671409285185624,5.4711060115048875,2.956058029640074,4.0,3.400684811424232
0.44038814190043185,5.280158123784626,2.910328698913575,4.0,3.3474728756804772
0.45450037572076696,5.095308644029019,2.865499326767969,4.0,3.2950935693224532
0.46906483593970666,4.916371512306942,2.8215562995273564,4.0,3.2435338638503626
0.4840960141478949,4.7431664498681,2.7784861641226573,4.0,3.1927809346267884
0.49960886631885937,4.57551877601124,2.736275624577448,4.0,3.1428221576867736
0.5156188276901589,4.413259230470993,2.6949115386035145,4.0,3.0936451065978092
0.5321418281213915,4.2562238011536415,2.6543809143076507,4.0,3.0452375493689696
0.5491943079443554,4.104253557057999,2.6146709070110696,4.0,2.9975874454084015
0.5667932343211246,3.9571944862236434,2.5757688161827033,4.0,2.95068294252842
0.5849561181263205,3.8148973385543914,2.537662082487496,4.0,2.904512373997473
0.6037010313703756,3.6772174733705367,2.500338284950615,4.0,2.8590642556382284
0.6230466251811239,3.5440147115489045,2.4637851382383578,4.0,2.8143272829710773
0.6430121483616155,3.4151531921150133,2.4279904900563176,4.0,2.7702903284023197
0.6636174665426094,3.290501233156988,2.392942318665191,4.0,2.7269424384563674
0.6848830819488142,3.1699311969357606,2.358628730514378,4.0,2.684272831051239
0.7068301537985341,3.0533193590711996,2.3250379579933247,4.0,2.642270892816691
0.7294805193570227,2.9405457816884804,2.292158357300321,4.0,2.600926176454321
0.7528567156644912,2.8314941904137383,2.2599784064282393,4.0,2.5602283981389666
0.77698200196039,2.726051855112508,2.2284867032664373,4.0,2.520167434960774
0.8018803828262767,2.6241094742688564,2.197671963817852,4.0,2.4807333224072874
0.8275766320702956,2.5255610629073093,2.1675230205300116,4.0,2.441916251884942
0.8540963173770403,2.430303843963703,2.1380288207384686,4.0,2.40370656827933
0.8814658257473112,2.338238143015097,2.1091784252209385,4.0,2.3660947675536543
0.9097123897530998,2.2492672862824628,2.0809610068601168,4.0,2.3290714943847513
0.9388641146339076,2.1632975018235703,2.0533658494129723,4.0,2.2926275398361065
0.9689500062613693,2.0802378238368213,2.026382346384038,4.0,2.2567538390672817
1.0,2.0,2.0,4.0,2.221441469079183
