procedure,signal,x,timing_scenario,epsilon,bandwidth,alpha,beta,source_variance_ceilings,observed_variance_ceilings,tolerance,gap,sufficient_n,record_count_units,status,D,E,passing_margin,previous_margin
reflection_AB,0.1,,exact,0.0,pi,0.05,0.05,1;1,1;1,0.0,0.1,27017,per_condition_two_conditions,sufficient_bound,16.304004457695709721,21.764388779272224187,7.6395282545274269258e-7,-1.1017501023428629063e-6
reflection_AB,0.1,,epsilon_0.01,0.01,pi,0.05,0.05,1;1,1;1,0.062831853071795864769,0.037168146928204135231,193633,per_condition_two_conditions,sufficient_bound,16.305344767493450261,21.996167911132677568,9.6227107736578802819e-9,-8.6647223423908473582e-8
reflection_AB,0.1,,half_tolerance,0.0079577471545947667884,pi,0.05,0.05,1;1,1;1,0.05,0.05,107217,per_condition_two_conditions,sufficient_bound,16.304853237988862442,21.948832751977921002,1.2838828480182700364e-7,-1.0574160150741374223e-7
reflection_AB,0.2,,exact,0.0,pi,0.05,0.05,1;1,1;1,0.0,0.2,6876,per_condition_two_conditions,sufficient_bound,16.324312651544548355,21.395500833860830557,9.3088764386460452453e-6,-5.4638617217352565808e-6
reflection_AB,0.2,,epsilon_0.01,0.01,pi,0.05,0.05,1;1,1;1,0.062831853071795864769,0.13716814692820413523,14481,per_condition_two_conditions,sufficient_bound,16.325652961342288895,21.627279965721283938,3.7835030050021581071e-6,-1.0046597702242164789e-6
reflection_AB,0.2,,half_tolerance,0.015915494309189533577,pi,0.05,0.05,1;1,1;1,0.1,0.1,27094,per_condition_two_conditions,sufficient_bound,16.327707374991214463,21.764388779272224187,1.0751895832687529774e-7,-1.7528512359611928085e-6
reflection_AB,0.25,,exact,0.0,pi,0.05,0.05,1;1,1;1,0.0,0.25,4441,per_condition_two_conditions,sufficient_bound,16.339494360052863111,21.211056861155133741,7.6813463737001129303e-6,-0.000021013829905129332452
reflection_AB,0.25,,epsilon_0.01,0.01,pi,0.05,0.05,1;1,1;1,0.062831853071795864769,0.18716814692820413523,7851,per_condition_two_conditions,sufficient_bound,16.340834669850603651,21.442835993015587123,3.2454743088718874704e-6,-8.8510092476891385189e-6
reflection_AB,0.25,,half_tolerance,0.019894367886486916971,pi,0.05,0.05,1;1,1;1,0.125,0.125,17444,per_condition_two_conditions,sufficient_bound,16.344798149544219839,21.672166792919375779,7.7210370693371543448e-7,-2.8467447767049078738e-6
reflection_AB,0.4,,exact,0.0,pi,0.05,0.05,1;1,1;1,0.0,0.4,1785,per_condition_two_conditions,sufficient_bound,16.404801030086041944,20.657724943038043296,0.000025636561136713327973,-0.000089758661205518798031
reflection_AB,0.4,,epsilon_0.01,0.01,pi,0.05,0.05,1;1,1;1,0.062831853071795864769,0.33716814692820413523,2492,per_condition_two_conditions,sufficient_bound,16.406141339883782485,20.889504074898496677,0.00006710836793175127588,-2.2599117600727690265e-6
reflection_AB,0.4,,half_tolerance,0.031830988618379067154,pi,0.05,0.05,1;1,1;1,0.2,0.2,6953,per_condition_two_conditions,sufficient_bound,16.418373567702593423,21.395500833860830557,9.0052639942244634949e-6,-5.6013765421139881483e-6
positivity,0.1,0.525,exact,0.0,pi,0.05,0.05,1;1,1;1,0.0,0.1,6907,one_condition,sufficient_bound,8.1931455764371140856,9.7166662697264817244,1.9853470780321909313e-6,-5.3572622191097734489e-6
positivity,0.1,0.525,epsilon_0.01,0.01,pi,0.05,0.05,1;1,1;1,0.12566370614359172954,-0.025663706143591729539,,one_condition,no_positive_gap,7.8958522651171982905,9.7166662697264817244,,
positivity,0.1,0.525,half_tolerance,0.0039788735772973833942,pi,0.05,0.05,1;1,1;1,0.05,0.05,26454,one_condition,sufficient_bound,8.0723270455682218005,9.7166662697264817244,7.3825699482750382728e-7,-2.1377141130257734706e-7
positivity,0.2,0.55,exact,0.0,pi,0.05,0.05,1;1,1;1,0.0,0.2,1712,one_condition,sufficient_bound,8.0491948438136500737,9.205262781846140581,0.000026852145722956135103,-0.000033184332425680119805
positivity,0.2,0.55,epsilon_0.01,0.01,pi,0.05,0.05,1;1,1;1,0.12566370614359172954,0.074336293856408270461,11122,one_condition,sufficient_bound,7.7519015324937342786,9.205262781846140581,2.6568643439754431541e-7,-3.1139049592303838202e-6
positivity,0.2,0.55,half_tolerance,0.0079577471545947667884,pi,0.05,0.05,1;1,1;1,0.1,0.1,6285,one_condition,sufficient_bound,7.8108571451110833079,9.205262781846140581,2.3762152316151792653e-6,-5.6978398871791104388e-6
positivity,0.25,0.5625,exact,0.0,pi,0.05,0.05,1;1,1;1,0.0,0.25,1092,one_condition,sufficient_bound,7.9856225619017620646,8.9495610379059700093,0.000030262933826866833165,-0.000088139539620188821417
positivity,0.25,0.5625,epsilon_0.01,0.01,pi,0.05,0.05,1;1,1;1,0.12566370614359172954,0.12433629385640827046,3968,one_condition,sufficient_bound,7.6883292505818462695,8.9495610379059700093,0.000012560184946734628752,-3.3969560368791289548e-6
positivity,0.25,0.5625,half_tolerance,0.0099471839432434584856,pi,0.05,0.05,1;1,1;1,0.125,0.125,3928,one_condition,sufficient_bound,7.6898418461460894342,8.9495610379059700093,9.0401207468592032013e-6,-7.1674860400211603169e-6
positivity,0.4,0.6,exact,0.0,pi,0.05,0.05,1;1,1;1,0.0,0.4,425,one_condition,sufficient_bound,7.8327898581786129484,8.1824558060854582942,0.00030785257111439535049,-0.00018714250987235886929
positivity,0.4,0.6,epsilon_0.01,0.01,pi,0.05,0.05,1;1,1;1,0.12566370614359172954,0.27433629385640827046,815,one_condition,sufficient_bound,7.5354965468586971533,8.1824558060854582942,0.00016511956063401887059,-9.6296175987969850236e-6
positivity,0.4,0.6,half_tolerance,0.015915494309189533577,pi,0.05,0.05,1;1,1;1,0.2,0.2,1440,one_condition,sufficient_bound,7.3703542513109857932,8.1824558060854582942,0.000020427273409282261079,-0.000051072036673660381004
