lag,matched_C12,echo_C12,echo_time_order_contrast
-8,-0.018313590817949733,-0.01921923695612579,-0.0005723899516196507
-7,-0.030188204605868577,-0.03168058255886363,-0.0009429702284565571
-6,-0.04974593176650171,-0.0522029508815172,-0.001551372976839438
-5,-0.08190063716718285,-0.08593590814251456,-0.0025428930223366647
-4,-0.13450903251105722,-0.1410918473501277,-0.004125795724054998
-3,-0.21942716130234902,-0.22996567385381364,-0.00650324157613294
-2,-0.3512837517154876,-0.3672483699053823,-0.009381803350824225
-1,-0.5321539396631567,-0.5521539396631567,-0.009461487448535366
0,-0.6666666666666665,-0.6826312848565612,0.0
1,-0.5321539396631567,-0.5426924522146214,0.009461487448535366
2,-0.3512837517154876,-0.35786656655455806,0.009381803350824225
3,-0.219427161302349,-0.2234624322776807,0.00650324157613294
4,-0.13450903251105722,-0.1369660516260727,0.004125795724054998
5,-0.08190063716718285,-0.0833930151201779,0.0025428930223366647
6,-0.0497459317665017,-0.05065157790467776,0.001551372976839438
7,-0.030188204605868577,-0.03073761233040707,0.0009429702284565571
8,-0.018313590817949733,-0.01864684700450614,0.0005723899516196507
