cell,method,edge,component,n,finite_n,missing_n,scope,min,q25,median,q75,max
cycle_null_131072,common,0-1,tail_bias,1000,1000,0,Descriptive Decimal50 formula values. No saved component enclosures.,0.0011468827724456787,0.0011468827724456787,0.0011468827724456787,0.0011468827724456787,0.0011468827724456787
cycle_null_131072,common,0-1,centering,1000,1000,0,Descriptive Decimal50 formula values. No saved component enclosures.,0.000972747802734375,0.000972747802734375,0.000972747802734375,0.000972747802734375,0.000972747802734375
cycle_null_131072,common,0-1,stochastic_sqrt,1000,1000,0,Descriptive Decimal50 formula values. No saved component enclosures.,0.13330765757276677,0.13330765757276677,0.13330765757276677,0.13330765757276677,0.13330765757276677
cycle_null_131072,common,0-1,stochastic_linear,1000,1000,0,Descriptive Decimal50 formula values. No saved component enclosures.,0.0025131892438816465,0.0025131892438816465,0.0025131892438816465,0.0025131892438816465,0.0025131892438816465
cycle_null_131072,common,0-1,recording,1000,1000,0,Descriptive Decimal50 formula values. No saved component enclosures.,1.6074474129413325e-05,1.6134497087683107e-05,1.6153642444524695e-05,1.6169853351589147e-05,1.6230012922975267e-05
cycle_null_131072,common,0-1,total_display,1000,1000,0,Descriptive Decimal50 formula values. No saved component enclosures.,0.1379565518659579,0.13795661188891617,0.137956631034273,0.13795664724518006,0.13795670740475144
cycle_null_131072,common,1-2,tail_bias,1000,1000,0,Descriptive Decimal50 formula values. No saved component enclosures.,0.0011468827724456787,0.0011468827724456787,0.0011468827724456787,0.0011468827724456787,0.0011468827724456787
cycle_null_131072,common,1-2,centering,1000,1000,0,Descriptive Decimal50 formula values. No saved component enclosures.,0.000972747802734375,0.000972747802734375,0.000972747802734375,0.000972747802734375,0.000972747802734375
cycle_null_131072,common,1-2,stochastic_sqrt,1000,1000,0,Descriptive Decimal50 formula values. No saved component enclosures.,0.13330765757276677,0.13330765757276677,0.13330765757276677,0.13330765757276677,0.13330765757276677
cycle_null_131072,common,1-2,stochastic_linear,1000,1000,0,Descriptive Decimal50 formula values. No saved component enclosures.,0.0025131892438816465,0.0025131892438816465,0.0025131892438816465,0.0025131892438816465,0.0025131892438816465
cycle_null_131072,common,1-2,recording,1000,1000,0,Descriptive Decimal50 formula values. No saved component enclosures.,1.5960570576494492e-05,1.6015171149452824e-05,1.6032303402470443e-05,1.60476259937818e-05,1.6100558188414247e-05
cycle_null_131072,common,1-2,total_display,1000,1000,0,Descriptive Decimal50 formula values. No saved component enclosures.,0.13795643796240498,0.13795649256297793,0.13795650969523093,0.13795652501782224,0.1379565779500169
cycle_null_131072,common,2-0,tail_bias,1000,1000,0,Descriptive Decimal50 formula values. No saved component enclosures.,0.0011468827724456787,0.0011468827724456787,0.0011468827724456787,0.0011468827724456787,0.0011468827724456787
cycle_null_131072,common,2-0,centering,1000,1000,0,Descriptive Decimal50 formula values. No saved component enclosures.,0.000972747802734375,0.000972747802734375,0.000972747802734375,0.000972747802734375,0.000972747802734375
cycle_null_131072,common,2-0,stochastic_sqrt,1000,1000,0,Descriptive Decimal50 formula values. No saved component enclosures.,0.13330765757276677,0.13330765757276677,0.13330765757276677,0.13330765757276677,0.13330765757276677
cycle_null_131072,common,2-0,stochastic_linear,1000,1000,0,Descriptive Decimal50 formula values. No saved component enclosures.,0.0025131892438816465,0.0025131892438816465,0.0025131892438816465,0.0025131892438816465,0.0025131892438816465
cycle_null_131072,common,2-0,recording,1000,1000,0,Descriptive Decimal50 formula values. No saved component enclosures.,1.602021574984447e-05,1.6076074956859296e-05,1.609191345971528e-05,1.6108795544953938e-05,1.617197859779153e-05
cycle_null_131072,common,2-0,total_display,1000,1000,0,Descriptive Decimal50 formula values. No saved component enclosures.,0.1379564976075783,0.13795655346678531,0.1379565693052882,0.13795658618737344,0.13795664937042626
cycle_null_131072,diagonal,0-1,tail_bias,1000,1000,0,Descriptive Decimal50 formula values. No saved component enclosures.,0.0011468827724456787,0.0011468827724456787,0.0011468827724456787,0.0011468827724456787,0.0011468827724456787
cycle_null_131072,diagonal,0-1,centering,1000,1000,0,Descriptive Decimal50 formula values. No saved component enclosures.,0.000972747802734375,0.000972747802734375,0.000972747802734375,0.000972747802734375,0.000972747802734375
cycle_null_131072,diagonal,0-1,stochastic_sqrt,1000,1000,0,Descriptive Decimal50 formula values. No saved component enclosures.,0.13330765757276677,0.13330765757276677,0.13330765757276677,0.13330765757276677,0.13330765757276677
cycle_null_131072,diagonal,0-1,stochastic_linear,1000,1000,0,Descriptive Decimal50 formula values. No saved component enclosures.,0.0025131892438816465,0.0025131892438816465,0.0025131892438816465,0.0025131892438816465,0.0025131892438816465
cycle_null_131072,diagonal,0-1,recording,1000,1000,0,Descriptive Decimal50 formula values. No saved component enclosures.,1.6074474129413325e-05,1.6134497087683107e-05,1.6153642444524695e-05,1.6169853351589147e-05,1.6230012922975267e-05
cycle_null_131072,diagonal,0-1,total_display,1000,1000,0,Descriptive Decimal50 formula values. No saved component enclosures.,0.1379565518659579,0.13795661188891617,0.137956631034273,0.13795664724518006,0.13795670740475144
cycle_null_131072,diagonal,1-2,tail_bias,1000,1000,0,Descriptive Decimal50 formula values. No saved component enclosures.,0.0011468827724456787,0.0011468827724456787,0.0011468827724456787,0.0011468827724456787,0.0011468827724456787
cycle_null_131072,diagonal,1-2,centering,1000,1000,0,Descriptive Decimal50 formula values. No saved component enclosures.,0.000972747802734375,0.000972747802734375,0.000972747802734375,0.000972747802734375,0.000972747802734375
cycle_null_131072,diagonal,1-2,stochastic_sqrt,1000,1000,0,Descriptive Decimal50 formula values. No saved component enclosures.,0.13330765757276677,0.13330765757276677,0.13330765757276677,0.13330765757276677,0.13330765757276677
cycle_null_131072,diagonal,1-2,stochastic_linear,1000,1000,0,Descriptive Decimal50 formula values. No saved component enclosures.,0.0025131892438816465,0.0025131892438816465,0.0025131892438816465,0.0025131892438816465,0.0025131892438816465
cycle_null_131072,diagonal,1-2,recording,1000,1000,0,Descriptive Decimal50 formula values. No saved component enclosures.,1.5960570576494492e-05,1.6015171149452824e-05,1.6032303402470443e-05,1.60476259937818e-05,1.6100558188414247e-05
cycle_null_131072,diagonal,1-2,total_display,1000,1000,0,Descriptive Decimal50 formula values. No saved component enclosures.,0.13795643796240498,0.13795649256297793,0.13795650969523093,0.13795652501782224,0.1379565779500169
cycle_null_131072,diagonal,2-0,tail_bias,1000,1000,0,Descriptive Decimal50 formula values. No saved component enclosures.,0.0011468827724456787,0.0011468827724456787,0.0011468827724456787,0.0011468827724456787,0.0011468827724456787
cycle_null_131072,diagonal,2-0,centering,1000,1000,0,Descriptive Decimal50 formula values. No saved component enclosures.,0.000972747802734375,0.000972747802734375,0.000972747802734375,0.000972747802734375,0.000972747802734375
cycle_null_131072,diagonal,2-0,stochastic_sqrt,1000,1000,0,Descriptive Decimal50 formula values. No saved component enclosures.,0.13330765757276677,0.13330765757276677,0.13330765757276677,0.13330765757276677,0.13330765757276677
cycle_null_131072,diagonal,2-0,stochastic_linear,1000,1000,0,Descriptive Decimal50 formula values. No saved component enclosures.,0.0025131892438816465,0.0025131892438816465,0.0025131892438816465,0.0025131892438816465,0.0025131892438816465
cycle_null_131072,diagonal,2-0,recording,1000,1000,0,Descriptive Decimal50 formula values. No saved component enclosures.,1.602021574984447e-05,1.6076074956859296e-05,1.609191345971528e-05,1.6108795544953938e-05,1.617197859779153e-05
cycle_null_131072,diagonal,2-0,total_display,1000,1000,0,Descriptive Decimal50 formula values. No saved component enclosures.,0.1379564976075783,0.13795655346678531,0.1379565693052882,0.13795658618737344,0.13795664937042626
cycle_null_131072,combined_frequencies,0-1,tail_bias,1000,1000,0,Descriptive Decimal50 formula values. No saved component enclosures.,0.0011468827724456787,0.0011468827724456787,0.0011468827724456787,0.0011468827724456787,0.0011468827724456787
cycle_null_131072,combined_frequencies,0-1,centering,1000,1000,0,Descriptive Decimal50 formula values. No saved component enclosures.,0.000972747802734375,0.000972747802734375,0.000972747802734375,0.000972747802734375,0.000972747802734375
cycle_null_131072,combined_frequencies,0-1,stochastic_sqrt,1000,1000,0,Descriptive Decimal50 formula values. No saved component enclosures.,0.1414865937951087,0.1414865937951087,0.1414865937951087,0.1414865937951087,0.1414865937951087
cycle_null_131072,combined_frequencies,0-1,stochastic_linear,1000,1000,0,Descriptive Decimal50 formula values. No saved component enclosures.,0.0028310372289388156,0.0028310372289388156,0.0028310372289388156,0.0028310372289388156,0.0028310372289388156
cycle_null_131072,combined_frequencies,0-1,recording,1000,1000,0,Descriptive Decimal50 formula values. No saved component enclosures.,1.6074474129413325e-05,1.6134497087683107e-05,1.6153642444524695e-05,1.6169853351589147e-05,1.6230012922975267e-05
cycle_null_131072,combined_frequencies,0-1,total_display,1000,1000,0,Descriptive Decimal50 formula values. No saved component enclosures.,0.14645333607335698,0.14645339609631525,0.1464534152416721,0.14645343145257916,0.14645349161215054
cycle_null_131072,combined_frequencies,1-2,tail_bias,1000,1000,0,Descriptive Decimal50 formula values. No saved component enclosures.,0.0011468827724456787,0.0011468827724456787,0.0011468827724456787,0.0011468827724456787,0.0011468827724456787
cycle_null_131072,combined_frequencies,1-2,centering,1000,1000,0,Descriptive Decimal50 formula values. No saved component enclosures.,0.000972747802734375,0.000972747802734375,0.000972747802734375,0.000972747802734375,0.000972747802734375
cycle_null_131072,combined_frequencies,1-2,stochastic_sqrt,1000,1000,0,Descriptive Decimal50 formula values. No saved component enclosures.,0.1414865937951087,0.1414865937951087,0.1414865937951087,0.1414865937951087,0.1414865937951087
cycle_null_131072,combined_frequencies,1-2,stochastic_linear,1000,1000,0,Descriptive Decimal50 formula values. No saved component enclosures.,0.0028310372289388156,0.0028310372289388156,0.0028310372289388156,0.0028310372289388156,0.0028310372289388156
cycle_null_131072,combined_frequencies,1-2,recording,1000,1000,0,Descriptive Decimal50 formula values. No saved component enclosures.,1.5960570576494492e-05,1.6015171149452824e-05,1.6032303402470443e-05,1.60476259937818e-05,1.6100558188414247e-05
cycle_null_131072,combined_frequencies,1-2,total_display,1000,1000,0,Descriptive Decimal50 formula values. No saved component enclosures.,0.14645322216980405,0.146453276770377,0.14645329390263004,0.14645330922522135,0.14645336215741597
cycle_null_131072,combined_frequencies,2-0,tail_bias,1000,1000,0,Descriptive Decimal50 formula values. No saved component enclosures.,0.0011468827724456787,0.0011468827724456787,0.0011468827724456787,0.0011468827724456787,0.0011468827724456787
cycle_null_131072,combined_frequencies,2-0,centering,1000,1000,0,Descriptive Decimal50 formula values. No saved component enclosures.,0.000972747802734375,0.000972747802734375,0.000972747802734375,0.000972747802734375,0.000972747802734375
cycle_null_131072,combined_frequencies,2-0,stochastic_sqrt,1000,1000,0,Descriptive Decimal50 formula values. No saved component enclosures.,0.1414865937951087,0.1414865937951087,0.1414865937951087,0.1414865937951087,0.1414865937951087
cycle_null_131072,combined_frequencies,2-0,stochastic_linear,1000,1000,0,Descriptive Decimal50 formula values. No saved component enclosures.,0.0028310372289388156,0.0028310372289388156,0.0028310372289388156,0.0028310372289388156,0.0028310372289388156
cycle_null_131072,combined_frequencies,2-0,recording,1000,1000,0,Descriptive Decimal50 formula values. No saved component enclosures.,1.602021574984447e-05,1.6076074956859296e-05,1.609191345971528e-05,1.6108795544953938e-05,1.617197859779153e-05
cycle_null_131072,combined_frequencies,2-0,total_display,1000,1000,0,Descriptive Decimal50 formula values. No saved component enclosures.,0.1464532818149774,0.1464533376741844,0.1464533535126873,0.14645337039477252,0.14645343357782534
cycle_rotating_131072,common,0-1,tail_bias,200,200,0,Descriptive Decimal50 formula values. No saved component enclosures.,0.0011468827724456787,0.0011468827724456787,0.0011468827724456787,0.0011468827724456787,0.0011468827724456787
cycle_rotating_131072,common,0-1,centering,200,200,0,Descriptive Decimal50 formula values. No saved component enclosures.,0.000972747802734375,0.000972747802734375,0.000972747802734375,0.000972747802734375,0.000972747802734375
cycle_rotating_131072,common,0-1,stochastic_sqrt,200,200,0,Descriptive Decimal50 formula values. No saved component enclosures.,0.13330765757276677,0.13330765757276677,0.13330765757276677,0.13330765757276677,0.13330765757276677
cycle_rotating_131072,common,0-1,stochastic_linear,200,200,0,Descriptive Decimal50 formula values. No saved component enclosures.,0.0025131892438816465,0.0025131892438816465,0.0025131892438816465,0.0025131892438816465,0.0025131892438816465
cycle_rotating_131072,common,0-1,recording,200,200,0,Descriptive Decimal50 formula values. No saved component enclosures.,1.605930821913204e-05,1.6122932705487903e-05,1.6137596599605867e-05,1.6152387337336247e-05,1.6199307093900844e-05
cycle_rotating_131072,common,0-1,total_display,200,200,0,Descriptive Decimal50 formula values. No saved component enclosures.,0.1379565367000476,0.13795660032453394,0.1379566149884281,0.1379566297791658,0.13795667669892236
cycle_rotating_131072,common,1-2,tail_bias,200,200,0,Descriptive Decimal50 formula values. No saved component enclosures.,0.0011468827724456787,0.0011468827724456787,0.0011468827724456787,0.0011468827724456787,0.0011468827724456787
cycle_rotating_131072,common,1-2,centering,200,200,0,Descriptive Decimal50 formula values. No saved component enclosures.,0.000972747802734375,0.000972747802734375,0.000972747802734375,0.000972747802734375,0.000972747802734375
cycle_rotating_131072,common,1-2,stochastic_sqrt,200,200,0,Descriptive Decimal50 formula values. No saved component enclosures.,0.13330765757276677,0.13330765757276677,0.13330765757276677,0.13330765757276677,0.13330765757276677
cycle_rotating_131072,common,1-2,stochastic_linear,200,200,0,Descriptive Decimal50 formula values. No saved component enclosures.,0.0025131892438816465,0.0025131892438816465,0.0025131892438816465,0.0025131892438816465,0.0025131892438816465
cycle_rotating_131072,common,1-2,recording,200,200,0,Descriptive Decimal50 formula values. No saved component enclosures.,1.5926038845891113e-05,1.5972792360737365e-05,1.598857533688162e-05,1.600378505121572e-05,1.605890100772142e-05
cycle_rotating_131072,common,1-2,total_display,200,200,0,Descriptive Decimal50 formula values. No saved component enclosures.,0.13795640343067436,0.1379564501841892,0.13795646596716535,0.13795648117687967,0.1379565362928362
cycle_rotating_131072,common,2-0,tail_bias,200,200,0,Descriptive Decimal50 formula values. No saved component enclosures.,0.0011468827724456787,0.0011468827724456787,0.0011468827724456787,0.0011468827724456787,0.0011468827724456787
cycle_rotating_131072,common,2-0,centering,200,200,0,Descriptive Decimal50 formula values. No saved component enclosures.,0.000972747802734375,0.000972747802734375,0.000972747802734375,0.000972747802734375,0.000972747802734375
cycle_rotating_131072,common,2-0,stochastic_sqrt,200,200,0,Descriptive Decimal50 formula values. No saved component enclosures.,0.13330765757276677,0.13330765757276677,0.13330765757276677,0.13330765757276677,0.13330765757276677
cycle_rotating_131072,common,2-0,stochastic_linear,200,200,0,Descriptive Decimal50 formula values. No saved component enclosures.,0.0025131892438816465,0.0025131892438816465,0.0025131892438816465,0.0025131892438816465,0.0025131892438816465
cycle_rotating_131072,common,2-0,recording,200,200,0,Descriptive Decimal50 formula values. No saved component enclosures.,1.600665599368425e-05,1.6046517722133666e-05,1.6062721144245468e-05,1.607607950301075e-05,1.6128236664707057e-05
cycle_rotating_131072,common,2-0,total_display,200,200,0,Descriptive Decimal50 formula values. No saved component enclosures.,0.13795648404782215,0.1379565239095506,0.1379565401129727,0.13795655347133148,0.13795660562849318
cycle_rotating_131072,diagonal,0-1,tail_bias,200,200,0,Descriptive Decimal50 formula values. No saved component enclosures.,0.0011468827724456787,0.0011468827724456787,0.0011468827724456787,0.0011468827724456787,0.0011468827724456787
cycle_rotating_131072,diagonal,0-1,centering,200,200,0,Descriptive Decimal50 formula values. No saved component enclosures.,0.000972747802734375,0.000972747802734375,0.000972747802734375,0.000972747802734375,0.000972747802734375
cycle_rotating_131072,diagonal,0-1,stochastic_sqrt,200,200,0,Descriptive Decimal50 formula values. No saved component enclosures.,0.13330765757276677,0.13330765757276677,0.13330765757276677,0.13330765757276677,0.13330765757276677
cycle_rotating_131072,diagonal,0-1,stochastic_linear,200,200,0,Descriptive Decimal50 formula values. No saved component enclosures.,0.0025131892438816465,0.0025131892438816465,0.0025131892438816465,0.0025131892438816465,0.0025131892438816465
cycle_rotating_131072,diagonal,0-1,recording,200,200,0,Descriptive Decimal50 formula values. No saved component enclosures.,1.605930821913204e-05,1.6122932705487903e-05,1.6137596599605867e-05,1.6152387337336247e-05,1.6199307093900844e-05
cycle_rotating_131072,diagonal,0-1,total_display,200,200,0,Descriptive Decimal50 formula values. No saved component enclosures.,0.1379565367000476,0.13795660032453394,0.1379566149884281,0.1379566297791658,0.13795667669892236
cycle_rotating_131072,diagonal,1-2,tail_bias,200,200,0,Descriptive Decimal50 formula values. No saved component enclosures.,0.0011468827724456787,0.0011468827724456787,0.0011468827724456787,0.0011468827724456787,0.0011468827724456787
cycle_rotating_131072,diagonal,1-2,centering,200,200,0,Descriptive Decimal50 formula values. No saved component enclosures.,0.000972747802734375,0.000972747802734375,0.000972747802734375,0.000972747802734375,0.000972747802734375
cycle_rotating_131072,diagonal,1-2,stochastic_sqrt,200,200,0,Descriptive Decimal50 formula values. No saved component enclosures.,0.13330765757276677,0.13330765757276677,0.13330765757276677,0.13330765757276677,0.13330765757276677
cycle_rotating_131072,diagonal,1-2,stochastic_linear,200,200,0,Descriptive Decimal50 formula values. No saved component enclosures.,0.0025131892438816465,0.0025131892438816465,0.0025131892438816465,0.0025131892438816465,0.0025131892438816465
cycle_rotating_131072,diagonal,1-2,recording,200,200,0,Descriptive Decimal50 formula values. No saved component enclosures.,1.5926038845891113e-05,1.5972792360737365e-05,1.598857533688162e-05,1.600378505121572e-05,1.605890100772142e-05
cycle_rotating_131072,diagonal,1-2,total_display,200,200,0,Descriptive Decimal50 formula values. No saved component enclosures.,0.13795640343067436,0.1379564501841892,0.13795646596716535,0.13795648117687967,0.1379565362928362
cycle_rotating_131072,diagonal,2-0,tail_bias,200,200,0,Descriptive Decimal50 formula values. No saved component enclosures.,0.0011468827724456787,0.0011468827724456787,0.0011468827724456787,0.0011468827724456787,0.0011468827724456787
cycle_rotating_131072,diagonal,2-0,centering,200,200,0,Descriptive Decimal50 formula values. No saved component enclosures.,0.000972747802734375,0.000972747802734375,0.000972747802734375,0.000972747802734375,0.000972747802734375
cycle_rotating_131072,diagonal,2-0,stochastic_sqrt,200,200,0,Descriptive Decimal50 formula values. No saved component enclosures.,0.13330765757276677,0.13330765757276677,0.13330765757276677,0.13330765757276677,0.13330765757276677
cycle_rotating_131072,diagonal,2-0,stochastic_linear,200,200,0,Descriptive Decimal50 formula values. No saved component enclosures.,0.0025131892438816465,0.0025131892438816465,0.0025131892438816465,0.0025131892438816465,0.0025131892438816465
cycle_rotating_131072,diagonal,2-0,recording,200,200,0,Descriptive Decimal50 formula values. No saved component enclosures.,1.600665599368425e-05,1.6046517722133666e-05,1.6062721144245468e-05,1.607607950301075e-05,1.6128236664707057e-05
cycle_rotating_131072,diagonal,2-0,total_display,200,200,0,Descriptive Decimal50 formula values. No saved component enclosures.,0.13795648404782215,0.1379565239095506,0.1379565401129727,0.13795655347133148,0.13795660562849318
cycle_rotating_131072,combined_frequencies,0-1,tail_bias,200,200,0,Descriptive Decimal50 formula values. No saved component enclosures.,0.0011468827724456787,0.0011468827724456787,0.0011468827724456787,0.0011468827724456787,0.0011468827724456787
cycle_rotating_131072,combined_frequencies,0-1,centering,200,200,0,Descriptive Decimal50 formula values. No saved component enclosures.,0.000972747802734375,0.000972747802734375,0.000972747802734375,0.000972747802734375,0.000972747802734375
cycle_rotating_131072,combined_frequencies,0-1,stochastic_sqrt,200,200,0,Descriptive Decimal50 formula values. No saved component enclosures.,0.1414865937951087,0.1414865937951087,0.1414865937951087,0.1414865937951087,0.1414865937951087
cycle_rotating_131072,combined_frequencies,0-1,stochastic_linear,200,200,0,Descriptive Decimal50 formula values. No saved component enclosures.,0.0028310372289388156,0.0028310372289388156,0.0028310372289388156,0.0028310372289388156,0.0028310372289388156
cycle_rotating_131072,combined_frequencies,0-1,recording,200,200,0,Descriptive Decimal50 formula values. No saved component enclosures.,1.605930821913204e-05,1.6122932705487903e-05,1.6137596599605867e-05,1.6152387337336247e-05,1.6199307093900844e-05
cycle_rotating_131072,combined_frequencies,0-1,total_display,200,200,0,Descriptive Decimal50 formula values. No saved component enclosures.,0.1464533209074467,0.14645338453193305,0.14645339919582717,0.1464534139865649,0.14645346090632147
cycle_rotating_131072,combined_frequencies,1-2,tail_bias,200,200,0,Descriptive Decimal50 formula values. No saved component enclosures.,0.0011468827724456787,0.0011468827724456787,0.0011468827724456787,0.0011468827724456787,0.0011468827724456787
cycle_rotating_131072,combined_frequencies,1-2,centering,200,200,0,Descriptive Decimal50 formula values. No saved component enclosures.,0.000972747802734375,0.000972747802734375,0.000972747802734375,0.000972747802734375,0.000972747802734375
cycle_rotating_131072,combined_frequencies,1-2,stochastic_sqrt,200,200,0,Descriptive Decimal50 formula values. No saved component enclosures.,0.1414865937951087,0.1414865937951087,0.1414865937951087,0.1414865937951087,0.1414865937951087
cycle_rotating_131072,combined_frequencies,1-2,stochastic_linear,200,200,0,Descriptive Decimal50 formula values. No saved component enclosures.,0.0028310372289388156,0.0028310372289388156,0.0028310372289388156,0.0028310372289388156,0.0028310372289388156
cycle_rotating_131072,combined_frequencies,1-2,recording,200,200,0,Descriptive Decimal50 formula values. No saved component enclosures.,1.5926038845891113e-05,1.5972792360737365e-05,1.598857533688162e-05,1.600378505121572e-05,1.605890100772142e-05
cycle_rotating_131072,combined_frequencies,1-2,total_display,200,200,0,Descriptive Decimal50 formula values. No saved component enclosures.,0.14645318763807344,0.1464532343915883,0.14645325017456445,0.14645326538427877,0.14645332050023527
cycle_rotating_131072,combined_frequencies,2-0,tail_bias,200,200,0,Descriptive Decimal50 formula values. No saved component enclosures.,0.0011468827724456787,0.0011468827724456787,0.0011468827724456787,0.0011468827724456787,0.0011468827724456787
cycle_rotating_131072,combined_frequencies,2-0,centering,200,200,0,Descriptive Decimal50 formula values. No saved component enclosures.,0.000972747802734375,0.000972747802734375,0.000972747802734375,0.000972747802734375,0.000972747802734375
cycle_rotating_131072,combined_frequencies,2-0,stochastic_sqrt,200,200,0,Descriptive Decimal50 formula values. No saved component enclosures.,0.1414865937951087,0.1414865937951087,0.1414865937951087,0.1414865937951087,0.1414865937951087
cycle_rotating_131072,combined_frequencies,2-0,stochastic_linear,200,200,0,Descriptive Decimal50 formula values. No saved component enclosures.,0.0028310372289388156,0.0028310372289388156,0.0028310372289388156,0.0028310372289388156,0.0028310372289388156
cycle_rotating_131072,combined_frequencies,2-0,recording,200,200,0,Descriptive Decimal50 formula values. No saved component enclosures.,1.600665599368425e-05,1.6046517722133666e-05,1.6062721144245468e-05,1.607607950301075e-05,1.6128236664707057e-05
cycle_rotating_131072,combined_frequencies,2-0,total_display,200,200,0,Descriptive Decimal50 formula values. No saved component enclosures.,0.14645326825522123,0.1464533081169497,0.14645332432037178,0.1464533376787306,0.14645338983589226
cycle_identity_null,common,0-1,tail_bias,400,400,0,Descriptive Decimal50 formula values. No saved component enclosures.,1.5894504031166434e-05,1.5894504031166434e-05,1.5894504031166434e-05,1.5894504031166434e-05,1.5894504031166434e-05
cycle_identity_null,common,0-1,centering,400,400,0,Descriptive Decimal50 formula values. No saved component enclosures.,6.079673767089844e-05,6.079673767089844e-05,6.079673767089844e-05,6.079673767089844e-05,6.079673767089844e-05
cycle_identity_null,common,0-1,stochastic_sqrt,400,400,0,Descriptive Decimal50 formula values. No saved component enclosures.,0.033326914393191694,0.033326914393191694,0.033326914393191694,0.033326914393191694,0.033326914393191694
cycle_identity_null,common,0-1,stochastic_linear,400,400,0,Descriptive Decimal50 formula values. No saved component enclosures.,0.0001570743277426029,0.0001570743277426029,0.0001570743277426029,0.0001570743277426029,0.0001570743277426029
cycle_identity_null,common,0-1,recording,400,400,0,Descriptive Decimal50 formula values. No saved component enclosures.,1.6193291709969804e-05,1.6208175706817102e-05,1.6212721938092278e-05,1.621693916664822e-05,1.6234925315346813e-05
cycle_identity_null,common,0-1,total_display,400,400,0,Descriptive Decimal50 formula values. No saved component enclosures.,0.03357687325434633,0.03357688813834318,0.03357689268457445,0.03357689690180301,0.033576914887951705
cycle_identity_null,common,1-2,tail_bias,400,400,0,Descriptive Decimal50 formula values. No saved component enclosures.,1.5894504031166434e-05,1.5894504031166434e-05,1.5894504031166434e-05,1.5894504031166434e-05,1.5894504031166434e-05
cycle_identity_null,common,1-2,centering,400,400,0,Descriptive Decimal50 formula values. No saved component enclosures.,6.079673767089844e-05,6.079673767089844e-05,6.079673767089844e-05,6.079673767089844e-05,6.079673767089844e-05
cycle_identity_null,common,1-2,stochastic_sqrt,400,400,0,Descriptive Decimal50 formula values. No saved component enclosures.,0.033326914393191694,0.033326914393191694,0.033326914393191694,0.033326914393191694,0.033326914393191694
cycle_identity_null,common,1-2,stochastic_linear,400,400,0,Descriptive Decimal50 formula values. No saved component enclosures.,0.0001570743277426029,0.0001570743277426029,0.0001570743277426029,0.0001570743277426029,0.0001570743277426029
cycle_identity_null,common,1-2,recording,400,400,0,Descriptive Decimal50 formula values. No saved component enclosures.,1.6193484423816682e-05,1.620892828752586e-05,1.6212942054883005e-05,1.6217120465227763e-05,1.62290070115114e-05
cycle_identity_null,common,1-2,total_display,400,400,0,Descriptive Decimal50 formula values. No saved component enclosures.,0.03357687344706018,0.03357688889092389,0.03357689290469124,0.03357689708310159,0.03357690896964787
cycle_identity_null,common,2-0,tail_bias,400,400,0,Descriptive Decimal50 formula values. No saved component enclosures.,1.5894504031166434e-05,1.5894504031166434e-05,1.5894504031166434e-05,1.5894504031166434e-05,1.5894504031166434e-05
cycle_identity_null,common,2-0,centering,400,400,0,Descriptive Decimal50 formula values. No saved component enclosures.,6.079673767089844e-05,6.079673767089844e-05,6.079673767089844e-05,6.079673767089844e-05,6.079673767089844e-05
cycle_identity_null,common,2-0,stochastic_sqrt,400,400,0,Descriptive Decimal50 formula values. No saved component enclosures.,0.033326914393191694,0.033326914393191694,0.033326914393191694,0.033326914393191694,0.033326914393191694
cycle_identity_null,common,2-0,stochastic_linear,400,400,0,Descriptive Decimal50 formula values. No saved component enclosures.,0.0001570743277426029,0.0001570743277426029,0.0001570743277426029,0.0001570743277426029,0.0001570743277426029
cycle_identity_null,common,2-0,recording,400,400,0,Descriptive Decimal50 formula values. No saved component enclosures.,1.6192853686903036e-05,1.6208513262151803e-05,1.6213088735895255e-05,1.6216911283205483e-05,1.623171549108555e-05
cycle_identity_null,common,2-0,total_display,400,400,0,Descriptive Decimal50 formula values. No saved component enclosures.,0.03357687281632327,0.033576888475898514,0.03357689305137225,0.03357689687391957,0.033576911678127444
cycle_identity_null,diagonal,0-1,tail_bias,400,400,0,Descriptive Decimal50 formula values. No saved component enclosures.,1.5894504031166434e-05,1.5894504031166434e-05,1.5894504031166434e-05,1.5894504031166434e-05,1.5894504031166434e-05
cycle_identity_null,diagonal,0-1,centering,400,400,0,Descriptive Decimal50 formula values. No saved component enclosures.,6.079673767089844e-05,6.079673767089844e-05,6.079673767089844e-05,6.079673767089844e-05,6.079673767089844e-05
cycle_identity_null,diagonal,0-1,stochastic_sqrt,400,400,0,Descriptive Decimal50 formula values. No saved component enclosures.,0.033326914393191694,0.033326914393191694,0.033326914393191694,0.033326914393191694,0.033326914393191694
cycle_identity_null,diagonal,0-1,stochastic_linear,400,400,0,Descriptive Decimal50 formula values. No saved component enclosures.,0.0001570743277426029,0.0001570743277426029,0.0001570743277426029,0.0001570743277426029,0.0001570743277426029
cycle_identity_null,diagonal,0-1,recording,400,400,0,Descriptive Decimal50 formula values. No saved component enclosures.,1.6193291709969804e-05,1.6208175706817102e-05,1.6212721938092278e-05,1.621693916664822e-05,1.6234925315346813e-05
cycle_identity_null,diagonal,0-1,total_display,400,400,0,Descriptive Decimal50 formula values. No saved component enclosures.,0.03357687325434633,0.03357688813834318,0.03357689268457445,0.03357689690180301,0.033576914887951705
cycle_identity_null,diagonal,1-2,tail_bias,400,400,0,Descriptive Decimal50 formula values. No saved component enclosures.,1.5894504031166434e-05,1.5894504031166434e-05,1.5894504031166434e-05,1.5894504031166434e-05,1.5894504031166434e-05
cycle_identity_null,diagonal,1-2,centering,400,400,0,Descriptive Decimal50 formula values. No saved component enclosures.,6.079673767089844e-05,6.079673767089844e-05,6.079673767089844e-05,6.079673767089844e-05,6.079673767089844e-05
cycle_identity_null,diagonal,1-2,stochastic_sqrt,400,400,0,Descriptive Decimal50 formula values. No saved component enclosures.,0.033326914393191694,0.033326914393191694,0.033326914393191694,0.033326914393191694,0.033326914393191694
cycle_identity_null,diagonal,1-2,stochastic_linear,400,400,0,Descriptive Decimal50 formula values. No saved component enclosures.,0.0001570743277426029,0.0001570743277426029,0.0001570743277426029,0.0001570743277426029,0.0001570743277426029
cycle_identity_null,diagonal,1-2,recording,400,400,0,Descriptive Decimal50 formula values. No saved component enclosures.,1.6193484423816682e-05,1.620892828752586e-05,1.6212942054883005e-05,1.6217120465227763e-05,1.62290070115114e-05
cycle_identity_null,diagonal,1-2,total_display,400,400,0,Descriptive Decimal50 formula values. No saved component enclosures.,0.03357687344706018,0.03357688889092389,0.03357689290469124,0.03357689708310159,0.03357690896964787
cycle_identity_null,diagonal,2-0,tail_bias,400,400,0,Descriptive Decimal50 formula values. No saved component enclosures.,1.5894504031166434e-05,1.5894504031166434e-05,1.5894504031166434e-05,1.5894504031166434e-05,1.5894504031166434e-05
cycle_identity_null,diagonal,2-0,centering,400,400,0,Descriptive Decimal50 formula values. No saved component enclosures.,6.079673767089844e-05,6.079673767089844e-05,6.079673767089844e-05,6.079673767089844e-05,6.079673767089844e-05
cycle_identity_null,diagonal,2-0,stochastic_sqrt,400,400,0,Descriptive Decimal50 formula values. No saved component enclosures.,0.033326914393191694,0.033326914393191694,0.033326914393191694,0.033326914393191694,0.033326914393191694
cycle_identity_null,diagonal,2-0,stochastic_linear,400,400,0,Descriptive Decimal50 formula values. No saved component enclosures.,0.0001570743277426029,0.0001570743277426029,0.0001570743277426029,0.0001570743277426029,0.0001570743277426029
cycle_identity_null,diagonal,2-0,recording,400,400,0,Descriptive Decimal50 formula values. No saved component enclosures.,1.6192853686903036e-05,1.6208513262151803e-05,1.6213088735895255e-05,1.6216911283205483e-05,1.623171549108555e-05
cycle_identity_null,diagonal,2-0,total_display,400,400,0,Descriptive Decimal50 formula values. No saved component enclosures.,0.03357687281632327,0.033576888475898514,0.03357689305137225,0.03357689687391957,0.033576911678127444
cycle_identity_null,combined_frequencies,0-1,tail_bias,400,400,0,Descriptive Decimal50 formula values. No saved component enclosures.,1.5894504031166434e-05,1.5894504031166434e-05,1.5894504031166434e-05,1.5894504031166434e-05,1.5894504031166434e-05
cycle_identity_null,combined_frequencies,0-1,centering,400,400,0,Descriptive Decimal50 formula values. No saved component enclosures.,6.079673767089844e-05,6.079673767089844e-05,6.079673767089844e-05,6.079673767089844e-05,6.079673767089844e-05
cycle_identity_null,combined_frequencies,0-1,stochastic_sqrt,400,400,0,Descriptive Decimal50 formula values. No saved component enclosures.,0.035371648448777174,0.035371648448777174,0.035371648448777174,0.035371648448777174,0.035371648448777174
cycle_identity_null,combined_frequencies,0-1,stochastic_linear,400,400,0,Descriptive Decimal50 formula values. No saved component enclosures.,0.00017693982680867598,0.00017693982680867598,0.00017693982680867598,0.00017693982680867598,0.00017693982680867598
cycle_identity_null,combined_frequencies,0-1,recording,400,400,0,Descriptive Decimal50 formula values. No saved component enclosures.,1.6193291709969804e-05,1.6208175706817102e-05,1.6212721938092278e-05,1.621693916664822e-05,1.6234925315346813e-05
cycle_identity_null,combined_frequencies,0-1,total_display,400,400,0,Descriptive Decimal50 formula values. No saved component enclosures.,0.03564147280899788,0.03564148769299473,0.035641492239226004,0.03564149645645456,0.03564151444260326
cycle_identity_null,combined_frequencies,1-2,tail_bias,400,400,0,Descriptive Decimal50 formula values. No saved component enclosures.,1.5894504031166434e-05,1.5894504031166434e-05,1.5894504031166434e-05,1.5894504031166434e-05,1.5894504031166434e-05
cycle_identity_null,combined_frequencies,1-2,centering,400,400,0,Descriptive Decimal50 formula values. No saved component enclosures.,6.079673767089844e-05,6.079673767089844e-05,6.079673767089844e-05,6.079673767089844e-05,6.079673767089844e-05
cycle_identity_null,combined_frequencies,1-2,stochastic_sqrt,400,400,0,Descriptive Decimal50 formula values. No saved component enclosures.,0.035371648448777174,0.035371648448777174,0.035371648448777174,0.035371648448777174,0.035371648448777174
cycle_identity_null,combined_frequencies,1-2,stochastic_linear,400,400,0,Descriptive Decimal50 formula values. No saved component enclosures.,0.00017693982680867598,0.00017693982680867598,0.00017693982680867598,0.00017693982680867598,0.00017693982680867598
cycle_identity_null,combined_frequencies,1-2,recording,400,400,0,Descriptive Decimal50 formula values. No saved component enclosures.,1.6193484423816682e-05,1.620892828752586e-05,1.6212942054883005e-05,1.6217120465227763e-05,1.62290070115114e-05
cycle_identity_null,combined_frequencies,1-2,total_display,400,400,0,Descriptive Decimal50 formula values. No saved component enclosures.,0.03564147300171173,0.03564148844557544,0.0356414924593428,0.035641496637753144,0.035641508524299426
cycle_identity_null,combined_frequencies,2-0,tail_bias,400,400,0,Descriptive Decimal50 formula values. No saved component enclosures.,1.5894504031166434e-05,1.5894504031166434e-05,1.5894504031166434e-05,1.5894504031166434e-05,1.5894504031166434e-05
cycle_identity_null,combined_frequencies,2-0,centering,400,400,0,Descriptive Decimal50 formula values. No saved component enclosures.,6.079673767089844e-05,6.079673767089844e-05,6.079673767089844e-05,6.079673767089844e-05,6.079673767089844e-05
cycle_identity_null,combined_frequencies,2-0,stochastic_sqrt,400,400,0,Descriptive Decimal50 formula values. No saved component enclosures.,0.035371648448777174,0.035371648448777174,0.035371648448777174,0.035371648448777174,0.035371648448777174
cycle_identity_null,combined_frequencies,2-0,stochastic_linear,400,400,0,Descriptive Decimal50 formula values. No saved component enclosures.,0.00017693982680867598,0.00017693982680867598,0.00017693982680867598,0.00017693982680867598,0.00017693982680867598
cycle_identity_null,combined_frequencies,2-0,recording,400,400,0,Descriptive Decimal50 formula values. No saved component enclosures.,1.6192853686903036e-05,1.6208513262151803e-05,1.6213088735895255e-05,1.6216911283205483e-05,1.623171549108555e-05
cycle_identity_null,combined_frequencies,2-0,total_display,400,400,0,Descriptive Decimal50 formula values. No saved component enclosures.,0.035641472370974814,0.03564148803055006,0.03564149260602381,0.03564149642857112,0.035641511232779
cycle_identity_rotating,common,0-1,tail_bias,200,200,0,Descriptive Decimal50 formula values. No saved component enclosures.,1.5894504031166434e-05,1.5894504031166434e-05,1.5894504031166434e-05,1.5894504031166434e-05,1.5894504031166434e-05
cycle_identity_rotating,common,0-1,centering,200,200,0,Descriptive Decimal50 formula values. No saved component enclosures.,6.079673767089844e-05,6.079673767089844e-05,6.079673767089844e-05,6.079673767089844e-05,6.079673767089844e-05
cycle_identity_rotating,common,0-1,stochastic_sqrt,200,200,0,Descriptive Decimal50 formula values. No saved component enclosures.,0.033326914393191694,0.033326914393191694,0.033326914393191694,0.033326914393191694,0.033326914393191694
cycle_identity_rotating,common,0-1,stochastic_linear,200,200,0,Descriptive Decimal50 formula values. No saved component enclosures.,0.0001570743277426029,0.0001570743277426029,0.0001570743277426029,0.0001570743277426029,0.0001570743277426029
cycle_identity_rotating,common,0-1,recording,200,200,0,Descriptive Decimal50 formula values. No saved component enclosures.,1.6198571599880922e-05,1.6208166284190835e-05,1.6211795706648833e-05,1.6216463525992114e-05,1.6232654555117783e-05
cycle_identity_rotating,common,0-1,total_display,200,200,0,Descriptive Decimal50 formula values. No saved component enclosures.,0.03357687853423624,0.033576888128920554,0.03357689175834301,0.03357689642616235,0.03357691261719148
cycle_identity_rotating,common,1-2,tail_bias,200,200,0,Descriptive Decimal50 formula values. No saved component enclosures.,1.5894504031166434e-05,1.5894504031166434e-05,1.5894504031166434e-05,1.5894504031166434e-05,1.5894504031166434e-05
cycle_identity_rotating,common,1-2,centering,200,200,0,Descriptive Decimal50 formula values. No saved component enclosures.,6.079673767089844e-05,6.079673767089844e-05,6.079673767089844e-05,6.079673767089844e-05,6.079673767089844e-05
cycle_identity_rotating,common,1-2,stochastic_sqrt,200,200,0,Descriptive Decimal50 formula values. No saved component enclosures.,0.033326914393191694,0.033326914393191694,0.033326914393191694,0.033326914393191694,0.033326914393191694
cycle_identity_rotating,common,1-2,stochastic_linear,200,200,0,Descriptive Decimal50 formula values. No saved component enclosures.,0.0001570743277426029,0.0001570743277426029,0.0001570743277426029,0.0001570743277426029,0.0001570743277426029
cycle_identity_rotating,common,1-2,recording,200,200,0,Descriptive Decimal50 formula values. No saved component enclosures.,1.6194013634557006e-05,1.620746869621806e-05,1.621199286709009e-05,1.6216893414249318e-05,1.622937838863815e-05
cycle_identity_rotating,common,1-2,total_display,200,200,0,Descriptive Decimal50 formula values. No saved component enclosures.,0.03357687397627092,0.03357688743133258,0.03357689195550345,0.03357689685605061,0.033576909341025
cycle_identity_rotating,common,2-0,tail_bias,200,200,0,Descriptive Decimal50 formula values. No saved component enclosures.,1.5894504031166434e-05,1.5894504031166434e-05,1.5894504031166434e-05,1.5894504031166434e-05,1.5894504031166434e-05
cycle_identity_rotating,common,2-0,centering,200,200,0,Descriptive Decimal50 formula values. No saved component enclosures.,6.079673767089844e-05,6.079673767089844e-05,6.079673767089844e-05,6.079673767089844e-05,6.079673767089844e-05
cycle_identity_rotating,common,2-0,stochastic_sqrt,200,200,0,Descriptive Decimal50 formula values. No saved component enclosures.,0.033326914393191694,0.033326914393191694,0.033326914393191694,0.033326914393191694,0.033326914393191694
cycle_identity_rotating,common,2-0,stochastic_linear,200,200,0,Descriptive Decimal50 formula values. No saved component enclosures.,0.0001570743277426029,0.0001570743277426029,0.0001570743277426029,0.0001570743277426029,0.0001570743277426029
cycle_identity_rotating,common,2-0,recording,200,200,0,Descriptive Decimal50 formula values. No saved component enclosures.,1.6196759317693742e-05,1.6208747919837433e-05,1.6212343028911706e-05,1.6217154681722554e-05,1.6230772665997118e-05
cycle_identity_rotating,common,2-0,total_display,200,200,0,Descriptive Decimal50 formula values. No saved component enclosures.,0.03357687672195406,0.033576888710556196,0.033576892305665275,0.03357689711731809,0.033576910735302355
cycle_identity_rotating,diagonal,0-1,tail_bias,200,200,0,Descriptive Decimal50 formula values. No saved component enclosures.,1.5894504031166434e-05,1.5894504031166434e-05,1.5894504031166434e-05,1.5894504031166434e-05,1.5894504031166434e-05
cycle_identity_rotating,diagonal,0-1,centering,200,200,0,Descriptive Decimal50 formula values. No saved component enclosures.,6.079673767089844e-05,6.079673767089844e-05,6.079673767089844e-05,6.079673767089844e-05,6.079673767089844e-05
cycle_identity_rotating,diagonal,0-1,stochastic_sqrt,200,200,0,Descriptive Decimal50 formula values. No saved component enclosures.,0.033326914393191694,0.033326914393191694,0.033326914393191694,0.033326914393191694,0.033326914393191694
cycle_identity_rotating,diagonal,0-1,stochastic_linear,200,200,0,Descriptive Decimal50 formula values. No saved component enclosures.,0.0001570743277426029,0.0001570743277426029,0.0001570743277426029,0.0001570743277426029,0.0001570743277426029
cycle_identity_rotating,diagonal,0-1,recording,200,200,0,Descriptive Decimal50 formula values. No saved component enclosures.,1.6198571599880922e-05,1.6208166284190835e-05,1.6211795706648833e-05,1.6216463525992114e-05,1.6232654555117783e-05
cycle_identity_rotating,diagonal,0-1,total_display,200,200,0,Descriptive Decimal50 formula values. No saved component enclosures.,0.03357687853423624,0.033576888128920554,0.03357689175834301,0.03357689642616235,0.03357691261719148
cycle_identity_rotating,diagonal,1-2,tail_bias,200,200,0,Descriptive Decimal50 formula values. No saved component enclosures.,1.5894504031166434e-05,1.5894504031166434e-05,1.5894504031166434e-05,1.5894504031166434e-05,1.5894504031166434e-05
cycle_identity_rotating,diagonal,1-2,centering,200,200,0,Descriptive Decimal50 formula values. No saved component enclosures.,6.079673767089844e-05,6.079673767089844e-05,6.079673767089844e-05,6.079673767089844e-05,6.079673767089844e-05
cycle_identity_rotating,diagonal,1-2,stochastic_sqrt,200,200,0,Descriptive Decimal50 formula values. No saved component enclosures.,0.033326914393191694,0.033326914393191694,0.033326914393191694,0.033326914393191694,0.033326914393191694
cycle_identity_rotating,diagonal,1-2,stochastic_linear,200,200,0,Descriptive Decimal50 formula values. No saved component enclosures.,0.0001570743277426029,0.0001570743277426029,0.0001570743277426029,0.0001570743277426029,0.0001570743277426029
cycle_identity_rotating,diagonal,1-2,recording,200,200,0,Descriptive Decimal50 formula values. No saved component enclosures.,1.6194013634557006e-05,1.620746869621806e-05,1.621199286709009e-05,1.6216893414249318e-05,1.622937838863815e-05
cycle_identity_rotating,diagonal,1-2,total_display,200,200,0,Descriptive Decimal50 formula values. No saved component enclosures.,0.03357687397627092,0.03357688743133258,0.03357689195550345,0.03357689685605061,0.033576909341025
cycle_identity_rotating,diagonal,2-0,tail_bias,200,200,0,Descriptive Decimal50 formula values. No saved component enclosures.,1.5894504031166434e-05,1.5894504031166434e-05,1.5894504031166434e-05,1.5894504031166434e-05,1.5894504031166434e-05
cycle_identity_rotating,diagonal,2-0,centering,200,200,0,Descriptive Decimal50 formula values. No saved component enclosures.,6.079673767089844e-05,6.079673767089844e-05,6.079673767089844e-05,6.079673767089844e-05,6.079673767089844e-05
cycle_identity_rotating,diagonal,2-0,stochastic_sqrt,200,200,0,Descriptive Decimal50 formula values. No saved component enclosures.,0.033326914393191694,0.033326914393191694,0.033326914393191694,0.033326914393191694,0.033326914393191694
cycle_identity_rotating,diagonal,2-0,stochastic_linear,200,200,0,Descriptive Decimal50 formula values. No saved component enclosures.,0.0001570743277426029,0.0001570743277426029,0.0001570743277426029,0.0001570743277426029,0.0001570743277426029
cycle_identity_rotating,diagonal,2-0,recording,200,200,0,Descriptive Decimal50 formula values. No saved component enclosures.,1.6196759317693742e-05,1.6208747919837433e-05,1.6212343028911706e-05,1.6217154681722554e-05,1.6230772665997118e-05
cycle_identity_rotating,diagonal,2-0,total_display,200,200,0,Descriptive Decimal50 formula values. No saved component enclosures.,0.03357687672195406,0.033576888710556196,0.033576892305665275,0.03357689711731809,0.033576910735302355
cycle_identity_rotating,combined_frequencies,0-1,tail_bias,200,200,0,Descriptive Decimal50 formula values. No saved component enclosures.,1.5894504031166434e-05,1.5894504031166434e-05,1.5894504031166434e-05,1.5894504031166434e-05,1.5894504031166434e-05
cycle_identity_rotating,combined_frequencies,0-1,centering,200,200,0,Descriptive Decimal50 formula values. No saved component enclosures.,6.079673767089844e-05,6.079673767089844e-05,6.079673767089844e-05,6.079673767089844e-05,6.079673767089844e-05
cycle_identity_rotating,combined_frequencies,0-1,stochastic_sqrt,200,200,0,Descriptive Decimal50 formula values. No saved component enclosures.,0.035371648448777174,0.035371648448777174,0.035371648448777174,0.035371648448777174,0.035371648448777174
cycle_identity_rotating,combined_frequencies,0-1,stochastic_linear,200,200,0,Descriptive Decimal50 formula values. No saved component enclosures.,0.00017693982680867598,0.00017693982680867598,0.00017693982680867598,0.00017693982680867598,0.00017693982680867598
cycle_identity_rotating,combined_frequencies,0-1,recording,200,200,0,Descriptive Decimal50 formula values. No saved component enclosures.,1.6198571599880922e-05,1.6208166284190835e-05,1.6211795706648833e-05,1.6216463525992114e-05,1.6232654555117783e-05
cycle_identity_rotating,combined_frequencies,0-1,total_display,200,200,0,Descriptive Decimal50 formula values. No saved component enclosures.,0.0356414780888878,0.0356414876835721,0.03564149131299456,0.035641495980813905,0.03564151217184303
cycle_identity_rotating,combined_frequencies,1-2,tail_bias,200,200,0,Descriptive Decimal50 formula values. No saved component enclosures.,1.5894504031166434e-05,1.5894504031166434e-05,1.5894504031166434e-05,1.5894504031166434e-05,1.5894504031166434e-05
cycle_identity_rotating,combined_frequencies,1-2,centering,200,200,0,Descriptive Decimal50 formula values. No saved component enclosures.,6.079673767089844e-05,6.079673767089844e-05,6.079673767089844e-05,6.079673767089844e-05,6.079673767089844e-05
cycle_identity_rotating,combined_frequencies,1-2,stochastic_sqrt,200,200,0,Descriptive Decimal50 formula values. No saved component enclosures.,0.035371648448777174,0.035371648448777174,0.035371648448777174,0.035371648448777174,0.035371648448777174
cycle_identity_rotating,combined_frequencies,1-2,stochastic_linear,200,200,0,Descriptive Decimal50 formula values. No saved component enclosures.,0.00017693982680867598,0.00017693982680867598,0.00017693982680867598,0.00017693982680867598,0.00017693982680867598
cycle_identity_rotating,combined_frequencies,1-2,recording,200,200,0,Descriptive Decimal50 formula values. No saved component enclosures.,1.6194013634557006e-05,1.620746869621806e-05,1.621199286709009e-05,1.6216893414249318e-05,1.622937838863815e-05
cycle_identity_rotating,combined_frequencies,1-2,total_display,200,200,0,Descriptive Decimal50 formula values. No saved component enclosures.,0.03564147353092247,0.03564148698598413,0.035641491510155,0.03564149641070216,0.03564150889567655
cycle_identity_rotating,combined_frequencies,2-0,tail_bias,200,200,0,Descriptive Decimal50 formula values. No saved component enclosures.,1.5894504031166434e-05,1.5894504031166434e-05,1.5894504031166434e-05,1.5894504031166434e-05,1.5894504031166434e-05
cycle_identity_rotating,combined_frequencies,2-0,centering,200,200,0,Descriptive Decimal50 formula values. No saved component enclosures.,6.079673767089844e-05,6.079673767089844e-05,6.079673767089844e-05,6.079673767089844e-05,6.079673767089844e-05
cycle_identity_rotating,combined_frequencies,2-0,stochastic_sqrt,200,200,0,Descriptive Decimal50 formula values. No saved component enclosures.,0.035371648448777174,0.035371648448777174,0.035371648448777174,0.035371648448777174,0.035371648448777174
cycle_identity_rotating,combined_frequencies,2-0,stochastic_linear,200,200,0,Descriptive Decimal50 formula values. No saved component enclosures.,0.00017693982680867598,0.00017693982680867598,0.00017693982680867598,0.00017693982680867598,0.00017693982680867598
cycle_identity_rotating,combined_frequencies,2-0,recording,200,200,0,Descriptive Decimal50 formula values. No saved component enclosures.,1.6196759317693742e-05,1.6208747919837433e-05,1.6212343028911706e-05,1.6217154681722554e-05,1.6230772665997118e-05
cycle_identity_rotating,combined_frequencies,2-0,total_display,200,200,0,Descriptive Decimal50 formula values. No saved component enclosures.,0.035641476276605605,0.03564148826520775,0.03564149186031683,0.035641496671969634,0.03564151028995391
