cell,method,n,reject,nonreject,abstain,rejection_fraction,rejection_lower,rejection_upper,available,rejection_given_available,threshold_min,threshold_q25,threshold_median,threshold_q75,threshold_max,threshold_n,margin_min,margin_q25,margin_median,margin_q75,margin_max,margin_n,statistic_threshold_ratio_min,statistic_threshold_ratio_q25,statistic_threshold_ratio_median,statistic_threshold_ratio_q75,statistic_threshold_ratio_max,statistic_threshold_ratio_n,source_envelope_min,source_envelope_q25,source_envelope_median,source_envelope_q75,source_envelope_max,source_envelope_n,q_min,q_q25,q_median,q_q75,q_max,q_n,scale_denominator_min,scale_denominator_q25,scale_denominator_median,scale_denominator_q75,scale_denominator_max,scale_denominator_n,variance_scale_min,variance_scale_q25,variance_scale_median,variance_scale_q75,variance_scale_max,variance_scale_n,phase_allowance_min,phase_allowance_q25,phase_allowance_median,phase_allowance_q75,phase_allowance_max,phase_allowance_n,sampling_radius_min,sampling_radius_q25,sampling_radius_median,sampling_radius_q75,sampling_radius_max,sampling_radius_n,rounding_allowance_min,rounding_allowance_q25,rounding_allowance_median,rounding_allowance_q75,rounding_allowance_max,rounding_allowance_n,nominal_target,threshold_missing_n,margin_missing_n,statistic_threshold_ratio_missing_n,source_envelope_missing_n,q_missing_n,scale_denominator_missing_n,variance_scale_missing_n,phase_allowance_missing_n,sampling_radius_missing_n,rounding_allowance_missing_n
cycle_identity_null,gain_1/16/common,400,0,400,0,0.0,0.0,0.00917980458366526,400,0.0,0.0005129285037375905,0.0005243764425101256,0.0005274587423779618,0.0005309076068842742,0.0005420864422244168,400,-0.0005414841007601688,-0.0005305748689156601,-0.0005271700061067289,-0.0005240131128926222,-0.0005127245066756437,400,1.655259444247098e-06,0.00030846619248965266,0.0005661372942942684,0.0009503962523488347,0.0023165695241450955,400,,,,,,0,,,,,,0,,,,,,0,,,,,,0,,,,,,0,,,,,,0,,,,,,0,Source reversibility under stated assumptions,0,0,0,400,400,400,400,400,400,400
cycle_identity_null,gain_1/16/diagonal,400,0,400,0,0.0,0.0,0.00917980458366526,400,0.0,2.150017274417439e-05,2.2024544378116906e-05,2.21636214308463e-05,2.2367041430701095e-05,2.2889855937906236e-05,400,-2.2762622755547732e-05,-2.2069137505246984e-05,-2.183833298095307e-05,-2.1628171418555434e-05,-2.0880532987894152e-05,400,3.9263141576898954e-05,0.007358451149039115,0.013464472800806567,0.02256864761370577,0.05539140129582978,400,,,,,,0,,,,,,0,,,,,,0,,,,,,0,,,,,,0,,,,,,0,,,,,,0,Source reversibility under stated assumptions,0,0,0,400,400,400,400,400,400,400
cycle_identity_null,gain_1/16/inverse_transport,400,0,400,0,0.0,0.0,0.00917980458366526,400,0.0,0.005504044222508644,0.005638283360797928,0.005673887086296653,0.00572596260625948,0.005859803120103996,400,-0.0058272314254202194,-0.005649699201343228,-0.005590613243123986,-0.005536811883150191,-0.005345416444900903,400,3.9263141576898954e-05,0.007358451149039115,0.013464472800806567,0.02256864761370577,0.05539140129582978,400,,,,,,0,,,,,,0,,,,,,0,,,,,,0,,,,,,0,,,,,,0,,,,,,0,Source reversibility under stated assumptions,0,0,0,400,400,400,400,400,400,400
cycle_identity_null,gain_1/4/common,400,0,400,0,0.0,0.0,0.00917980458366526,400,0.0,0.00128705417288583,0.001319148569422586,0.00132774825173177,0.0013386408297354929,0.0013698829458731918,400,-0.001366735798142307,-0.0013324253108975362,-0.001322207785110793,-0.0013137364114001768,-0.0012837902198946807,400,1.0500884408366438e-05,0.0019675799655503408,0.003598778533958986,0.006027491294854928,0.014757777941762765,400,,,,,,0,,,,,,0,,,,,,0,,,,,,0,,,,,,0,,,,,,0,,,,,,0,Source reversibility under stated assumptions,0,0,0,400,400,400,400,400,400,400
cycle_identity_null,gain_1/4/diagonal,400,0,400,0,0.0,0.0,0.00917980458366526,400,0.0,0.00034400276390679025,0.0003523927100498705,0.0003546179428935408,0.0003578726628912175,0.0003662376950064998,400,-0.0003642019640887637,-0.00035310620008395174,-0.0003494133276952491,-0.00034605074269688694,-0.00033408852780630644,400,3.9263141576898954e-05,0.007358451149039115,0.013464472800806567,0.02256864761370577,0.05539140129582978,400,,,,,,0,,,,,,0,,,,,,0,,,,,,0,,,,,,0,,,,,,0,,,,,,0,Source reversibility under stated assumptions,0,0,0,400,400,400,400,400,400,400
cycle_identity_null,gain_1/4/inverse_transport,400,0,400,0,0.0,0.0,0.00917980458366526,400,0.0,0.005504044222508644,0.005638283360797928,0.005673887086296653,0.00572596260625948,0.005859803120103996,400,-0.0058272314254202194,-0.005649699201343228,-0.005590613243123986,-0.005536811883150191,-0.005345416444900903,400,3.9263141576898954e-05,0.007358451149039115,0.013464472800806567,0.02256864761370577,0.05539140129582978,400,,,,,,0,,,,,,0,,,,,,0,,,,,,0,,,,,,0,,,,,,0,,,,,,0,Source reversibility under stated assumptions,0,0,0,400,400,400,400,400,400,400
cycle_identity_null,gain_1/common,400,0,400,0,0.0,0.0,0.00917980458366526,400,0.0,0.005504044222508644,0.005638283360797928,0.005673887086296653,0.00572596260625948,0.005859803120103996,400,-0.0058272314254202194,-0.005649699201343228,-0.005590613243123986,-0.005536811883150191,-0.005345416444900903,400,3.9263141576898954e-05,0.007358451149039115,0.013464472800806567,0.02256864761370577,0.05539140129582978,400,,,,,,0,,,,,,0,,,,,,0,,,,,,0,,,,,,0,,,,,,0,,,,,,0,Source reversibility under stated assumptions,0,0,0,400,400,400,400,400,400,400
cycle_identity_null,gain_1/diagonal,400,0,400,0,0.0,0.0,0.00917980458366526,400,0.0,0.005504044222508644,0.005638283360797928,0.005673887086296653,0.00572596260625948,0.005859803120103996,400,-0.0058272314254202194,-0.005649699201343228,-0.005590613243123986,-0.005536811883150191,-0.005345416444900903,400,3.9263141576898954e-05,0.007358451149039115,0.013464472800806567,0.02256864761370577,0.05539140129582978,400,,,,,,0,,,,,,0,,,,,,0,,,,,,0,,,,,,0,,,,,,0,,,,,,0,Source reversibility under stated assumptions,0,0,0,400,400,400,400,400,400,400
cycle_identity_null,gain_1/inverse_transport,400,0,400,0,0.0,0.0,0.00917980458366526,400,0.0,0.005504044222508644,0.005638283360797928,0.005673887086296653,0.00572596260625948,0.005859803120103996,400,-0.0058272314254202194,-0.005649699201343228,-0.005590613243123986,-0.005536811883150191,-0.005345416444900903,400,3.9263141576898954e-05,0.007358451149039115,0.013464472800806567,0.02256864761370577,0.05539140129582978,400,,,,,,0,,,,,,0,,,,,,0,,,,,,0,,,,,,0,,,,,,0,,,,,,0,Source reversibility under stated assumptions,0,0,0,400,400,400,400,400,400,400
cycle_identity_null,gain_4/common,400,0,400,0,0.0,0.0,0.00917980458366526,400,0.0,1.3245392731153833,1.3448262622089926,1.3524051224367133,1.3607850042146965,1.3858502505132904,400,-1.3846347903448688,-1.3588546047312313,-1.3507267122623867,-1.3432091010607001,-1.322576147019109,400,2.646862390586534e-06,0.0004939597922949887,0.0009033453816733914,0.0015195022046523984,0.0037283629921187715,400,,,,,,0,,,,,,0,,,,,,0,,,,,,0,,,,,,0,,,,,,0,,,,,,0,Source reversibility under stated assumptions,0,0,0,400,400,400,400,400,400,400
cycle_identity_null,gain_4/diagonal,400,0,400,0,0.0,0.0,0.00917980458366526,400,0.0,0.0880647075601383,0.09021253377276685,0.09078219338074645,0.09161540170015169,0.09375684992166394,400,-0.09323570280672351,-0.09039518722149165,-0.08944981188998377,-0.08858899013040306,-0.08552666311841445,400,3.9263141576898954e-05,0.007358451149039115,0.013464472800806567,0.02256864761370577,0.05539140129582978,400,,,,,,0,,,,,,0,,,,,,0,,,,,,0,,,,,,0,,,,,,0,,,,,,0,Source reversibility under stated assumptions,0,0,0,400,400,400,400,400,400,400
cycle_identity_null,gain_4/inverse_transport,400,0,400,0,0.0,0.0,0.00917980458366526,400,0.0,0.005504044222508644,0.005638283360797928,0.005673887086296653,0.00572596260625948,0.005859803120103996,400,-0.0058272314254202194,-0.005649699201343228,-0.005590613243123986,-0.005536811883150191,-0.005345416444900903,400,3.9263141576898954e-05,0.007358451149039115,0.013464472800806567,0.02256864761370577,0.05539140129582978,400,,,,,,0,,,,,,0,,,,,,0,,,,,,0,,,,,,0,,,,,,0,,,,,,0,Source reversibility under stated assumptions,0,0,0,400,400,400,400,400,400,400
cycle_identity_null,gain_16/common,400,0,400,0,0.0,0.0,0.00917980458366526,400,0.0,1278.0345202691435,1286.3112376280226,1289.9575735901983,1293.6308598079231,1305.5711680120799,400,-1305.551720649385,-1293.5947561658263,-1289.9255664784182,-1286.305338512973,-1278.0060268979707,400,4.459539965291032e-08,8.298636566962818e-06,1.5158549769106182e-05,2.553958026459352e-05,6.241484439787899e-05,400,,,,,,0,,,,,,0,,,,,,0,,,,,,0,,,,,,0,,,,,,0,,,,,,0,Source reversibility under stated assumptions,0,0,0,400,400,400,400,400,400,400
cycle_identity_null,gain_16/diagonal,400,0,400,0,0.0,0.0,0.00917980458366526,400,0.0,1.4090353209622128,1.4434005403642696,1.4525150940919431,1.465846427202427,1.500109598746623,400,-1.4917712449075762,-1.4463229955438663,-1.4311969902397403,-1.417423842086449,-1.3684266098946312,400,3.9263141576898954e-05,0.007358451149039115,0.013464472800806567,0.02256864761370577,0.05539140129582978,400,,,,,,0,,,,,,0,,,,,,0,,,,,,0,,,,,,0,,,,,,0,,,,,,0,Source reversibility under stated assumptions,0,0,0,400,400,400,400,400,400,400
cycle_identity_null,gain_16/inverse_transport,400,0,400,0,0.0,0.0,0.00917980458366526,400,0.0,0.005504044222508644,0.005638283360797928,0.005673887086296653,0.00572596260625948,0.005859803120103996,400,-0.0058272314254202194,-0.005649699201343228,-0.005590613243123986,-0.005536811883150191,-0.005345416444900903,400,3.9263141576898954e-05,0.007358451149039115,0.013464472800806567,0.02256864761370577,0.05539140129582978,400,,,,,,0,,,,,,0,,,,,,0,,,,,,0,,,,,,0,,,,,,0,,,,,,0,Source reversibility under stated assumptions,0,0,0,400,400,400,400,400,400,400
cycle_identity_null,gain_-1/common,400,0,400,0,0.0,0.0,0.00917980458366526,400,0.0,0.005504044222508644,0.005638283360797928,0.005673887086296653,0.00572596260625948,0.005859803120103996,400,-0.0058272314254202194,-0.005649699201343228,-0.005590613243123986,-0.005536811883150191,-0.005345416444900903,400,3.9263141576898954e-05,0.007358451149039115,0.013464472800806567,0.02256864761370577,0.05539140129582978,400,,,,,,0,,,,,,0,,,,,,0,,,,,,0,,,,,,0,,,,,,0,,,,,,0,Source reversibility under stated assumptions,0,0,0,400,400,400,400,400,400,400
cycle_identity_null,gain_-1/diagonal,400,0,400,0,0.0,0.0,0.00917980458366526,400,0.0,0.005504044222508644,0.005638283360797928,0.005673887086296653,0.00572596260625948,0.005859803120103996,400,-0.0058272314254202194,-0.005649699201343228,-0.005590613243123986,-0.005536811883150191,-0.005345416444900903,400,3.9263141576898954e-05,0.007358451149039115,0.013464472800806567,0.02256864761370577,0.05539140129582978,400,,,,,,0,,,,,,0,,,,,,0,,,,,,0,,,,,,0,,,,,,0,,,,,,0,Source reversibility under stated assumptions,0,0,0,400,400,400,400,400,400,400
cycle_identity_null,gain_-1/inverse_transport,400,0,400,0,0.0,0.0,0.00917980458366526,400,0.0,0.005504044222508644,0.005638283360797928,0.005673887086296653,0.00572596260625948,0.005859803120103996,400,-0.0058272314254202194,-0.005649699201343228,-0.005590613243123986,-0.005536811883150191,-0.005345416444900903,400,3.9263141576898954e-05,0.007358451149039115,0.013464472800806567,0.02256864761370577,0.05539140129582978,400,,,,,,0,,,,,,0,,,,,,0,,,,,,0,,,,,,0,,,,,,0,,,,,,0,Source reversibility under stated assumptions,0,0,0,400,400,400,400,400,400,400
cycle_identity_rotating,gain_1/16/common,200,0,200,0,0.0,0.0,0.01827534035513624,200,0.0,0.0006349286136952198,0.0006462620139582194,0.0006496514526296999,0.0006527258421717948,0.0006604740287453633,200,-0.0006157332076885535,-0.0006090745338065454,-0.0006069300187758765,-0.0006042423138103984,-0.0005938911546840136,200,0.06198985416376637,0.06500064193964458,0.06608254959270024,0.06711783492384561,0.07120536399589712,200,,,,,,0,,,,,,0,,,,,,0,,,,,,0,,,,,,0,,,,,,0,,,,,,0,Source reversibility under stated assumptions,0,0,0,200,200,200,200,200,200,200
cycle_identity_rotating,gain_1/16/diagonal,200,200,0,0,1.0,0.9817246596448638,1.0,200,1.0,2.8757763650058407e-05,2.9392104670762698e-05,2.9555487658464887e-05,2.9694150567632666e-05,3.0201993783155906e-05,200,1.0745492033796712e-05,1.2699282151187957e-05,1.3408212028331432e-05,1.397650400279163e-05,1.643957757143034e-05,200,1.3658756146849333,1.430766648195088,1.4527326526347735,1.4719749518392913,1.5443209375335654,200,,,,,,0,,,,,,0,,,,,,0,,,,,,0,,,,,,0,,,,,,0,,,,,,0,Source reversibility under stated assumptions,0,0,0,200,200,200,200,200,200,200
cycle_identity_rotating,gain_1/16/inverse_transport,200,200,0,0,1.0,0.9817246596448638,1.0,200,1.0,0.007361987494414952,0.007524378795715251,0.007566204840567011,0.0076017025453139625,0.007731710408487912,200,0.002750845960651958,0.003251016230704117,0.0034325022792528466,0.003577985024714657,0.004208531858286167,200,1.3658756146849333,1.430766648195088,1.4527326526347735,1.4719749518392913,1.5443209375335654,200,,,,,,0,,,,,,0,,,,,,0,,,,,,0,,,,,,0,,,,,,0,,,,,,0,Source reversibility under stated assumptions,0,0,0,200,200,200,200,200,200,200
cycle_identity_rotating,gain_1/4/common,200,0,200,0,0.0,0.0,0.01827534035513624,200,0.0,0.0016755148966435085,0.0017112170653080137,0.001720369753885879,0.0017284953801015859,0.0017466219032084358,200,-0.0010695892310184445,-0.0010422896586715661,-0.001033007250974809,-0.0010251046732360615,-0.0009954886384158166,200,0.37503006195876704,0.3928938515007361,0.39922783296830944,0.40489630858698794,0.4272619851511866,200,,,,,,0,,,,,,0,,,,,,0,,,,,,0,,,,,,0,,,,,,0,,,,,,0,Source reversibility under stated assumptions,0,0,0,200,200,200,200,200,200,200
cycle_identity_rotating,gain_1/4/diagonal,200,200,0,0,1.0,0.9817246596448638,1.0,200,1.0,0.0004601242184009345,0.00047027367473220316,0.0004728878025354382,0.00047510640908212266,0.0004832319005304945,200,0.00017192787254074739,0.00020318851441900732,0.0002145313924533029,0.00022362406404466607,0.0002630332411428854,200,1.3658756146849333,1.430766648195088,1.4527326526347735,1.4719749518392913,1.5443209375335654,200,,,,,,0,,,,,,0,,,,,,0,,,,,,0,,,,,,0,,,,,,0,,,,,,0,Source reversibility under stated assumptions,0,0,0,200,200,200,200,200,200,200
cycle_identity_rotating,gain_1/4/inverse_transport,200,200,0,0,1.0,0.9817246596448638,1.0,200,1.0,0.007361987494414952,0.007524378795715251,0.007566204840567011,0.0076017025453139625,0.007731710408487912,200,0.002750845960651958,0.003251016230704117,0.0034325022792528466,0.003577985024714657,0.004208531858286167,200,1.3658756146849333,1.430766648195088,1.4527326526347735,1.4719749518392913,1.5443209375335654,200,,,,,,0,,,,,,0,,,,,,0,,,,,,0,,,,,,0,,,,,,0,,,,,,0,Source reversibility under stated assumptions,0,0,0,200,200,200,200,200,200,200
cycle_identity_rotating,gain_1/common,200,200,0,0,1.0,0.9817246596448638,1.0,200,1.0,0.007361987494414952,0.007524378795715251,0.007566204840567011,0.0076017025453139625,0.007731710408487912,200,0.002750845960651958,0.003251016230704117,0.0034325022792528466,0.003577985024714657,0.004208531858286167,200,1.3658756146849333,1.430766648195088,1.4527326526347735,1.4719749518392913,1.5443209375335654,200,,,,,,0,,,,,,0,,,,,,0,,,,,,0,,,,,,0,,,,,,0,,,,,,0,Source reversibility under stated assumptions,0,0,0,200,200,200,200,200,200,200
cycle_identity_rotating,gain_1/diagonal,200,200,0,0,1.0,0.9817246596448638,1.0,200,1.0,0.007361987494414952,0.007524378795715251,0.007566204840567011,0.0076017025453139625,0.007731710408487912,200,0.002750845960651958,0.003251016230704117,0.0034325022792528466,0.003577985024714657,0.004208531858286167,200,1.3658756146849333,1.430766648195088,1.4527326526347735,1.4719749518392913,1.5443209375335654,200,,,,,,0,,,,,,0,,,,,,0,,,,,,0,,,,,,0,,,,,,0,,,,,,0,Source reversibility under stated assumptions,0,0,0,200,200,200,200,200,200,200
cycle_identity_rotating,gain_1/inverse_transport,200,200,0,0,1.0,0.9817246596448638,1.0,200,1.0,0.007361987494414952,0.007524378795715251,0.007566204840567011,0.0076017025453139625,0.007731710408487912,200,0.002750845960651958,0.003251016230704117,0.0034325022792528466,0.003577985024714657,0.004208531858286167,200,1.3658756146849333,1.430766648195088,1.4527326526347735,1.4719749518392913,1.5443209375335654,200,,,,,,0,,,,,,0,,,,,,0,,,,,,0,,,,,,0,,,,,,0,,,,,,0,Source reversibility under stated assumptions,0,0,0,200,200,200,200,200,200,200
cycle_identity_rotating,gain_4/common,200,0,200,0,0.0,0.0,0.01827534035513624,200,0.0,1.6418509137023927,1.6653775948255034,1.673119139615006,1.6795723050269173,1.7090523501228738,200,-1.5180084738544886,-1.50216972309578,-1.4972674724039314,-1.4920150971700976,-1.476353490840331,200,0.09859482852997234,0.1034230507056775,0.10502505118165287,0.10660380234113254,0.11178351339246571,200,,,,,,0,,,,,,0,,,,,,0,,,,,,0,,,,,,0,,,,,,0,,,,,,0,Source reversibility under stated assumptions,0,0,0,200,200,200,200,200,200,200
cycle_identity_rotating,gain_4/diagonal,200,200,0,0,1.0,0.9817246596448638,1.0,200,1.0,0.11779179991063923,0.12039006073144401,0.12105927744907218,0.1216272407250234,0.12370736653580659,200,0.04401353537043133,0.05201625969126587,0.054920036468045545,0.05724776039543451,0.06733650973257867,200,1.3658756146849333,1.430766648195088,1.4527326526347735,1.4719749518392913,1.5443209375335654,200,,,,,,0,,,,,,0,,,,,,0,,,,,,0,,,,,,0,,,,,,0,,,,,,0,Source reversibility under stated assumptions,0,0,0,200,200,200,200,200,200,200
cycle_identity_rotating,gain_4/inverse_transport,200,200,0,0,1.0,0.9817246596448638,1.0,200,1.0,0.007361987494414952,0.007524378795715251,0.007566204840567011,0.0076017025453139625,0.007731710408487912,200,0.002750845960651958,0.003251016230704117,0.0034325022792528466,0.003577985024714657,0.004208531858286167,200,1.3658756146849333,1.430766648195088,1.4527326526347735,1.4719749518392913,1.5443209375335654,200,,,,,,0,,,,,,0,,,,,,0,,,,,,0,,,,,,0,,,,,,0,,,,,,0,Source reversibility under stated assumptions,0,0,0,200,200,200,200,200,200,200
cycle_identity_rotating,gain_16/common,200,0,200,0,0.0,0.0,0.01827534035513624,200,0.0,1409.8671918234866,1419.012330770563,1422.3252599326247,1425.646866207818,1439.0143404170235,200,-1435.9576383967294,-1422.797832863131,-1419.5317334286574,-1416.2528325049605,-1407.1639637210328,200,0.0018524627725101457,0.0019429174698889062,0.001980862388937017,0.0020072435247862957,0.002124163696248043,200,,,,,,0,,,,,,0,,,,,,0,,,,,,0,,,,,,0,,,,,,0,,,,,,0,Source reversibility under stated assumptions,0,0,0,200,200,200,200,200,200,200
cycle_identity_rotating,gain_16/diagonal,200,200,0,0,1.0,0.9817246596448638,1.0,200,1.0,1.8846687985702277,1.9262409717031042,1.9369484391851548,1.9460358516003744,1.9793178645729055,200,0.7042165659269013,0.832260155060254,0.8787205834887287,0.9159641663269522,1.0773841557212587,200,1.3658756146849333,1.430766648195088,1.4527326526347735,1.4719749518392913,1.5443209375335654,200,,,,,,0,,,,,,0,,,,,,0,,,,,,0,,,,,,0,,,,,,0,,,,,,0,Source reversibility under stated assumptions,0,0,0,200,200,200,200,200,200,200
cycle_identity_rotating,gain_16/inverse_transport,200,200,0,0,1.0,0.9817246596448638,1.0,200,1.0,0.007361987494414952,0.007524378795715251,0.007566204840567011,0.0076017025453139625,0.007731710408487912,200,0.002750845960651958,0.003251016230704117,0.0034325022792528466,0.003577985024714657,0.004208531858286167,200,1.3658756146849333,1.430766648195088,1.4527326526347735,1.4719749518392913,1.5443209375335654,200,,,,,,0,,,,,,0,,,,,,0,,,,,,0,,,,,,0,,,,,,0,,,,,,0,Source reversibility under stated assumptions,0,0,0,200,200,200,200,200,200,200
cycle_identity_rotating,gain_-1/common,200,200,0,0,1.0,0.9817246596448638,1.0,200,1.0,0.007361987494414952,0.007524378795715251,0.007566204840567011,0.0076017025453139625,0.007731710408487912,200,0.002750845960651958,0.003251016230704117,0.0034325022792528466,0.003577985024714657,0.004208531858286167,200,1.3658756146849333,1.430766648195088,1.4527326526347735,1.4719749518392913,1.5443209375335654,200,,,,,,0,,,,,,0,,,,,,0,,,,,,0,,,,,,0,,,,,,0,,,,,,0,Source reversibility under stated assumptions,0,0,0,200,200,200,200,200,200,200
cycle_identity_rotating,gain_-1/diagonal,200,200,0,0,1.0,0.9817246596448638,1.0,200,1.0,0.007361987494414952,0.007524378795715251,0.007566204840567011,0.0076017025453139625,0.007731710408487912,200,0.002750845960651958,0.003251016230704117,0.0034325022792528466,0.003577985024714657,0.004208531858286167,200,1.3658756146849333,1.430766648195088,1.4527326526347735,1.4719749518392913,1.5443209375335654,200,,,,,,0,,,,,,0,,,,,,0,,,,,,0,,,,,,0,,,,,,0,,,,,,0,Source reversibility under stated assumptions,0,0,0,200,200,200,200,200,200,200
cycle_identity_rotating,gain_-1/inverse_transport,200,200,0,0,1.0,0.9817246596448638,1.0,200,1.0,0.007361987494414952,0.007524378795715251,0.007566204840567011,0.0076017025453139625,0.007731710408487912,200,0.002750845960651958,0.003251016230704117,0.0034325022792528466,0.003577985024714657,0.004208531858286167,200,1.3658756146849333,1.430766648195088,1.4527326526347735,1.4719749518392913,1.5443209375335654,200,,,,,,0,,,,,,0,,,,,,0,,,,,,0,,,,,,0,,,,,,0,,,,,,0,Source reversibility under stated assumptions,0,0,0,200,200,200,200,200,200,200
