cell,first,second,n,first_only,second_only,difference,lower,upper,discordance_pvalue,status_disagreements,variant,reference,variant_difference,variant_lower,variant_upper
source_97_100_null_65537,numerical/depth_20/two_sided,two_sided,1000,0,0,0.0,-0.004372439564671273,0.004372439564671273,1.0,0,numerical/depth_20/two_sided,two_sided,0.0,-0.004372439564671273,0.004372439564671273
source_97_100_null_65537,numerical/depth_28/two_sided,two_sided,1000,0,0,0.0,-0.004372439564671273,0.004372439564671273,1.0,0,numerical/depth_28/two_sided,two_sided,0.0,-0.004372439564671273,0.004372439564671273
source_97_100_null_65537,numerical/depth_36/two_sided,two_sided,1000,0,0,0.0,-0.004372439564671273,0.004372439564671273,1.0,0,numerical/depth_36/two_sided,two_sided,0.0,-0.004372439564671273,0.004372439564671273
source_97_100_null_65537,numerical/precision_80/two_sided,two_sided,1000,0,0,0.0,-0.004372439564671273,0.004372439564671273,1.0,0,numerical/precision_80/two_sided,two_sided,0.0,-0.004372439564671273,0.004372439564671273
source_97_100_null_65537,numerical/precision_160/two_sided,two_sided,1000,0,0,0.0,-0.004372439564671273,0.004372439564671273,1.0,0,numerical/precision_160/two_sided,two_sided,0.0,-0.004372439564671273,0.004372439564671273
source_97_100_null_65537,numerical/precision_320/two_sided,two_sided,1000,0,0,0.0,-0.004372439564671273,0.004372439564671273,1.0,0,numerical/precision_320/two_sided,two_sided,0.0,-0.004372439564671273,0.004372439564671273
source_97_100_null_65537,fractional_8/two_sided,two_sided,1000,0,0,0.0,-0.004372439564671273,0.004372439564671273,1.0,685,fractional_8/two_sided,two_sided,0.0,-0.004372439564671273,0.004372439564671273
source_97_100_null_65537,fractional_12/two_sided,two_sided,1000,0,0,0.0,-0.004372439564671273,0.004372439564671273,1.0,0,fractional_12/two_sided,two_sided,0.0,-0.004372439564671273,0.004372439564671273
source_97_100_null_65537,recorder_8/two_sided,two_sided,1000,0,0,0.0,-0.004372439564671273,0.004372439564671273,1.0,1000,recorder_8/two_sided,two_sided,0.0,-0.004372439564671273,0.004372439564671273
source_97_100_null_65537,recorder_12/two_sided,two_sided,1000,0,0,0.0,-0.004372439564671273,0.004372439564671273,1.0,1000,recorder_12/two_sided,two_sided,0.0,-0.004372439564671273,0.004372439564671273
source_97_100_strong_65537,numerical/depth_20/two_sided,two_sided,200,0,0,0.0,-0.021671849652908394,0.021671849652908394,1.0,0,numerical/depth_20/two_sided,two_sided,0.0,-0.021671849652908394,0.021671849652908394
source_97_100_strong_65537,numerical/depth_28/two_sided,two_sided,200,0,0,0.0,-0.021671849652908394,0.021671849652908394,1.0,0,numerical/depth_28/two_sided,two_sided,0.0,-0.021671849652908394,0.021671849652908394
source_97_100_strong_65537,numerical/depth_36/two_sided,two_sided,200,0,0,0.0,-0.021671849652908394,0.021671849652908394,1.0,0,numerical/depth_36/two_sided,two_sided,0.0,-0.021671849652908394,0.021671849652908394
source_97_100_strong_65537,numerical/precision_80/two_sided,two_sided,200,0,0,0.0,-0.021671849652908394,0.021671849652908394,1.0,0,numerical/precision_80/two_sided,two_sided,0.0,-0.021671849652908394,0.021671849652908394
source_97_100_strong_65537,numerical/precision_160/two_sided,two_sided,200,0,0,0.0,-0.021671849652908394,0.021671849652908394,1.0,0,numerical/precision_160/two_sided,two_sided,0.0,-0.021671849652908394,0.021671849652908394
source_97_100_strong_65537,numerical/precision_320/two_sided,two_sided,200,0,0,0.0,-0.021671849652908394,0.021671849652908394,1.0,0,numerical/precision_320/two_sided,two_sided,0.0,-0.021671849652908394,0.021671849652908394
source_97_100_strong_65537,fractional_8/two_sided,two_sided,200,0,199,-0.995,-0.9999371080667463,-0.9468493530281429,2.4892061111444567e-60,200,fractional_8/two_sided,two_sided,-0.995,-0.9999371080667463,-0.9468493530281429
source_97_100_strong_65537,fractional_12/two_sided,two_sided,200,0,0,0.0,-0.021671849652908394,0.021671849652908394,1.0,0,fractional_12/two_sided,two_sided,0.0,-0.021671849652908394,0.021671849652908394
source_97_100_strong_65537,recorder_8/two_sided,two_sided,200,0,199,-0.995,-0.9999371080667463,-0.9468493530281429,2.4892061111444567e-60,200,recorder_8/two_sided,two_sided,-0.995,-0.9999371080667463,-0.9468493530281429
source_97_100_strong_65537,recorder_12/two_sided,two_sided,200,0,199,-0.995,-0.9999371080667463,-0.9468493530281429,2.4892061111444567e-60,200,recorder_12/two_sided,two_sided,-0.995,-0.9999371080667463,-0.9468493530281429
