cell_id,phi,response,delay,correlation,original_length,method,diagnostic,binary_completion_outer_interval,binary_completion_range,completed_count,defined_count,descriptive_defined_rate,missing_count,planned,scope,successes,undefined_count
0,1/5,"[1, 0]",0,9/10,4097,primary,source_covers_phi,"[518964491367/549755813888, 1]","[1, 1]",64,64,1,0,64,No coverage event is defined for unavailable or supplied-parameter certificates. The outer interval spans all binary completions. Defined-only rates are descriptive; no selected-sample coverage guarantee is asserted.,64,0
0,1/5,"[1, 0]",0,9/10,4097,primary,calibration_covers_coefficients,"[518964491367/549755813888, 1]","[1, 1]",64,64,1,0,64,No coverage event is defined for unavailable or supplied-parameter certificates. The outer interval spans all binary completions. Defined-only rates are descriptive; no selected-sample coverage guarantee is asserted.,64,0
0,1/5,"[1, 0]",0,9/10,4097,control,source_covers_phi,"[0, 1]","[0, 1]",64,0,,0,64,No coverage event is defined for unavailable or supplied-parameter certificates. The outer interval spans all binary completions. Defined-only rates are descriptive; no selected-sample coverage guarantee is asserted.,0,64
0,1/5,"[1, 0]",0,9/10,4097,control,calibration_covers_coefficients,"[518964491367/549755813888, 1]","[1, 1]",64,64,1,0,64,No coverage event is defined for unavailable or supplied-parameter certificates. The outer interval spans all binary completions. Defined-only rates are descriptive; no selected-sample coverage guarantee is asserted.,64,0
0,1/5,"[1, 0]",0,9/10,32769,primary,source_covers_phi,"[518964491367/549755813888, 1]","[1, 1]",64,64,1,0,64,No coverage event is defined for unavailable or supplied-parameter certificates. The outer interval spans all binary completions. Defined-only rates are descriptive; no selected-sample coverage guarantee is asserted.,64,0
0,1/5,"[1, 0]",0,9/10,32769,primary,calibration_covers_coefficients,"[518964491367/549755813888, 1]","[1, 1]",64,64,1,0,64,No coverage event is defined for unavailable or supplied-parameter certificates. The outer interval spans all binary completions. Defined-only rates are descriptive; no selected-sample coverage guarantee is asserted.,64,0
0,1/5,"[1, 0]",0,9/10,32769,control,source_covers_phi,"[0, 1]","[0, 1]",64,0,,0,64,No coverage event is defined for unavailable or supplied-parameter certificates. The outer interval spans all binary completions. Defined-only rates are descriptive; no selected-sample coverage guarantee is asserted.,0,64
0,1/5,"[1, 0]",0,9/10,32769,control,calibration_covers_coefficients,"[518964491367/549755813888, 1]","[1, 1]",64,64,1,0,64,No coverage event is defined for unavailable or supplied-parameter certificates. The outer interval spans all binary completions. Defined-only rates are descriptive; no selected-sample coverage guarantee is asserted.,64,0
1,1/5,"[1, 0]",1,2/5,4097,primary,source_covers_phi,"[518964491367/549755813888, 1]","[1, 1]",64,64,1,0,64,No coverage event is defined for unavailable or supplied-parameter certificates. The outer interval spans all binary completions. Defined-only rates are descriptive; no selected-sample coverage guarantee is asserted.,64,0
1,1/5,"[1, 0]",1,2/5,4097,primary,calibration_covers_coefficients,"[518964491367/549755813888, 1]","[1, 1]",64,64,1,0,64,No coverage event is defined for unavailable or supplied-parameter certificates. The outer interval spans all binary completions. Defined-only rates are descriptive; no selected-sample coverage guarantee is asserted.,64,0
1,1/5,"[1, 0]",1,2/5,4097,control,source_covers_phi,"[0, 1]","[0, 1]",64,0,,0,64,No coverage event is defined for unavailable or supplied-parameter certificates. The outer interval spans all binary completions. Defined-only rates are descriptive; no selected-sample coverage guarantee is asserted.,0,64
1,1/5,"[1, 0]",1,2/5,4097,control,calibration_covers_coefficients,"[518964491367/549755813888, 1]","[1, 1]",64,64,1,0,64,No coverage event is defined for unavailable or supplied-parameter certificates. The outer interval spans all binary completions. Defined-only rates are descriptive; no selected-sample coverage guarantee is asserted.,64,0
1,1/5,"[1, 0]",1,2/5,32769,primary,source_covers_phi,"[518964491367/549755813888, 1]","[1, 1]",64,64,1,0,64,No coverage event is defined for unavailable or supplied-parameter certificates. The outer interval spans all binary completions. Defined-only rates are descriptive; no selected-sample coverage guarantee is asserted.,64,0
1,1/5,"[1, 0]",1,2/5,32769,primary,calibration_covers_coefficients,"[518964491367/549755813888, 1]","[1, 1]",64,64,1,0,64,No coverage event is defined for unavailable or supplied-parameter certificates. The outer interval spans all binary completions. Defined-only rates are descriptive; no selected-sample coverage guarantee is asserted.,64,0
1,1/5,"[1, 0]",1,2/5,32769,control,source_covers_phi,"[0, 1]","[0, 1]",64,0,,0,64,No coverage event is defined for unavailable or supplied-parameter certificates. The outer interval spans all binary completions. Defined-only rates are descriptive; no selected-sample coverage guarantee is asserted.,0,64
1,1/5,"[1, 0]",1,2/5,32769,control,calibration_covers_coefficients,"[518964491367/549755813888, 1]","[1, 1]",64,64,1,0,64,No coverage event is defined for unavailable or supplied-parameter certificates. The outer interval spans all binary completions. Defined-only rates are descriptive; no selected-sample coverage guarantee is asserted.,64,0
2,1/5,"[1, 0]",1,9/10,4097,primary,source_covers_phi,"[518964491367/549755813888, 1]","[1, 1]",64,64,1,0,64,No coverage event is defined for unavailable or supplied-parameter certificates. The outer interval spans all binary completions. Defined-only rates are descriptive; no selected-sample coverage guarantee is asserted.,64,0
2,1/5,"[1, 0]",1,9/10,4097,primary,calibration_covers_coefficients,"[518964491367/549755813888, 1]","[1, 1]",64,64,1,0,64,No coverage event is defined for unavailable or supplied-parameter certificates. The outer interval spans all binary completions. Defined-only rates are descriptive; no selected-sample coverage guarantee is asserted.,64,0
2,1/5,"[1, 0]",1,9/10,4097,control,source_covers_phi,"[0, 1]","[0, 1]",64,0,,0,64,No coverage event is defined for unavailable or supplied-parameter certificates. The outer interval spans all binary completions. Defined-only rates are descriptive; no selected-sample coverage guarantee is asserted.,0,64
2,1/5,"[1, 0]",1,9/10,4097,control,calibration_covers_coefficients,"[518964491367/549755813888, 1]","[1, 1]",64,64,1,0,64,No coverage event is defined for unavailable or supplied-parameter certificates. The outer interval spans all binary completions. Defined-only rates are descriptive; no selected-sample coverage guarantee is asserted.,64,0
2,1/5,"[1, 0]",1,9/10,32769,primary,source_covers_phi,"[518964491367/549755813888, 1]","[1, 1]",64,64,1,0,64,No coverage event is defined for unavailable or supplied-parameter certificates. The outer interval spans all binary completions. Defined-only rates are descriptive; no selected-sample coverage guarantee is asserted.,64,0
2,1/5,"[1, 0]",1,9/10,32769,primary,calibration_covers_coefficients,"[518964491367/549755813888, 1]","[1, 1]",64,64,1,0,64,No coverage event is defined for unavailable or supplied-parameter certificates. The outer interval spans all binary completions. Defined-only rates are descriptive; no selected-sample coverage guarantee is asserted.,64,0
2,1/5,"[1, 0]",1,9/10,32769,control,source_covers_phi,"[0, 1]","[0, 1]",64,0,,0,64,No coverage event is defined for unavailable or supplied-parameter certificates. The outer interval spans all binary completions. Defined-only rates are descriptive; no selected-sample coverage guarantee is asserted.,0,64
2,1/5,"[1, 0]",1,9/10,32769,control,calibration_covers_coefficients,"[518964491367/549755813888, 1]","[1, 1]",64,64,1,0,64,No coverage event is defined for unavailable or supplied-parameter certificates. The outer interval spans all binary completions. Defined-only rates are descriptive; no selected-sample coverage guarantee is asserted.,64,0
3,1/5,"[1, 1/10]",0,9/10,4097,primary,source_covers_phi,"[518964491367/549755813888, 1]","[1, 1]",64,64,1,0,64,No coverage event is defined for unavailable or supplied-parameter certificates. The outer interval spans all binary completions. Defined-only rates are descriptive; no selected-sample coverage guarantee is asserted.,64,0
3,1/5,"[1, 1/10]",0,9/10,4097,primary,calibration_covers_coefficients,"[518964491367/549755813888, 1]","[1, 1]",64,64,1,0,64,No coverage event is defined for unavailable or supplied-parameter certificates. The outer interval spans all binary completions. Defined-only rates are descriptive; no selected-sample coverage guarantee is asserted.,64,0
3,1/5,"[1, 1/10]",0,9/10,4097,control,source_covers_phi,"[0, 1]","[0, 1]",64,0,,0,64,No coverage event is defined for unavailable or supplied-parameter certificates. The outer interval spans all binary completions. Defined-only rates are descriptive; no selected-sample coverage guarantee is asserted.,0,64
3,1/5,"[1, 1/10]",0,9/10,4097,control,calibration_covers_coefficients,"[518964491367/549755813888, 1]","[1, 1]",64,64,1,0,64,No coverage event is defined for unavailable or supplied-parameter certificates. The outer interval spans all binary completions. Defined-only rates are descriptive; no selected-sample coverage guarantee is asserted.,64,0
3,1/5,"[1, 1/10]",0,9/10,32769,primary,source_covers_phi,"[518964491367/549755813888, 1]","[1, 1]",64,64,1,0,64,No coverage event is defined for unavailable or supplied-parameter certificates. The outer interval spans all binary completions. Defined-only rates are descriptive; no selected-sample coverage guarantee is asserted.,64,0
3,1/5,"[1, 1/10]",0,9/10,32769,primary,calibration_covers_coefficients,"[518964491367/549755813888, 1]","[1, 1]",64,64,1,0,64,No coverage event is defined for unavailable or supplied-parameter certificates. The outer interval spans all binary completions. Defined-only rates are descriptive; no selected-sample coverage guarantee is asserted.,64,0
3,1/5,"[1, 1/10]",0,9/10,32769,control,source_covers_phi,"[0, 1]","[0, 1]",64,0,,0,64,No coverage event is defined for unavailable or supplied-parameter certificates. The outer interval spans all binary completions. Defined-only rates are descriptive; no selected-sample coverage guarantee is asserted.,0,64
3,1/5,"[1, 1/10]",0,9/10,32769,control,calibration_covers_coefficients,"[518964491367/549755813888, 1]","[1, 1]",64,64,1,0,64,No coverage event is defined for unavailable or supplied-parameter certificates. The outer interval spans all binary completions. Defined-only rates are descriptive; no selected-sample coverage guarantee is asserted.,64,0
4,1/5,"[1, 1/10]",1,2/5,4097,primary,source_covers_phi,"[518964491367/549755813888, 1]","[1, 1]",64,64,1,0,64,No coverage event is defined for unavailable or supplied-parameter certificates. The outer interval spans all binary completions. Defined-only rates are descriptive; no selected-sample coverage guarantee is asserted.,64,0
4,1/5,"[1, 1/10]",1,2/5,4097,primary,calibration_covers_coefficients,"[518964491367/549755813888, 1]","[1, 1]",64,64,1,0,64,No coverage event is defined for unavailable or supplied-parameter certificates. The outer interval spans all binary completions. Defined-only rates are descriptive; no selected-sample coverage guarantee is asserted.,64,0
4,1/5,"[1, 1/10]",1,2/5,4097,control,source_covers_phi,"[0, 1]","[0, 1]",64,0,,0,64,No coverage event is defined for unavailable or supplied-parameter certificates. The outer interval spans all binary completions. Defined-only rates are descriptive; no selected-sample coverage guarantee is asserted.,0,64
4,1/5,"[1, 1/10]",1,2/5,4097,control,calibration_covers_coefficients,"[518964491367/549755813888, 1]","[1, 1]",64,64,1,0,64,No coverage event is defined for unavailable or supplied-parameter certificates. The outer interval spans all binary completions. Defined-only rates are descriptive; no selected-sample coverage guarantee is asserted.,64,0
4,1/5,"[1, 1/10]",1,2/5,32769,primary,source_covers_phi,"[518964491367/549755813888, 1]","[1, 1]",64,64,1,0,64,No coverage event is defined for unavailable or supplied-parameter certificates. The outer interval spans all binary completions. Defined-only rates are descriptive; no selected-sample coverage guarantee is asserted.,64,0
4,1/5,"[1, 1/10]",1,2/5,32769,primary,calibration_covers_coefficients,"[518964491367/549755813888, 1]","[1, 1]",64,64,1,0,64,No coverage event is defined for unavailable or supplied-parameter certificates. The outer interval spans all binary completions. Defined-only rates are descriptive; no selected-sample coverage guarantee is asserted.,64,0
4,1/5,"[1, 1/10]",1,2/5,32769,control,source_covers_phi,"[0, 1]","[0, 1]",64,0,,0,64,No coverage event is defined for unavailable or supplied-parameter certificates. The outer interval spans all binary completions. Defined-only rates are descriptive; no selected-sample coverage guarantee is asserted.,0,64
4,1/5,"[1, 1/10]",1,2/5,32769,control,calibration_covers_coefficients,"[518964491367/549755813888, 1]","[1, 1]",64,64,1,0,64,No coverage event is defined for unavailable or supplied-parameter certificates. The outer interval spans all binary completions. Defined-only rates are descriptive; no selected-sample coverage guarantee is asserted.,64,0
5,1/5,"[1, 1/10]",1,9/10,4097,primary,source_covers_phi,"[518964491367/549755813888, 1]","[1, 1]",64,64,1,0,64,No coverage event is defined for unavailable or supplied-parameter certificates. The outer interval spans all binary completions. Defined-only rates are descriptive; no selected-sample coverage guarantee is asserted.,64,0
5,1/5,"[1, 1/10]",1,9/10,4097,primary,calibration_covers_coefficients,"[518964491367/549755813888, 1]","[1, 1]",64,64,1,0,64,No coverage event is defined for unavailable or supplied-parameter certificates. The outer interval spans all binary completions. Defined-only rates are descriptive; no selected-sample coverage guarantee is asserted.,64,0
5,1/5,"[1, 1/10]",1,9/10,4097,control,source_covers_phi,"[0, 1]","[0, 1]",64,0,,0,64,No coverage event is defined for unavailable or supplied-parameter certificates. The outer interval spans all binary completions. Defined-only rates are descriptive; no selected-sample coverage guarantee is asserted.,0,64
5,1/5,"[1, 1/10]",1,9/10,4097,control,calibration_covers_coefficients,"[518964491367/549755813888, 1]","[1, 1]",64,64,1,0,64,No coverage event is defined for unavailable or supplied-parameter certificates. The outer interval spans all binary completions. Defined-only rates are descriptive; no selected-sample coverage guarantee is asserted.,64,0
5,1/5,"[1, 1/10]",1,9/10,32769,primary,source_covers_phi,"[518964491367/549755813888, 1]","[1, 1]",64,64,1,0,64,No coverage event is defined for unavailable or supplied-parameter certificates. The outer interval spans all binary completions. Defined-only rates are descriptive; no selected-sample coverage guarantee is asserted.,64,0
5,1/5,"[1, 1/10]",1,9/10,32769,primary,calibration_covers_coefficients,"[518964491367/549755813888, 1]","[1, 1]",64,64,1,0,64,No coverage event is defined for unavailable or supplied-parameter certificates. The outer interval spans all binary completions. Defined-only rates are descriptive; no selected-sample coverage guarantee is asserted.,64,0
5,1/5,"[1, 1/10]",1,9/10,32769,control,source_covers_phi,"[0, 1]","[0, 1]",64,0,,0,64,No coverage event is defined for unavailable or supplied-parameter certificates. The outer interval spans all binary completions. Defined-only rates are descriptive; no selected-sample coverage guarantee is asserted.,0,64
5,1/5,"[1, 1/10]",1,9/10,32769,control,calibration_covers_coefficients,"[518964491367/549755813888, 1]","[1, 1]",64,64,1,0,64,No coverage event is defined for unavailable or supplied-parameter certificates. The outer interval spans all binary completions. Defined-only rates are descriptive; no selected-sample coverage guarantee is asserted.,64,0
6,4/5,"[1, 0]",0,9/10,4097,primary,source_covers_phi,"[518964491367/549755813888, 1]","[1, 1]",64,64,1,0,64,No coverage event is defined for unavailable or supplied-parameter certificates. The outer interval spans all binary completions. Defined-only rates are descriptive; no selected-sample coverage guarantee is asserted.,64,0
6,4/5,"[1, 0]",0,9/10,4097,primary,calibration_covers_coefficients,"[518964491367/549755813888, 1]","[1, 1]",64,64,1,0,64,No coverage event is defined for unavailable or supplied-parameter certificates. The outer interval spans all binary completions. Defined-only rates are descriptive; no selected-sample coverage guarantee is asserted.,64,0
6,4/5,"[1, 0]",0,9/10,4097,control,source_covers_phi,"[0, 1]","[0, 1]",64,0,,0,64,No coverage event is defined for unavailable or supplied-parameter certificates. The outer interval spans all binary completions. Defined-only rates are descriptive; no selected-sample coverage guarantee is asserted.,0,64
6,4/5,"[1, 0]",0,9/10,4097,control,calibration_covers_coefficients,"[518964491367/549755813888, 1]","[1, 1]",64,64,1,0,64,No coverage event is defined for unavailable or supplied-parameter certificates. The outer interval spans all binary completions. Defined-only rates are descriptive; no selected-sample coverage guarantee is asserted.,64,0
6,4/5,"[1, 0]",0,9/10,32769,primary,source_covers_phi,"[518964491367/549755813888, 1]","[1, 1]",64,64,1,0,64,No coverage event is defined for unavailable or supplied-parameter certificates. The outer interval spans all binary completions. Defined-only rates are descriptive; no selected-sample coverage guarantee is asserted.,64,0
6,4/5,"[1, 0]",0,9/10,32769,primary,calibration_covers_coefficients,"[518964491367/549755813888, 1]","[1, 1]",64,64,1,0,64,No coverage event is defined for unavailable or supplied-parameter certificates. The outer interval spans all binary completions. Defined-only rates are descriptive; no selected-sample coverage guarantee is asserted.,64,0
6,4/5,"[1, 0]",0,9/10,32769,control,source_covers_phi,"[0, 1]","[0, 1]",64,0,,0,64,No coverage event is defined for unavailable or supplied-parameter certificates. The outer interval spans all binary completions. Defined-only rates are descriptive; no selected-sample coverage guarantee is asserted.,0,64
6,4/5,"[1, 0]",0,9/10,32769,control,calibration_covers_coefficients,"[518964491367/549755813888, 1]","[1, 1]",64,64,1,0,64,No coverage event is defined for unavailable or supplied-parameter certificates. The outer interval spans all binary completions. Defined-only rates are descriptive; no selected-sample coverage guarantee is asserted.,64,0
7,4/5,"[1, 0]",1,2/5,4097,primary,source_covers_phi,"[518964491367/549755813888, 1]","[1, 1]",64,64,1,0,64,No coverage event is defined for unavailable or supplied-parameter certificates. The outer interval spans all binary completions. Defined-only rates are descriptive; no selected-sample coverage guarantee is asserted.,64,0
7,4/5,"[1, 0]",1,2/5,4097,primary,calibration_covers_coefficients,"[62946331063/68719476736, 1]","[63/64, 1]",64,63,1,0,64,No coverage event is defined for unavailable or supplied-parameter certificates. The outer interval spans all binary completions. Defined-only rates are descriptive; no selected-sample coverage guarantee is asserted.,63,1
7,4/5,"[1, 0]",1,2/5,4097,control,source_covers_phi,"[0, 1]","[0, 1]",64,0,,0,64,No coverage event is defined for unavailable or supplied-parameter certificates. The outer interval spans all binary completions. Defined-only rates are descriptive; no selected-sample coverage guarantee is asserted.,0,64
7,4/5,"[1, 0]",1,2/5,4097,control,calibration_covers_coefficients,"[518964491367/549755813888, 1]","[1, 1]",64,64,1,0,64,No coverage event is defined for unavailable or supplied-parameter certificates. The outer interval spans all binary completions. Defined-only rates are descriptive; no selected-sample coverage guarantee is asserted.,64,0
7,4/5,"[1, 0]",1,2/5,32769,primary,source_covers_phi,"[518964491367/549755813888, 1]","[1, 1]",64,64,1,0,64,No coverage event is defined for unavailable or supplied-parameter certificates. The outer interval spans all binary completions. Defined-only rates are descriptive; no selected-sample coverage guarantee is asserted.,64,0
7,4/5,"[1, 0]",1,2/5,32769,primary,calibration_covers_coefficients,"[518964491367/549755813888, 1]","[1, 1]",64,64,1,0,64,No coverage event is defined for unavailable or supplied-parameter certificates. The outer interval spans all binary completions. Defined-only rates are descriptive; no selected-sample coverage guarantee is asserted.,64,0
7,4/5,"[1, 0]",1,2/5,32769,control,source_covers_phi,"[0, 1]","[0, 1]",64,0,,0,64,No coverage event is defined for unavailable or supplied-parameter certificates. The outer interval spans all binary completions. Defined-only rates are descriptive; no selected-sample coverage guarantee is asserted.,0,64
7,4/5,"[1, 0]",1,2/5,32769,control,calibration_covers_coefficients,"[518964491367/549755813888, 1]","[1, 1]",64,64,1,0,64,No coverage event is defined for unavailable or supplied-parameter certificates. The outer interval spans all binary completions. Defined-only rates are descriptive; no selected-sample coverage guarantee is asserted.,64,0
8,4/5,"[1, 0]",1,9/10,4097,primary,source_covers_phi,"[518964491367/549755813888, 1]","[1, 1]",64,64,1,0,64,No coverage event is defined for unavailable or supplied-parameter certificates. The outer interval spans all binary completions. Defined-only rates are descriptive; no selected-sample coverage guarantee is asserted.,64,0
8,4/5,"[1, 0]",1,9/10,4097,primary,calibration_covers_coefficients,"[518964491367/549755813888, 1]","[1, 1]",64,64,1,0,64,No coverage event is defined for unavailable or supplied-parameter certificates. The outer interval spans all binary completions. Defined-only rates are descriptive; no selected-sample coverage guarantee is asserted.,64,0
8,4/5,"[1, 0]",1,9/10,4097,control,source_covers_phi,"[0, 1]","[0, 1]",64,0,,0,64,No coverage event is defined for unavailable or supplied-parameter certificates. The outer interval spans all binary completions. Defined-only rates are descriptive; no selected-sample coverage guarantee is asserted.,0,64
8,4/5,"[1, 0]",1,9/10,4097,control,calibration_covers_coefficients,"[518964491367/549755813888, 1]","[1, 1]",64,64,1,0,64,No coverage event is defined for unavailable or supplied-parameter certificates. The outer interval spans all binary completions. Defined-only rates are descriptive; no selected-sample coverage guarantee is asserted.,64,0
8,4/5,"[1, 0]",1,9/10,32769,primary,source_covers_phi,"[518964491367/549755813888, 1]","[1, 1]",64,64,1,0,64,No coverage event is defined for unavailable or supplied-parameter certificates. The outer interval spans all binary completions. Defined-only rates are descriptive; no selected-sample coverage guarantee is asserted.,64,0
8,4/5,"[1, 0]",1,9/10,32769,primary,calibration_covers_coefficients,"[518964491367/549755813888, 1]","[1, 1]",64,64,1,0,64,No coverage event is defined for unavailable or supplied-parameter certificates. The outer interval spans all binary completions. Defined-only rates are descriptive; no selected-sample coverage guarantee is asserted.,64,0
8,4/5,"[1, 0]",1,9/10,32769,control,source_covers_phi,"[0, 1]","[0, 1]",64,0,,0,64,No coverage event is defined for unavailable or supplied-parameter certificates. The outer interval spans all binary completions. Defined-only rates are descriptive; no selected-sample coverage guarantee is asserted.,0,64
8,4/5,"[1, 0]",1,9/10,32769,control,calibration_covers_coefficients,"[518964491367/549755813888, 1]","[1, 1]",64,64,1,0,64,No coverage event is defined for unavailable or supplied-parameter certificates. The outer interval spans all binary completions. Defined-only rates are descriptive; no selected-sample coverage guarantee is asserted.,64,0
9,4/5,"[1, 1/10]",0,9/10,4097,primary,source_covers_phi,"[518964491367/549755813888, 1]","[1, 1]",64,64,1,0,64,No coverage event is defined for unavailable or supplied-parameter certificates. The outer interval spans all binary completions. Defined-only rates are descriptive; no selected-sample coverage guarantee is asserted.,64,0
9,4/5,"[1, 1/10]",0,9/10,4097,primary,calibration_covers_coefficients,"[62946331063/68719476736, 1]","[63/64, 1]",64,63,1,0,64,No coverage event is defined for unavailable or supplied-parameter certificates. The outer interval spans all binary completions. Defined-only rates are descriptive; no selected-sample coverage guarantee is asserted.,63,1
9,4/5,"[1, 1/10]",0,9/10,4097,control,source_covers_phi,"[0, 1]","[0, 1]",64,0,,0,64,No coverage event is defined for unavailable or supplied-parameter certificates. The outer interval spans all binary completions. Defined-only rates are descriptive; no selected-sample coverage guarantee is asserted.,0,64
9,4/5,"[1, 1/10]",0,9/10,4097,control,calibration_covers_coefficients,"[518964491367/549755813888, 1]","[1, 1]",64,64,1,0,64,No coverage event is defined for unavailable or supplied-parameter certificates. The outer interval spans all binary completions. Defined-only rates are descriptive; no selected-sample coverage guarantee is asserted.,64,0
9,4/5,"[1, 1/10]",0,9/10,32769,primary,source_covers_phi,"[518964491367/549755813888, 1]","[1, 1]",64,64,1,0,64,No coverage event is defined for unavailable or supplied-parameter certificates. The outer interval spans all binary completions. Defined-only rates are descriptive; no selected-sample coverage guarantee is asserted.,64,0
9,4/5,"[1, 1/10]",0,9/10,32769,primary,calibration_covers_coefficients,"[518964491367/549755813888, 1]","[1, 1]",64,64,1,0,64,No coverage event is defined for unavailable or supplied-parameter certificates. The outer interval spans all binary completions. Defined-only rates are descriptive; no selected-sample coverage guarantee is asserted.,64,0
9,4/5,"[1, 1/10]",0,9/10,32769,control,source_covers_phi,"[0, 1]","[0, 1]",64,0,,0,64,No coverage event is defined for unavailable or supplied-parameter certificates. The outer interval spans all binary completions. Defined-only rates are descriptive; no selected-sample coverage guarantee is asserted.,0,64
9,4/5,"[1, 1/10]",0,9/10,32769,control,calibration_covers_coefficients,"[518964491367/549755813888, 1]","[1, 1]",64,64,1,0,64,No coverage event is defined for unavailable or supplied-parameter certificates. The outer interval spans all binary completions. Defined-only rates are descriptive; no selected-sample coverage guarantee is asserted.,64,0
10,4/5,"[1, 1/10]",1,2/5,4097,primary,source_covers_phi,"[518964491367/549755813888, 1]","[1, 1]",64,64,1,0,64,No coverage event is defined for unavailable or supplied-parameter certificates. The outer interval spans all binary completions. Defined-only rates are descriptive; no selected-sample coverage guarantee is asserted.,64,0
10,4/5,"[1, 1/10]",1,2/5,4097,primary,calibration_covers_coefficients,"[518964491367/549755813888, 1]","[1, 1]",64,64,1,0,64,No coverage event is defined for unavailable or supplied-parameter certificates. The outer interval spans all binary completions. Defined-only rates are descriptive; no selected-sample coverage guarantee is asserted.,64,0
10,4/5,"[1, 1/10]",1,2/5,4097,control,source_covers_phi,"[0, 1]","[0, 1]",64,0,,0,64,No coverage event is defined for unavailable or supplied-parameter certificates. The outer interval spans all binary completions. Defined-only rates are descriptive; no selected-sample coverage guarantee is asserted.,0,64
10,4/5,"[1, 1/10]",1,2/5,4097,control,calibration_covers_coefficients,"[518964491367/549755813888, 1]","[1, 1]",64,64,1,0,64,No coverage event is defined for unavailable or supplied-parameter certificates. The outer interval spans all binary completions. Defined-only rates are descriptive; no selected-sample coverage guarantee is asserted.,64,0
10,4/5,"[1, 1/10]",1,2/5,32769,primary,source_covers_phi,"[518964491367/549755813888, 1]","[1, 1]",64,64,1,0,64,No coverage event is defined for unavailable or supplied-parameter certificates. The outer interval spans all binary completions. Defined-only rates are descriptive; no selected-sample coverage guarantee is asserted.,64,0
10,4/5,"[1, 1/10]",1,2/5,32769,primary,calibration_covers_coefficients,"[518964491367/549755813888, 1]","[1, 1]",64,64,1,0,64,No coverage event is defined for unavailable or supplied-parameter certificates. The outer interval spans all binary completions. Defined-only rates are descriptive; no selected-sample coverage guarantee is asserted.,64,0
10,4/5,"[1, 1/10]",1,2/5,32769,control,source_covers_phi,"[0, 1]","[0, 1]",64,0,,0,64,No coverage event is defined for unavailable or supplied-parameter certificates. The outer interval spans all binary completions. Defined-only rates are descriptive; no selected-sample coverage guarantee is asserted.,0,64
10,4/5,"[1, 1/10]",1,2/5,32769,control,calibration_covers_coefficients,"[518964491367/549755813888, 1]","[1, 1]",64,64,1,0,64,No coverage event is defined for unavailable or supplied-parameter certificates. The outer interval spans all binary completions. Defined-only rates are descriptive; no selected-sample coverage guarantee is asserted.,64,0
11,4/5,"[1, 1/10]",1,9/10,4097,primary,source_covers_phi,"[518964491367/549755813888, 1]","[1, 1]",64,64,1,0,64,No coverage event is defined for unavailable or supplied-parameter certificates. The outer interval spans all binary completions. Defined-only rates are descriptive; no selected-sample coverage guarantee is asserted.,64,0
11,4/5,"[1, 1/10]",1,9/10,4097,primary,calibration_covers_coefficients,"[62946331063/68719476736, 1]","[63/64, 1]",64,63,1,0,64,No coverage event is defined for unavailable or supplied-parameter certificates. The outer interval spans all binary completions. Defined-only rates are descriptive; no selected-sample coverage guarantee is asserted.,63,1
11,4/5,"[1, 1/10]",1,9/10,4097,control,source_covers_phi,"[0, 1]","[0, 1]",64,0,,0,64,No coverage event is defined for unavailable or supplied-parameter certificates. The outer interval spans all binary completions. Defined-only rates are descriptive; no selected-sample coverage guarantee is asserted.,0,64
11,4/5,"[1, 1/10]",1,9/10,4097,control,calibration_covers_coefficients,"[518964491367/549755813888, 1]","[1, 1]",64,64,1,0,64,No coverage event is defined for unavailable or supplied-parameter certificates. The outer interval spans all binary completions. Defined-only rates are descriptive; no selected-sample coverage guarantee is asserted.,64,0
11,4/5,"[1, 1/10]",1,9/10,32769,primary,source_covers_phi,"[518964491367/549755813888, 1]","[1, 1]",64,64,1,0,64,No coverage event is defined for unavailable or supplied-parameter certificates. The outer interval spans all binary completions. Defined-only rates are descriptive; no selected-sample coverage guarantee is asserted.,64,0
11,4/5,"[1, 1/10]",1,9/10,32769,primary,calibration_covers_coefficients,"[518964491367/549755813888, 1]","[1, 1]",64,64,1,0,64,No coverage event is defined for unavailable or supplied-parameter certificates. The outer interval spans all binary completions. Defined-only rates are descriptive; no selected-sample coverage guarantee is asserted.,64,0
11,4/5,"[1, 1/10]",1,9/10,32769,control,source_covers_phi,"[0, 1]","[0, 1]",64,0,,0,64,No coverage event is defined for unavailable or supplied-parameter certificates. The outer interval spans all binary completions. Defined-only rates are descriptive; no selected-sample coverage guarantee is asserted.,0,64
11,4/5,"[1, 1/10]",1,9/10,32769,control,calibration_covers_coefficients,"[518964491367/549755813888, 1]","[1, 1]",64,64,1,0,64,No coverage event is defined for unavailable or supplied-parameter certificates. The outer interval spans all binary completions. Defined-only rates are descriptive; no selected-sample coverage guarantee is asserted.,64,0
12,97/100,"[1, 0]",0,9/10,4097,primary,source_covers_phi,"[518964491367/549755813888, 1]","[1, 1]",64,64,1,0,64,No coverage event is defined for unavailable or supplied-parameter certificates. The outer interval spans all binary completions. Defined-only rates are descriptive; no selected-sample coverage guarantee is asserted.,64,0
12,97/100,"[1, 0]",0,9/10,4097,primary,calibration_covers_coefficients,"[0, 1]","[0, 1]",64,0,,0,64,No coverage event is defined for unavailable or supplied-parameter certificates. The outer interval spans all binary completions. Defined-only rates are descriptive; no selected-sample coverage guarantee is asserted.,0,64
12,97/100,"[1, 0]",0,9/10,4097,control,source_covers_phi,"[0, 1]","[0, 1]",64,0,,0,64,No coverage event is defined for unavailable or supplied-parameter certificates. The outer interval spans all binary completions. Defined-only rates are descriptive; no selected-sample coverage guarantee is asserted.,0,64
12,97/100,"[1, 0]",0,9/10,4097,control,calibration_covers_coefficients,"[518964491367/549755813888, 1]","[1, 1]",64,64,1,0,64,No coverage event is defined for unavailable or supplied-parameter certificates. The outer interval spans all binary completions. Defined-only rates are descriptive; no selected-sample coverage guarantee is asserted.,64,0
12,97/100,"[1, 0]",0,9/10,32769,primary,source_covers_phi,"[518964491367/549755813888, 1]","[1, 1]",64,64,1,0,64,No coverage event is defined for unavailable or supplied-parameter certificates. The outer interval spans all binary completions. Defined-only rates are descriptive; no selected-sample coverage guarantee is asserted.,64,0
12,97/100,"[1, 0]",0,9/10,32769,primary,calibration_covers_coefficients,"[85275188133/1099511627776, 1]","[5/32, 1]",64,10,1,0,64,No coverage event is defined for unavailable or supplied-parameter certificates. The outer interval spans all binary completions. Defined-only rates are descriptive; no selected-sample coverage guarantee is asserted.,10,54
12,97/100,"[1, 0]",0,9/10,32769,control,source_covers_phi,"[0, 1]","[0, 1]",64,0,,0,64,No coverage event is defined for unavailable or supplied-parameter certificates. The outer interval spans all binary completions. Defined-only rates are descriptive; no selected-sample coverage guarantee is asserted.,0,64
12,97/100,"[1, 0]",0,9/10,32769,control,calibration_covers_coefficients,"[518964491367/549755813888, 1]","[1, 1]",64,64,1,0,64,No coverage event is defined for unavailable or supplied-parameter certificates. The outer interval spans all binary completions. Defined-only rates are descriptive; no selected-sample coverage guarantee is asserted.,64,0
13,97/100,"[1, 0]",1,2/5,4097,primary,source_covers_phi,"[518964491367/549755813888, 1]","[1, 1]",64,64,1,0,64,No coverage event is defined for unavailable or supplied-parameter certificates. The outer interval spans all binary completions. Defined-only rates are descriptive; no selected-sample coverage guarantee is asserted.,64,0
13,97/100,"[1, 0]",1,2/5,4097,primary,calibration_covers_coefficients,"[0, 1]","[0, 1]",64,0,,0,64,No coverage event is defined for unavailable or supplied-parameter certificates. The outer interval spans all binary completions. Defined-only rates are descriptive; no selected-sample coverage guarantee is asserted.,0,64
13,97/100,"[1, 0]",1,2/5,4097,control,source_covers_phi,"[0, 1]","[0, 1]",64,0,,0,64,No coverage event is defined for unavailable or supplied-parameter certificates. The outer interval spans all binary completions. Defined-only rates are descriptive; no selected-sample coverage guarantee is asserted.,0,64
13,97/100,"[1, 0]",1,2/5,4097,control,calibration_covers_coefficients,"[518964491367/549755813888, 1]","[1, 1]",64,64,1,0,64,No coverage event is defined for unavailable or supplied-parameter certificates. The outer interval spans all binary completions. Defined-only rates are descriptive; no selected-sample coverage guarantee is asserted.,64,0
13,97/100,"[1, 0]",1,2/5,32769,primary,source_covers_phi,"[518964491367/549755813888, 1]","[1, 1]",64,64,1,0,64,No coverage event is defined for unavailable or supplied-parameter certificates. The outer interval spans all binary completions. Defined-only rates are descriptive; no selected-sample coverage guarantee is asserted.,64,0
13,97/100,"[1, 0]",1,2/5,32769,primary,calibration_covers_coefficients,"[110847439965/1099511627776, 1]","[3/16, 1]",64,12,1,0,64,No coverage event is defined for unavailable or supplied-parameter certificates. The outer interval spans all binary completions. Defined-only rates are descriptive; no selected-sample coverage guarantee is asserted.,12,52
13,97/100,"[1, 0]",1,2/5,32769,control,source_covers_phi,"[0, 1]","[0, 1]",64,0,,0,64,No coverage event is defined for unavailable or supplied-parameter certificates. The outer interval spans all binary completions. Defined-only rates are descriptive; no selected-sample coverage guarantee is asserted.,0,64
13,97/100,"[1, 0]",1,2/5,32769,control,calibration_covers_coefficients,"[518964491367/549755813888, 1]","[1, 1]",64,64,1,0,64,No coverage event is defined for unavailable or supplied-parameter certificates. The outer interval spans all binary completions. Defined-only rates are descriptive; no selected-sample coverage guarantee is asserted.,64,0
14,97/100,"[1, 0]",1,9/10,4097,primary,source_covers_phi,"[518964491367/549755813888, 1]","[1, 1]",64,64,1,0,64,No coverage event is defined for unavailable or supplied-parameter certificates. The outer interval spans all binary completions. Defined-only rates are descriptive; no selected-sample coverage guarantee is asserted.,64,0
14,97/100,"[1, 0]",1,9/10,4097,primary,calibration_covers_coefficients,"[0, 1]","[0, 1]",64,0,,0,64,No coverage event is defined for unavailable or supplied-parameter certificates. The outer interval spans all binary completions. Defined-only rates are descriptive; no selected-sample coverage guarantee is asserted.,0,64
14,97/100,"[1, 0]",1,9/10,4097,control,source_covers_phi,"[0, 1]","[0, 1]",64,0,,0,64,No coverage event is defined for unavailable or supplied-parameter certificates. The outer interval spans all binary completions. Defined-only rates are descriptive; no selected-sample coverage guarantee is asserted.,0,64
14,97/100,"[1, 0]",1,9/10,4097,control,calibration_covers_coefficients,"[518964491367/549755813888, 1]","[1, 1]",64,64,1,0,64,No coverage event is defined for unavailable or supplied-parameter certificates. The outer interval spans all binary completions. Defined-only rates are descriptive; no selected-sample coverage guarantee is asserted.,64,0
14,97/100,"[1, 0]",1,9/10,32769,primary,source_covers_phi,"[518964491367/549755813888, 1]","[1, 1]",64,64,1,0,64,No coverage event is defined for unavailable or supplied-parameter certificates. The outer interval spans all binary completions. Defined-only rates are descriptive; no selected-sample coverage guarantee is asserted.,64,0
14,97/100,"[1, 0]",1,9/10,32769,primary,calibration_covers_coefficients,"[97910406905/1099511627776, 1]","[11/64, 1]",64,11,1,0,64,No coverage event is defined for unavailable or supplied-parameter certificates. The outer interval spans all binary completions. Defined-only rates are descriptive; no selected-sample coverage guarantee is asserted.,11,53
14,97/100,"[1, 0]",1,9/10,32769,control,source_covers_phi,"[0, 1]","[0, 1]",64,0,,0,64,No coverage event is defined for unavailable or supplied-parameter certificates. The outer interval spans all binary completions. Defined-only rates are descriptive; no selected-sample coverage guarantee is asserted.,0,64
14,97/100,"[1, 0]",1,9/10,32769,control,calibration_covers_coefficients,"[518964491367/549755813888, 1]","[1, 1]",64,64,1,0,64,No coverage event is defined for unavailable or supplied-parameter certificates. The outer interval spans all binary completions. Defined-only rates are descriptive; no selected-sample coverage guarantee is asserted.,64,0
15,97/100,"[1, 1/10]",0,9/10,4097,primary,source_covers_phi,"[518964491367/549755813888, 1]","[1, 1]",64,64,1,0,64,No coverage event is defined for unavailable or supplied-parameter certificates. The outer interval spans all binary completions. Defined-only rates are descriptive; no selected-sample coverage guarantee is asserted.,64,0
15,97/100,"[1, 1/10]",0,9/10,4097,primary,calibration_covers_coefficients,"[0, 1]","[0, 1]",64,0,,0,64,No coverage event is defined for unavailable or supplied-parameter certificates. The outer interval spans all binary completions. Defined-only rates are descriptive; no selected-sample coverage guarantee is asserted.,0,64
15,97/100,"[1, 1/10]",0,9/10,4097,control,source_covers_phi,"[0, 1]","[0, 1]",64,0,,0,64,No coverage event is defined for unavailable or supplied-parameter certificates. The outer interval spans all binary completions. Defined-only rates are descriptive; no selected-sample coverage guarantee is asserted.,0,64
15,97/100,"[1, 1/10]",0,9/10,4097,control,calibration_covers_coefficients,"[518964491367/549755813888, 1]","[1, 1]",64,64,1,0,64,No coverage event is defined for unavailable or supplied-parameter certificates. The outer interval spans all binary completions. Defined-only rates are descriptive; no selected-sample coverage guarantee is asserted.,64,0
15,97/100,"[1, 1/10]",0,9/10,32769,primary,source_covers_phi,"[518964491367/549755813888, 1]","[1, 1]",64,64,1,0,64,No coverage event is defined for unavailable or supplied-parameter certificates. The outer interval spans all binary completions. Defined-only rates are descriptive; no selected-sample coverage guarantee is asserted.,64,0
15,97/100,"[1, 1/10]",0,9/10,32769,primary,calibration_covers_coefficients,"[110847439965/1099511627776, 1]","[3/16, 1]",64,12,1,0,64,No coverage event is defined for unavailable or supplied-parameter certificates. The outer interval spans all binary completions. Defined-only rates are descriptive; no selected-sample coverage guarantee is asserted.,12,52
15,97/100,"[1, 1/10]",0,9/10,32769,control,source_covers_phi,"[0, 1]","[0, 1]",64,0,,0,64,No coverage event is defined for unavailable or supplied-parameter certificates. The outer interval spans all binary completions. Defined-only rates are descriptive; no selected-sample coverage guarantee is asserted.,0,64
15,97/100,"[1, 1/10]",0,9/10,32769,control,calibration_covers_coefficients,"[518964491367/549755813888, 1]","[1, 1]",64,64,1,0,64,No coverage event is defined for unavailable or supplied-parameter certificates. The outer interval spans all binary completions. Defined-only rates are descriptive; no selected-sample coverage guarantee is asserted.,64,0
16,97/100,"[1, 1/10]",1,2/5,4097,primary,source_covers_phi,"[518964491367/549755813888, 1]","[1, 1]",64,64,1,0,64,No coverage event is defined for unavailable or supplied-parameter certificates. The outer interval spans all binary completions. Defined-only rates are descriptive; no selected-sample coverage guarantee is asserted.,64,0
16,97/100,"[1, 1/10]",1,2/5,4097,primary,calibration_covers_coefficients,"[0, 1]","[0, 1]",64,0,,0,64,No coverage event is defined for unavailable or supplied-parameter certificates. The outer interval spans all binary completions. Defined-only rates are descriptive; no selected-sample coverage guarantee is asserted.,0,64
16,97/100,"[1, 1/10]",1,2/5,4097,control,source_covers_phi,"[0, 1]","[0, 1]",64,0,,0,64,No coverage event is defined for unavailable or supplied-parameter certificates. The outer interval spans all binary completions. Defined-only rates are descriptive; no selected-sample coverage guarantee is asserted.,0,64
16,97/100,"[1, 1/10]",1,2/5,4097,control,calibration_covers_coefficients,"[518964491367/549755813888, 1]","[1, 1]",64,64,1,0,64,No coverage event is defined for unavailable or supplied-parameter certificates. The outer interval spans all binary completions. Defined-only rates are descriptive; no selected-sample coverage guarantee is asserted.,64,0
16,97/100,"[1, 1/10]",1,2/5,32769,primary,source_covers_phi,"[518964491367/549755813888, 1]","[1, 1]",64,64,1,0,64,No coverage event is defined for unavailable or supplied-parameter certificates. The outer interval spans all binary completions. Defined-only rates are descriptive; no selected-sample coverage guarantee is asserted.,64,0
16,97/100,"[1, 1/10]",1,2/5,32769,primary,calibration_covers_coefficients,"[28426597887/1099511627776, 1]","[5/64, 1]",64,5,1,0,64,No coverage event is defined for unavailable or supplied-parameter certificates. The outer interval spans all binary completions. Defined-only rates are descriptive; no selected-sample coverage guarantee is asserted.,5,59
16,97/100,"[1, 1/10]",1,2/5,32769,control,source_covers_phi,"[0, 1]","[0, 1]",64,0,,0,64,No coverage event is defined for unavailable or supplied-parameter certificates. The outer interval spans all binary completions. Defined-only rates are descriptive; no selected-sample coverage guarantee is asserted.,0,64
16,97/100,"[1, 1/10]",1,2/5,32769,control,calibration_covers_coefficients,"[518964491367/549755813888, 1]","[1, 1]",64,64,1,0,64,No coverage event is defined for unavailable or supplied-parameter certificates. The outer interval spans all binary completions. Defined-only rates are descriptive; no selected-sample coverage guarantee is asserted.,64,0
17,97/100,"[1, 1/10]",1,9/10,4097,primary,source_covers_phi,"[518964491367/549755813888, 1]","[1, 1]",64,64,1,0,64,No coverage event is defined for unavailable or supplied-parameter certificates. The outer interval spans all binary completions. Defined-only rates are descriptive; no selected-sample coverage guarantee is asserted.,64,0
17,97/100,"[1, 1/10]",1,9/10,4097,primary,calibration_covers_coefficients,"[0, 1]","[0, 1]",64,0,,0,64,No coverage event is defined for unavailable or supplied-parameter certificates. The outer interval spans all binary completions. Defined-only rates are descriptive; no selected-sample coverage guarantee is asserted.,0,64
17,97/100,"[1, 1/10]",1,9/10,4097,control,source_covers_phi,"[0, 1]","[0, 1]",64,0,,0,64,No coverage event is defined for unavailable or supplied-parameter certificates. The outer interval spans all binary completions. Defined-only rates are descriptive; no selected-sample coverage guarantee is asserted.,0,64
17,97/100,"[1, 1/10]",1,9/10,4097,control,calibration_covers_coefficients,"[518964491367/549755813888, 1]","[1, 1]",64,64,1,0,64,No coverage event is defined for unavailable or supplied-parameter certificates. The outer interval spans all binary completions. Defined-only rates are descriptive; no selected-sample coverage guarantee is asserted.,64,0
17,97/100,"[1, 1/10]",1,9/10,32769,primary,source_covers_phi,"[518964491367/549755813888, 1]","[1, 1]",64,64,1,0,64,No coverage event is defined for unavailable or supplied-parameter certificates. The outer interval spans all binary completions. Defined-only rates are descriptive; no selected-sample coverage guarantee is asserted.,64,0
17,97/100,"[1, 1/10]",1,9/10,32769,primary,calibration_covers_coefficients,"[38688881641/1099511627776, 1]","[3/32, 1]",64,6,1,0,64,No coverage event is defined for unavailable or supplied-parameter certificates. The outer interval spans all binary completions. Defined-only rates are descriptive; no selected-sample coverage guarantee is asserted.,6,58
17,97/100,"[1, 1/10]",1,9/10,32769,control,source_covers_phi,"[0, 1]","[0, 1]",64,0,,0,64,No coverage event is defined for unavailable or supplied-parameter certificates. The outer interval spans all binary completions. Defined-only rates are descriptive; no selected-sample coverage guarantee is asserted.,0,64
17,97/100,"[1, 1/10]",1,9/10,32769,control,calibration_covers_coefficients,"[518964491367/549755813888, 1]","[1, 1]",64,64,1,0,64,No coverage event is defined for unavailable or supplied-parameter certificates. The outer interval spans all binary completions. Defined-only rates are descriptive; no selected-sample coverage guarantee is asserted.,64,0
