cell_id,job_id,replicate,returncode,status,total_child_seconds
0,r000_c00,0,0,COMPLETED,8.252421416999999
1,r000_c01,0,0,COMPLETED,7.996738709
2,r000_c02,0,0,COMPLETED,7.641620791999999
3,r000_c03,0,0,COMPLETED,7.663658125000001
4,r000_c04,0,0,COMPLETED,7.221716708000002
5,r000_c05,0,0,COMPLETED,7.426027958999999
6,r000_c06,0,0,COMPLETED,7.649717625000001
7,r000_c07,0,0,COMPLETED,7.644993207999999
8,r000_c08,0,0,COMPLETED,7.770187874999998
9,r000_c09,0,0,COMPLETED,7.7582507079999985
10,r000_c10,0,0,COMPLETED,7.454819292000003
11,r000_c11,0,0,COMPLETED,7.673292875000001
12,r000_c12,0,0,COMPLETED,7.650486334
13,r000_c13,0,0,COMPLETED,7.852923083
14,r000_c14,0,0,COMPLETED,6.766314083000005
15,r000_c15,0,0,COMPLETED,7.206142290999999
16,r000_c16,0,0,COMPLETED,6.996436916999997
17,r000_c17,0,0,COMPLETED,7.177401374999995
0,r001_c00,1,0,COMPLETED,7.165652457999997
1,r001_c01,1,0,COMPLETED,7.6113820420000025
2,r001_c02,1,0,COMPLETED,6.805609625000002
3,r001_c03,1,0,COMPLETED,7.2172361249999994
4,r001_c04,1,0,COMPLETED,7.148070958999995
5,r001_c05,1,0,COMPLETED,7.146976999999993
6,r001_c06,1,0,COMPLETED,7.210662708000001
7,r001_c07,1,0,COMPLETED,7.227614250000002
8,r001_c08,1,0,COMPLETED,7.0095318750000075
9,r001_c09,1,0,COMPLETED,7.210837916000003
10,r001_c10,1,0,COMPLETED,7.4316510830000055
11,r001_c11,1,0,COMPLETED,7.010117457999996
12,r001_c12,1,0,COMPLETED,6.993412708999998
13,r001_c13,1,0,COMPLETED,7.418150834000002
14,r001_c14,1,0,COMPLETED,10.129386666999991
15,r001_c15,1,0,COMPLETED,11.212769249999994
16,r001_c16,1,0,COMPLETED,9.071336125000002
17,r001_c17,1,0,COMPLETED,8.567301624999999
0,r002_c00,2,0,COMPLETED,10.543646584000015
1,r002_c01,2,0,COMPLETED,11.86634754100001
2,r002_c02,2,0,COMPLETED,11.21104170800001
3,r002_c03,2,0,COMPLETED,10.335501249999993
4,r002_c04,2,0,COMPLETED,10.78673999999998
5,r002_c05,2,0,COMPLETED,10.789203500000013
6,r002_c06,2,0,COMPLETED,10.63532758300002
7,r002_c07,2,0,COMPLETED,10.168113874999989
8,r002_c08,2,0,COMPLETED,9.189231124999992
9,r002_c09,2,0,COMPLETED,9.404727708000024
10,r002_c10,2,0,COMPLETED,9.286029000000013
11,r002_c11,2,0,COMPLETED,9.122773333999987
12,r002_c12,2,0,COMPLETED,8.038397500000002
13,r002_c13,2,0,COMPLETED,7.738110667000001
14,r002_c14,2,0,COMPLETED,7.9577216670000155
15,r002_c15,2,0,COMPLETED,10.360574083000017
16,r002_c16,2,0,COMPLETED,10.433534792000017
17,r002_c17,2,0,COMPLETED,9.066519874999983
0,r003_c00,3,0,COMPLETED,8.60056641700001
1,r003_c01,3,0,COMPLETED,8.183719958000012
2,r003_c02,3,0,COMPLETED,7.739394916000009
3,r003_c03,3,0,COMPLETED,7.305785834000005
4,r003_c04,3,0,COMPLETED,7.784623333000013
5,r003_c05,3,0,COMPLETED,7.780524708999991
6,r003_c06,3,0,COMPLETED,7.776377165999975
7,r003_c07,3,0,COMPLETED,7.780539417
8,r003_c08,3,0,COMPLETED,7.5436975000000075
9,r003_c09,3,0,COMPLETED,7.097864333000018
10,r003_c10,3,0,COMPLETED,7.306527041999971
11,r003_c11,3,0,COMPLETED,7.328210334000005
12,r003_c12,3,0,COMPLETED,7.31083879199997
13,r003_c13,3,0,COMPLETED,7.751582083000017
14,r003_c14,3,0,COMPLETED,7.968565833999946
15,r003_c15,3,0,COMPLETED,7.530752207999967
16,r003_c16,3,0,COMPLETED,7.296672708000017
17,r003_c17,3,0,COMPLETED,7.511717916000009
0,r004_c00,4,0,COMPLETED,8.193442875000017
1,r004_c01,4,0,COMPLETED,8.407855666999978
2,r004_c02,4,0,COMPLETED,8.647941082999978
3,r004_c03,4,0,COMPLETED,8.23632683400001
4,r004_c04,4,0,COMPLETED,7.992564791000007
5,r004_c05,4,0,COMPLETED,8.413467709000031
6,r004_c06,4,0,COMPLETED,7.973234624999975
7,r004_c07,4,0,COMPLETED,7.743495709000001
8,r004_c08,4,0,COMPLETED,7.985873499999968
9,r004_c09,4,0,COMPLETED,8.17728633300004
10,r004_c10,4,0,COMPLETED,9.098711624999964
11,r004_c11,4,0,COMPLETED,10.410448250000002
12,r004_c12,4,0,COMPLETED,10.160690332999991
13,r004_c13,4,0,COMPLETED,9.952214166999966
14,r004_c14,4,0,COMPLETED,8.44689633300004
15,r004_c15,4,0,COMPLETED,8.211422082999945
16,r004_c16,4,0,COMPLETED,7.7647323329999836
17,r004_c17,4,0,COMPLETED,7.341266874999974
0,r005_c00,5,0,COMPLETED,7.542520042000035
1,r005_c01,5,0,COMPLETED,7.3292714170000295
2,r005_c02,5,0,COMPLETED,7.122847250000007
3,r005_c03,5,0,COMPLETED,7.752453500000001
4,r005_c04,5,0,COMPLETED,9.072961499999963
5,r005_c05,5,0,COMPLETED,9.372610709000014
6,r005_c06,5,0,COMPLETED,8.926946125000029
7,r005_c07,5,0,COMPLETED,8.654000542000006
8,r005_c08,5,0,COMPLETED,8.867688499999986
9,r005_c09,5,0,COMPLETED,9.125566791999972
10,r005_c10,5,0,COMPLETED,8.894475624999984
11,r005_c11,5,0,COMPLETED,8.861779124999998
12,r005_c12,5,0,COMPLETED,9.92861770899998
13,r005_c13,5,0,COMPLETED,12.241677125000024
14,r005_c14,5,0,COMPLETED,11.043212832999984
15,r005_c15,5,0,COMPLETED,9.62212708300001
16,r005_c16,5,0,COMPLETED,9.373340584000005
17,r005_c17,5,0,COMPLETED,8.937431415999981
0,r006_c00,6,0,COMPLETED,9.442731000000038
1,r006_c01,6,0,COMPLETED,9.361015334000001
2,r006_c02,6,0,COMPLETED,9.06647245900001
3,r006_c03,6,0,COMPLETED,9.092461500000013
4,r006_c04,6,0,COMPLETED,9.062682832999997
5,r006_c05,6,0,COMPLETED,9.100597666999988
6,r006_c06,6,0,COMPLETED,8.783298000000002
7,r006_c07,6,0,COMPLETED,8.989331125000035
8,r006_c08,6,0,COMPLETED,10.28286637499997
9,r006_c09,6,0,COMPLETED,10.155872583000018
10,r006_c10,6,0,COMPLETED,9.050477959000034
11,r006_c11,6,0,COMPLETED,9.17828291699999
12,r006_c12,6,0,COMPLETED,9.770937040999968
13,r006_c13,6,0,COMPLETED,9.83143608399996
14,r006_c14,6,0,COMPLETED,9.819894916999942
15,r006_c15,6,0,COMPLETED,9.792315292000012
16,r006_c16,6,0,COMPLETED,10.441192708000017
17,r006_c17,6,0,COMPLETED,10.861568917
0,r007_c00,7,0,COMPLETED,10.040944833000026
1,r007_c01,7,0,COMPLETED,9.662966499999925
2,r007_c02,7,0,COMPLETED,11.807110459
3,r007_c03,7,0,COMPLETED,13.102532874999952
4,r007_c04,7,0,COMPLETED,11.184221041
5,r007_c05,7,0,COMPLETED,9.172582999999918
6,r007_c06,7,0,COMPLETED,8.901349624999966
7,r007_c07,7,0,COMPLETED,8.489340957999957
8,r007_c08,7,0,COMPLETED,7.636438584000075
9,r007_c09,7,0,COMPLETED,7.635798124999951
10,r007_c10,7,0,COMPLETED,7.446050833000072
11,r007_c11,7,0,COMPLETED,7.4119333339999685
12,r007_c12,7,0,COMPLETED,7.2447388329999285
13,r007_c13,7,0,COMPLETED,8.532637666000028
14,r007_c14,7,0,COMPLETED,9.517198458000053
15,r007_c15,7,0,COMPLETED,8.04397295900003
16,r007_c16,7,0,COMPLETED,7.409340416999953
17,r007_c17,7,0,COMPLETED,7.18553350000002
0,r008_c00,8,0,COMPLETED,7.39202520799995
1,r008_c01,8,0,COMPLETED,7.630989958999976
2,r008_c02,8,0,COMPLETED,7.442309332999912
3,r008_c03,8,0,COMPLETED,7.259626916999991
4,r008_c04,8,0,COMPLETED,7.241876542
5,r008_c05,8,0,COMPLETED,7.627162333000001
6,r008_c06,8,0,COMPLETED,7.187129625000011
7,r008_c07,8,0,COMPLETED,7.384709625000028
8,r008_c08,8,0,COMPLETED,7.40989449999995
9,r008_c09,8,0,COMPLETED,7.429038791000039
10,r008_c10,8,0,COMPLETED,7.4334704999999985
11,r008_c11,8,0,COMPLETED,7.209001875000013
12,r008_c12,8,0,COMPLETED,7.192138916999966
13,r008_c13,8,0,COMPLETED,7.452053458000023
14,r008_c14,8,0,COMPLETED,7.21642374999999
15,r008_c15,8,0,COMPLETED,6.951784875000044
16,r008_c16,8,0,COMPLETED,7.150345499999958
17,r008_c17,8,0,COMPLETED,7.162095582999996
0,r009_c00,9,0,COMPLETED,7.364823041000022
1,r009_c01,9,0,COMPLETED,7.600772709000012
2,r009_c02,9,0,COMPLETED,7.446666624999921
3,r009_c03,9,0,COMPLETED,7.6733469170000035
4,r009_c04,9,0,COMPLETED,7.237222249999945
5,r009_c05,9,0,COMPLETED,7.226604834
6,r009_c06,9,0,COMPLETED,7.167869916999962
7,r009_c07,9,0,COMPLETED,7.162900250000007
8,r009_c08,9,0,COMPLETED,7.203156332999924
9,r009_c09,9,0,COMPLETED,7.861818542000037
10,r009_c10,9,0,COMPLETED,7.659059999999954
11,r009_c11,9,0,COMPLETED,7.6324614589999555
12,r009_c12,9,0,COMPLETED,7.194773832999999
13,r009_c13,9,0,COMPLETED,7.197692374999974
14,r009_c14,9,0,COMPLETED,7.193299166999964
15,r009_c15,9,0,COMPLETED,7.6063116660000105
16,r009_c16,9,0,COMPLETED,7.808542750000015
17,r009_c17,9,0,COMPLETED,7.805063042000029
0,r010_c00,10,0,COMPLETED,8.264647583000055
1,r010_c01,10,0,COMPLETED,8.729482082999994
2,r010_c02,10,0,COMPLETED,9.166204666999988
3,r010_c03,10,0,COMPLETED,9.154402582999978
4,r010_c04,10,0,COMPLETED,9.15676587500002
5,r010_c05,10,0,COMPLETED,12.284503874999928
6,r010_c06,10,0,COMPLETED,13.19977987499999
7,r010_c07,10,0,COMPLETED,14.949234666999928
8,r010_c08,10,0,COMPLETED,15.534209708000049
9,r010_c09,10,0,COMPLETED,16.18010300000003
10,r010_c10,10,0,COMPLETED,14.890915124999992
11,r010_c11,10,0,COMPLETED,14.168023666000067
12,r010_c12,10,0,COMPLETED,14.244408291000013
13,r010_c13,10,0,COMPLETED,13.686195957999985
14,r010_c14,10,0,COMPLETED,13.248916540999971
15,r010_c15,10,0,COMPLETED,12.039527667000016
16,r010_c16,10,0,COMPLETED,12.175668083999994
17,r010_c17,10,0,COMPLETED,15.677270958000008
0,r011_c00,11,0,COMPLETED,17.255916125
1,r011_c01,11,0,COMPLETED,16.916111915999977
2,r011_c02,11,0,COMPLETED,17.316581917000008
3,r011_c03,11,0,COMPLETED,14.304865000000063
4,r011_c04,11,0,COMPLETED,12.75249324999993
5,r011_c05,11,0,COMPLETED,13.333547291000059
6,r011_c06,11,0,COMPLETED,13.901392792000024
7,r011_c07,11,0,COMPLETED,13.085888750000095
8,r011_c08,11,0,COMPLETED,13.28602316699994
9,r011_c09,11,0,COMPLETED,11.826732832999937
10,r011_c10,11,0,COMPLETED,11.816051958999992
11,r011_c11,11,0,COMPLETED,12.062866667000094
12,r011_c12,11,0,COMPLETED,10.970045874999983
13,r011_c13,11,0,COMPLETED,11.59633170799998
14,r011_c14,11,0,COMPLETED,11.902336125000033
15,r011_c15,11,0,COMPLETED,12.485277916999962
16,r011_c16,11,0,COMPLETED,12.075052000000028
17,r011_c17,11,0,COMPLETED,11.947623707999924
0,r012_c00,12,0,COMPLETED,12.61370341700001
1,r012_c01,12,0,COMPLETED,13.373593207999988
2,r012_c02,12,0,COMPLETED,13.422899708999921
3,r012_c03,12,0,COMPLETED,13.144691458000011
4,r012_c04,12,0,COMPLETED,13.664606667000044
5,r012_c05,12,0,COMPLETED,19.222776458000112
6,r012_c06,12,0,COMPLETED,18.329769875000125
7,r012_c07,12,0,COMPLETED,19.386215749999792
8,r012_c08,12,0,COMPLETED,19.17172929200001
9,r012_c09,12,0,COMPLETED,13.179536374999998
10,r012_c10,12,0,COMPLETED,19.68672979100006
11,r012_c11,12,0,COMPLETED,22.133057750000035
12,r012_c12,12,0,COMPLETED,15.927078917000017
13,r012_c13,12,0,COMPLETED,13.349581415999864
14,r012_c14,12,0,COMPLETED,12.554284499999994
15,r012_c15,12,0,COMPLETED,11.420895707999989
16,r012_c16,12,0,COMPLETED,10.283488415999955
17,r012_c17,12,0,COMPLETED,9.688533042000017
0,r013_c00,13,0,COMPLETED,10.113691792000054
1,r013_c01,13,0,COMPLETED,10.283336041999974
2,r013_c02,13,0,COMPLETED,10.090645333000111
3,r013_c03,13,0,COMPLETED,10.333324167
4,r013_c04,13,0,COMPLETED,10.524343917000124
5,r013_c05,13,0,COMPLETED,10.94622233400014
6,r013_c06,13,0,COMPLETED,10.920250916999976
7,r013_c07,13,0,COMPLETED,10.035899624999956
8,r013_c08,13,0,COMPLETED,9.824609083000041
9,r013_c09,13,0,COMPLETED,10.881790959
10,r013_c10,13,0,COMPLETED,11.138656332999972
11,r013_c11,13,0,COMPLETED,11.935751209000045
12,r013_c12,13,0,COMPLETED,11.486084333000008
13,r013_c13,13,0,COMPLETED,10.905671083000016
14,r013_c14,13,0,COMPLETED,10.718408541999906
15,r013_c15,13,0,COMPLETED,9.847142083000108
16,r013_c16,13,0,COMPLETED,9.622961125000074
17,r013_c17,13,0,COMPLETED,10.026198374999922
0,r014_c00,14,0,COMPLETED,10.271265458000016
1,r014_c01,14,0,COMPLETED,10.831671165999978
2,r014_c02,14,0,COMPLETED,10.601909500000147
3,r014_c03,14,0,COMPLETED,10.729447707999952
4,r014_c04,14,0,COMPLETED,10.532691458000045
5,r014_c05,14,0,COMPLETED,10.308594416999995
6,r014_c06,14,0,COMPLETED,10.30540783299989
7,r014_c07,14,0,COMPLETED,9.877916916000004
8,r014_c08,14,0,COMPLETED,10.076858125000172
9,r014_c09,14,0,COMPLETED,9.919777958000168
10,r014_c10,14,0,COMPLETED,9.923879542000122
11,r014_c11,14,0,COMPLETED,11.519892333000143
12,r014_c12,14,0,COMPLETED,11.289714166999829
13,r014_c13,14,0,COMPLETED,9.821013665999999
14,r014_c14,14,0,COMPLETED,9.61109112500003
15,r014_c15,14,0,COMPLETED,9.795555041999933
16,r014_c16,14,0,COMPLETED,10.033154832999799
17,r014_c17,14,0,COMPLETED,10.718992958999934
0,r015_c00,15,0,COMPLETED,10.719976958000188
1,r015_c01,15,0,COMPLETED,10.928405166999937
2,r015_c02,15,0,COMPLETED,11.124633874999972
3,r015_c03,15,0,COMPLETED,11.875356333999889
4,r015_c04,15,0,COMPLETED,11.869977040999856
5,r015_c05,15,0,COMPLETED,11.591342209000004
6,r015_c06,15,0,COMPLETED,11.611579041999903
7,r015_c07,15,0,COMPLETED,12.704641249999895
8,r015_c08,15,0,COMPLETED,12.739794042000085
9,r015_c09,15,0,COMPLETED,12.771649916999877
10,r015_c10,15,0,COMPLETED,12.312639166000054
11,r015_c11,15,0,COMPLETED,12.24171829199986
12,r015_c12,15,0,COMPLETED,12.003358166999988
13,r015_c13,15,0,COMPLETED,14.17614350000008
14,r015_c14,15,0,COMPLETED,14.237582125000017
15,r015_c15,15,0,COMPLETED,15.155070958000124
16,r015_c16,15,0,COMPLETED,14.973665125000025
17,r015_c17,15,0,COMPLETED,15.043928750000077
0,r016_c00,16,0,COMPLETED,14.596475499999997
1,r016_c01,16,0,COMPLETED,14.11678562499992
2,r016_c02,16,0,COMPLETED,14.164789917000007
3,r016_c03,16,0,COMPLETED,13.359670457999982
4,r016_c04,16,0,COMPLETED,13.40351054100006
5,r016_c05,16,0,COMPLETED,11.484429166000155
6,r016_c06,16,0,COMPLETED,11.745994082999914
7,r016_c07,16,0,COMPLETED,11.770020082999963
8,r016_c08,16,0,COMPLETED,11.545487541000057
9,r016_c09,16,0,COMPLETED,11.650078541000084
10,r016_c10,16,0,COMPLETED,11.3715735830001
11,r016_c11,16,0,COMPLETED,10.748218333000068
12,r016_c12,16,0,COMPLETED,10.215209624999943
13,r016_c13,16,0,COMPLETED,11.004119917000025
14,r016_c14,16,0,COMPLETED,11.190826458999936
15,r016_c15,16,0,COMPLETED,11.966176208999968
16,r016_c16,16,0,COMPLETED,11.770420167000111
17,r016_c17,16,0,COMPLETED,13.718443292000075
0,r017_c00,17,0,COMPLETED,13.977254583999866
1,r017_c01,17,0,COMPLETED,13.341539499999953
2,r017_c02,17,0,COMPLETED,13.317280582999956
3,r017_c03,17,0,COMPLETED,14.627755209000043
4,r017_c04,17,0,COMPLETED,13.852864541999907
5,r017_c05,17,0,COMPLETED,16.170211708000124
6,r017_c06,17,0,COMPLETED,15.599466625000105
7,r017_c07,17,0,COMPLETED,17.127900124999996
8,r017_c08,17,0,COMPLETED,17.214130625000053
9,r017_c09,17,0,COMPLETED,17.697369750000007
10,r017_c10,17,0,COMPLETED,17.34636912499991
11,r017_c11,17,0,COMPLETED,14.763113750000002
12,r017_c12,17,0,COMPLETED,14.475998625000102
13,r017_c13,17,0,COMPLETED,14.362292041999808
14,r017_c14,17,0,COMPLETED,14.130322958000079
15,r017_c15,17,0,COMPLETED,11.910075750000033
16,r017_c16,17,0,COMPLETED,12.169960707999962
17,r017_c17,17,0,COMPLETED,10.901890833999914
0,r018_c00,18,0,COMPLETED,10.922636000000011
1,r018_c01,18,0,COMPLETED,11.532807542
2,r018_c02,18,0,COMPLETED,11.293868875000044
3,r018_c03,18,0,COMPLETED,10.673834749999969
4,r018_c04,18,0,COMPLETED,10.709068417000026
5,r018_c05,18,0,COMPLETED,11.26100458299993
6,r018_c06,18,0,COMPLETED,11.296779500000184
7,r018_c07,18,0,COMPLETED,11.510595416999877
8,r018_c08,18,0,COMPLETED,11.549941333000106
9,r018_c09,18,0,COMPLETED,10.931342374999986
10,r018_c10,18,0,COMPLETED,10.654372832999798
11,r018_c11,18,0,COMPLETED,10.544926791999842
12,r018_c12,18,0,COMPLETED,10.311112125000136
13,r018_c13,18,0,COMPLETED,10.03451254200013
14,r018_c14,18,0,COMPLETED,10.058555582999816
15,r018_c15,18,0,COMPLETED,10.836544125000046
16,r018_c16,18,0,COMPLETED,10.860240500000145
17,r018_c17,18,0,COMPLETED,10.429394334000108
0,r019_c00,19,0,COMPLETED,10.680370750000066
1,r019_c01,19,0,COMPLETED,10.728966666999895
2,r019_c02,19,0,COMPLETED,10.742023959000107
3,r019_c03,19,0,COMPLETED,10.110606208000036
4,r019_c04,19,0,COMPLETED,10.093534540999826
5,r019_c05,19,0,COMPLETED,11.086927791000107
6,r019_c06,19,0,COMPLETED,10.930044707999969
7,r019_c07,19,0,COMPLETED,12.596074667000039
8,r019_c08,19,0,COMPLETED,12.630359083999792
9,r019_c09,19,0,COMPLETED,12.545111958999996
10,r019_c10,19,0,COMPLETED,12.587781166000013
11,r019_c11,19,0,COMPLETED,12.908018542000036
12,r019_c12,19,0,COMPLETED,12.626557833000106
13,r019_c13,19,0,COMPLETED,12.625778874999924
14,r019_c14,19,0,COMPLETED,12.39872441700004
15,r019_c15,19,0,COMPLETED,12.792115416999877
16,r019_c16,19,0,COMPLETED,12.833797499999946
17,r019_c17,19,0,COMPLETED,13.205278333000024
0,r020_c00,20,0,COMPLETED,13.468160249999983
1,r020_c01,20,0,COMPLETED,12.84829420899996
2,r020_c02,20,0,COMPLETED,12.613459457999852
3,r020_c03,20,0,COMPLETED,14.357253708000144
4,r020_c04,20,0,COMPLETED,14.387372666999909
5,r020_c05,20,0,COMPLETED,13.43540083300013
6,r020_c06,20,0,COMPLETED,13.47590054200009
7,r020_c07,20,0,COMPLETED,11.784792333999803
8,r020_c08,20,0,COMPLETED,11.503747875000045
9,r020_c09,20,0,COMPLETED,10.71707620899997
10,r020_c10,20,0,COMPLETED,10.93820750000009
11,r020_c11,20,0,COMPLETED,10.667725416999929
12,r020_c12,20,0,COMPLETED,10.445613874999935
13,r020_c13,20,0,COMPLETED,12.442292791
14,r020_c14,20,0,COMPLETED,12.465302583000039
15,r020_c15,20,0,COMPLETED,12.449332334000019
16,r020_c16,20,0,COMPLETED,12.222953209000025
17,r020_c17,20,0,COMPLETED,12.096574000000146
0,r021_c00,21,0,COMPLETED,12.376124708000134
1,r021_c01,21,0,COMPLETED,11.78250054199998
2,r021_c02,21,0,COMPLETED,11.583117166999955
3,r021_c03,21,0,COMPLETED,11.12903325000002
4,r021_c04,21,0,COMPLETED,11.15860633300008
5,r021_c05,21,0,COMPLETED,11.106728415999896
6,r021_c06,21,0,COMPLETED,11.139008709000109
7,r021_c07,21,0,COMPLETED,10.931687042000021
8,r021_c08,21,0,COMPLETED,10.654604541000026
9,r021_c09,21,0,COMPLETED,10.927932833000114
10,r021_c10,21,0,COMPLETED,10.711794916999906
11,r021_c11,21,0,COMPLETED,11.593764582999938
12,r021_c12,21,0,COMPLETED,11.302557124999794
13,r021_c13,21,0,COMPLETED,10.954905957999927
14,r021_c14,21,0,COMPLETED,10.938635500000146
15,r021_c15,21,0,COMPLETED,10.47007208299965
16,r021_c16,21,0,COMPLETED,10.671165125000243
17,r021_c17,21,0,COMPLETED,10.26520170799995
0,r022_c00,22,0,COMPLETED,10.260600250000152
1,r022_c01,22,0,COMPLETED,10.32709583299993
2,r022_c02,22,0,COMPLETED,10.120697332999953
3,r022_c03,22,0,COMPLETED,10.330496249999669
4,r022_c04,22,0,COMPLETED,10.349160540999947
5,r022_c05,22,0,COMPLETED,10.53486974999987
6,r022_c06,22,0,COMPLETED,10.527289500000279
7,r022_c07,22,0,COMPLETED,11.409951207999711
8,r022_c08,22,0,COMPLETED,11.42906425000001
9,r022_c09,22,0,COMPLETED,11.85107724999989
10,r022_c10,22,0,COMPLETED,11.617099665999831
11,r022_c11,22,0,COMPLETED,11.430356083999868
12,r022_c12,22,0,COMPLETED,11.456569624999702
13,r022_c13,22,0,COMPLETED,10.63173070899984
14,r022_c14,22,0,COMPLETED,10.658077665999826
15,r022_c15,22,0,COMPLETED,10.855413875000067
16,r022_c16,22,0,COMPLETED,10.886012333000053
17,r022_c17,22,0,COMPLETED,10.513386332999744
0,r023_c00,23,0,COMPLETED,10.975039708000168
1,r023_c01,23,0,COMPLETED,10.516084625000076
2,r023_c02,23,0,COMPLETED,10.55109450000009
3,r023_c03,23,0,COMPLETED,12.608222542000021
4,r023_c04,23,0,COMPLETED,12.606726417000118
5,r023_c05,23,0,COMPLETED,11.123390708999978
6,r023_c06,23,0,COMPLETED,11.319605290999789
7,r023_c07,23,0,COMPLETED,10.328490833999695
8,r023_c08,23,0,COMPLETED,10.34880687499981
9,r023_c09,23,0,COMPLETED,10.754089874999863
10,r023_c10,23,0,COMPLETED,10.511228625000058
11,r023_c11,23,0,COMPLETED,11.144487791999836
12,r023_c12,23,0,COMPLETED,10.694548082999972
13,r023_c13,23,0,COMPLETED,10.639964208000038
14,r023_c14,23,0,COMPLETED,10.66677750000008
15,r023_c15,23,0,COMPLETED,10.446969582999827
16,r023_c16,23,0,COMPLETED,10.700749417000225
17,r023_c17,23,0,COMPLETED,10.278508124999917
0,r024_c00,24,0,COMPLETED,10.506912917000136
1,r024_c01,24,0,COMPLETED,10.736742500000219
2,r024_c02,24,0,COMPLETED,10.756578582999737
3,r024_c03,24,0,COMPLETED,12.03222199999982
4,r024_c04,24,0,COMPLETED,11.826776708000125
5,r024_c05,24,0,COMPLETED,12.066514250000182
6,r024_c06,24,0,COMPLETED,12.076450250000107
7,r024_c07,24,0,COMPLETED,11.168799709000268
8,r024_c08,24,0,COMPLETED,10.935149708000154
9,r024_c09,24,0,COMPLETED,10.427058750000015
10,r024_c10,24,0,COMPLETED,10.465322999999898
11,r024_c11,24,0,COMPLETED,10.949493624999832
12,r024_c12,24,0,COMPLETED,10.641547292000268
13,r024_c13,24,0,COMPLETED,11.600172375000056
14,r024_c14,24,0,COMPLETED,11.338903167000353
15,r024_c15,24,0,COMPLETED,12.181466
16,r024_c16,24,0,COMPLETED,12.203643749999628
17,r024_c17,24,0,COMPLETED,10.473785083000166
0,r025_c00,25,0,COMPLETED,10.727965458000199
1,r025_c01,25,0,COMPLETED,10.933753167000305
2,r025_c02,25,0,COMPLETED,10.968317625000054
3,r025_c03,25,0,COMPLETED,11.784351458000401
4,r025_c04,25,0,COMPLETED,11.543065583000043
5,r025_c05,25,0,COMPLETED,10.94100945800028
6,r025_c06,25,0,COMPLETED,11.190616124999906
7,r025_c07,25,0,COMPLETED,12.072371457999907
8,r025_c08,25,0,COMPLETED,11.858366500000102
9,r025_c09,25,0,COMPLETED,9.615161499999886
10,r025_c10,25,0,COMPLETED,9.646665250000297
11,r025_c11,25,0,COMPLETED,9.668679959000201
12,r025_c12,25,0,COMPLETED,9.38984687500033
13,r025_c13,25,0,COMPLETED,10.090270125000188
14,r025_c14,25,0,COMPLETED,10.101160833999984
15,r025_c15,25,0,COMPLETED,9.689885082999808
16,r025_c16,25,0,COMPLETED,9.655407291999836
17,r025_c17,25,0,COMPLETED,9.185524833000272
0,r026_c00,26,0,COMPLETED,9.411258916999941
1,r026_c01,26,0,COMPLETED,9.691575958000158
2,r026_c02,26,0,COMPLETED,9.6886877500001
3,r026_c03,26,0,COMPLETED,10.709354790999896
4,r026_c04,26,0,COMPLETED,10.720352374999948
5,r026_c05,26,0,COMPLETED,10.483975375000227
6,r026_c06,26,0,COMPLETED,10.280044125000131
7,r026_c07,26,0,COMPLETED,10.061970082999778
8,r026_c08,26,0,COMPLETED,10.051161916999718
9,r026_c09,26,0,COMPLETED,9.638904832999742
10,r026_c10,26,0,COMPLETED,9.637279749999834
11,r026_c11,26,0,COMPLETED,9.693533541999841
12,r026_c12,26,0,COMPLETED,9.465645000000222
13,r026_c13,26,0,COMPLETED,9.747949791999872
14,r026_c14,26,0,COMPLETED,10.01230329200007
15,r026_c15,26,0,COMPLETED,9.875033792000067
16,r026_c16,26,0,COMPLETED,9.850511542000277
17,r026_c17,26,0,COMPLETED,9.639734040999883
0,r027_c00,27,0,COMPLETED,9.869496541999979
1,r027_c01,27,0,COMPLETED,9.844134834000215
2,r027_c02,27,0,COMPLETED,9.847991042000103
3,r027_c03,27,0,COMPLETED,9.022629958999914
4,r027_c04,27,0,COMPLETED,9.01015820900011
5,r027_c05,27,0,COMPLETED,9.273757541000123
6,r027_c06,27,0,COMPLETED,9.329122999999981
7,r027_c07,27,0,COMPLETED,9.53046062500016
8,r027_c08,27,0,COMPLETED,9.489386915999603
9,r027_c09,27,0,COMPLETED,9.69755350000014
10,r027_c10,27,0,COMPLETED,9.484170582999923
11,r027_c11,27,0,COMPLETED,9.48757525000019
12,r027_c12,27,0,COMPLETED,9.252356209000027
13,r027_c13,27,0,COMPLETED,9.209313541000029
14,r027_c14,27,0,COMPLETED,9.451907207999739
15,r027_c15,27,0,COMPLETED,9.106958917000156
16,r027_c16,27,0,COMPLETED,9.311145791999934
17,r027_c17,27,0,COMPLETED,9.497961083000064
0,r028_c00,28,0,COMPLETED,9.504301750000195
1,r028_c01,28,0,COMPLETED,8.844658832999812
2,r028_c02,28,0,COMPLETED,8.858581584000149
3,r028_c03,28,0,COMPLETED,10.565458708000278
4,r028_c04,28,0,COMPLETED,10.552151249999952
5,r028_c05,28,0,COMPLETED,9.716573291999794
6,r028_c06,28,0,COMPLETED,9.68651941600001
7,r028_c07,28,0,COMPLETED,9.528178458999719
8,r028_c08,28,0,COMPLETED,9.743765957999585
9,r028_c09,28,0,COMPLETED,8.670502792000207
10,r028_c10,28,0,COMPLETED,8.641088082999886
11,r028_c11,28,0,COMPLETED,8.998472708000008
12,r028_c12,28,0,COMPLETED,8.803292332999717
13,r028_c13,28,0,COMPLETED,9.443551375000425
14,r028_c14,28,0,COMPLETED,9.444901625000057
15,r028_c15,28,0,COMPLETED,9.28408062499966
16,r028_c16,28,0,COMPLETED,9.271232666999822
17,r028_c17,28,0,COMPLETED,9.429145874999904
0,r029_c00,29,0,COMPLETED,9.629833625000174
1,r029_c01,29,0,COMPLETED,8.789317334000316
2,r029_c02,29,0,COMPLETED,8.78250054199998
3,r029_c03,29,0,COMPLETED,9.28352575000008
4,r029_c04,29,0,COMPLETED,9.065828041000259
5,r029_c05,29,0,COMPLETED,9.285845542000061
6,r029_c06,29,0,COMPLETED,9.509164625000267
7,r029_c07,29,0,COMPLETED,8.604087749999962
8,r029_c08,29,0,COMPLETED,8.5988440000001
9,r029_c09,29,0,COMPLETED,8.57149520799976
10,r029_c10,29,0,COMPLETED,8.568148416999975
11,r029_c11,29,0,COMPLETED,8.577583416999914
12,r029_c12,29,0,COMPLETED,8.363248167000165
13,r029_c13,29,0,COMPLETED,9.053828459000215
14,r029_c14,29,0,COMPLETED,9.062444582999888
15,r029_c15,29,0,COMPLETED,8.80526808400009
16,r029_c16,29,0,COMPLETED,8.808850207999967
17,r029_c17,29,0,COMPLETED,9.693516165999881
0,r030_c00,30,0,COMPLETED,9.958203665999918
1,r030_c01,30,0,COMPLETED,10.824197165999976
2,r030_c02,30,0,COMPLETED,10.385192958000061
3,r030_c03,30,0,COMPLETED,8.640127333000237
4,r030_c04,30,0,COMPLETED,8.639279208000062
5,r030_c05,30,0,COMPLETED,8.78923312500001
6,r030_c06,30,0,COMPLETED,8.567642792000242
7,r030_c07,30,0,COMPLETED,8.954006166
8,r030_c08,30,0,COMPLETED,8.975415916000202
9,r030_c09,30,0,COMPLETED,9.455154041999776
10,r030_c10,30,0,COMPLETED,9.195523041999877
11,r030_c11,30,0,COMPLETED,11.409806459000265
12,r030_c12,30,0,COMPLETED,11.614951542000199
13,r030_c13,30,0,COMPLETED,9.937684499999705
14,r030_c14,30,0,COMPLETED,9.931987124999978
15,r030_c15,30,0,COMPLETED,9.62288904099978
16,r030_c16,30,0,COMPLETED,9.412522208000155
17,r030_c17,30,0,COMPLETED,9.05287216600027
0,r031_c00,31,0,COMPLETED,9.082254166999974
1,r031_c01,31,0,COMPLETED,10.154558041999735
2,r031_c02,31,0,COMPLETED,10.154109582999808
3,r031_c03,31,0,COMPLETED,9.425540332999844
4,r031_c04,31,0,COMPLETED,9.19146950000004
5,r031_c05,31,0,COMPLETED,8.596719209000184
6,r031_c06,31,0,COMPLETED,8.344553958000233
7,r031_c07,31,0,COMPLETED,9.648582874999647
8,r031_c08,31,0,COMPLETED,9.655480165999961
9,r031_c09,31,0,COMPLETED,8.820185042000048
10,r031_c10,31,0,COMPLETED,8.818457665999631
11,r031_c11,31,0,COMPLETED,8.797102500000165
12,r031_c12,31,0,COMPLETED,8.582653583999672
13,r031_c13,31,0,COMPLETED,8.490809249999984
14,r031_c14,31,0,COMPLETED,8.50644125000008
15,r031_c15,31,0,COMPLETED,8.55337712499977
16,r031_c16,31,0,COMPLETED,8.57528400000001
17,r031_c17,31,0,COMPLETED,8.367697582999881
0,r032_c00,32,0,COMPLETED,8.393485583000256
1,r032_c01,32,0,COMPLETED,10.552465666999979
2,r032_c02,32,0,COMPLETED,10.586777208000058
3,r032_c03,32,0,COMPLETED,8.994454042000143
4,r032_c04,32,0,COMPLETED,9.049564499999633
5,r032_c05,32,0,COMPLETED,9.224157957999978
6,r032_c06,32,0,COMPLETED,9.239031582999814
7,r032_c07,32,0,COMPLETED,8.551401375000296
8,r032_c08,32,0,COMPLETED,8.562259499999982
9,r032_c09,32,0,COMPLETED,11.908204124999884
10,r032_c10,32,0,COMPLETED,11.943454499999916
11,r032_c11,32,0,COMPLETED,21.731615832999978
12,r032_c12,32,0,COMPLETED,21.786537209000016
13,r032_c13,32,0,COMPLETED,14.926545958000133
14,r032_c14,32,0,COMPLETED,14.654522875000112
15,r032_c15,32,0,COMPLETED,13.25376979199973
16,r032_c16,32,0,COMPLETED,12.998159290999865
17,r032_c17,32,0,COMPLETED,8.202264958999876
0,r033_c00,33,0,COMPLETED,8.440676000000167
1,r033_c01,33,0,COMPLETED,7.29835974999969
2,r033_c02,33,0,COMPLETED,7.318760584000302
3,r033_c03,33,0,COMPLETED,7.567611250000027
4,r033_c04,33,0,COMPLETED,7.562968333000299
5,r033_c05,33,0,COMPLETED,7.501380666999921
6,r033_c06,33,0,COMPLETED,7.303027375000056
7,r033_c07,33,0,COMPLETED,7.724456749999717
8,r033_c08,33,0,COMPLETED,7.7441091659998165
9,r033_c09,33,0,COMPLETED,7.753352332999839
10,r033_c10,33,0,COMPLETED,7.994238541999948
11,r033_c11,33,0,COMPLETED,8.6307362499997
12,r033_c12,33,0,COMPLETED,8.614386457999899
13,r033_c13,33,0,COMPLETED,7.107606042000043
14,r033_c14,33,0,COMPLETED,7.347389208000095
15,r033_c15,33,0,COMPLETED,7.562080208000225
16,r033_c16,33,0,COMPLETED,7.560283834000074
17,r033_c17,33,0,COMPLETED,8.330988292000256
0,r034_c00,34,0,COMPLETED,8.329605375000028
1,r034_c01,34,0,COMPLETED,7.567123042000276
2,r034_c02,34,0,COMPLETED,7.764286332999745
3,r034_c03,34,0,COMPLETED,7.731212708999919
4,r034_c04,34,0,COMPLETED,7.736372332999963
5,r034_c05,34,0,COMPLETED,7.313435542000207
6,r034_c06,34,0,COMPLETED,7.724136041999827
7,r034_c07,34,0,COMPLETED,8.635565834000317
8,r034_c08,34,0,COMPLETED,8.722612874999868
9,r034_c09,34,0,COMPLETED,9.067683042000226
10,r034_c10,34,0,COMPLETED,8.60548824999978
11,r034_c11,34,0,COMPLETED,8.249397208999653
12,r034_c12,34,0,COMPLETED,8.034440624999661
13,r034_c13,34,0,COMPLETED,7.531375625000237
14,r034_c14,34,0,COMPLETED,7.542547999999897
15,r034_c15,34,0,COMPLETED,10.793142500000158
16,r034_c16,34,0,COMPLETED,10.806525167000018
17,r034_c17,34,0,COMPLETED,9.929843166999945
0,r035_c00,35,0,COMPLETED,10.152510541000083
1,r035_c01,35,0,COMPLETED,9.32606874999965
2,r035_c02,35,0,COMPLETED,9.29644029100018
3,r035_c03,35,0,COMPLETED,8.401950250000027
4,r035_c04,35,0,COMPLETED,8.180023542000072
5,r035_c05,35,0,COMPLETED,7.994327207999959
6,r035_c06,35,0,COMPLETED,8.007184042000063
7,r035_c07,35,0,COMPLETED,6.74519595799984
8,r035_c08,35,0,COMPLETED,6.746098250000159
9,r035_c09,35,0,COMPLETED,6.682498124999711
10,r035_c10,35,0,COMPLETED,6.898220625000249
11,r035_c11,35,0,COMPLETED,8.431118125000012
12,r035_c12,35,0,COMPLETED,8.650290958999904
13,r035_c13,35,0,COMPLETED,8.419352333000006
14,r035_c14,35,0,COMPLETED,8.625493000000006
15,r035_c15,35,0,COMPLETED,11.063664125000287
16,r035_c16,35,0,COMPLETED,11.05825779199995
17,r035_c17,35,0,COMPLETED,7.3954088339996815
0,r036_c00,36,0,COMPLETED,8.493350792000001
1,r036_c01,36,0,COMPLETED,9.568338167000093
2,r036_c02,36,0,COMPLETED,8.894643666999855
3,r036_c03,36,0,COMPLETED,10.914909958999942
4,r036_c04,36,0,COMPLETED,10.948507667000285
5,r036_c05,36,0,COMPLETED,9.6358904169997
6,r036_c06,36,0,COMPLETED,9.822242665999966
7,r036_c07,36,0,COMPLETED,10.666323207999994
8,r036_c08,36,0,COMPLETED,10.501968208000108
9,r036_c09,36,0,COMPLETED,11.562593749999905
10,r036_c10,36,0,COMPLETED,11.805455666999933
11,r036_c11,36,0,COMPLETED,10.977583000000322
12,r036_c12,36,0,COMPLETED,10.234309499999654
13,r036_c13,36,0,COMPLETED,9.83173191700007
14,r036_c14,36,0,COMPLETED,10.270952500000021
15,r036_c15,36,0,COMPLETED,9.087052583000059
16,r036_c16,36,0,COMPLETED,8.633164083999873
17,r036_c17,36,0,COMPLETED,8.86776400000008
0,r037_c00,37,0,COMPLETED,9.32452820799972
1,r037_c01,37,0,COMPLETED,8.865674583999862
2,r037_c02,37,0,COMPLETED,8.901716958999714
3,r037_c03,37,0,COMPLETED,8.742847874999825
4,r037_c04,37,0,COMPLETED,8.527416291999998
5,r037_c05,37,0,COMPLETED,9.067601374999867
6,r037_c06,37,0,COMPLETED,9.277737249999973
7,r037_c07,37,0,COMPLETED,10.101723083999786
8,r037_c08,37,0,COMPLETED,9.61494995899966
9,r037_c09,37,0,COMPLETED,8.192235041999993
10,r037_c10,37,0,COMPLETED,8.66334741699984
11,r037_c11,37,0,COMPLETED,11.527974749999885
12,r037_c12,37,0,COMPLETED,11.723540500000126
13,r037_c13,37,0,COMPLETED,10.371133457999804
14,r037_c14,37,0,COMPLETED,10.388770542000202
15,r037_c15,37,0,COMPLETED,10.592268833000162
16,r037_c16,37,0,COMPLETED,10.162519957999848
17,r037_c17,37,0,COMPLETED,8.400823749999745
0,r038_c00,38,0,COMPLETED,8.621834083000067
1,r038_c01,38,0,COMPLETED,10.294371790999776
2,r038_c02,38,0,COMPLETED,11.470348832999662
3,r038_c03,38,0,COMPLETED,12.619045750000168
4,r038_c04,38,0,COMPLETED,12.285365209000247
5,r038_c05,38,0,COMPLETED,9.963457500000004
6,r038_c06,38,0,COMPLETED,10.582331624999824
7,r038_c07,38,0,COMPLETED,10.705871084000137
8,r038_c08,38,0,COMPLETED,10.231620666999788
9,r038_c09,38,0,COMPLETED,9.497404000000188
10,r038_c10,38,0,COMPLETED,9.73848470799976
11,r038_c11,38,0,COMPLETED,9.924020707999716
12,r038_c12,38,0,COMPLETED,9.461387917000138
13,r038_c13,38,0,COMPLETED,9.034441917000095
14,r038_c14,38,0,COMPLETED,9.093800042000112
15,r038_c15,38,0,COMPLETED,9.334069
16,r038_c16,38,0,COMPLETED,9.731179665999662
17,r038_c17,38,0,COMPLETED,9.934323375000076
0,r039_c00,39,0,COMPLETED,9.749935792000088
1,r039_c01,39,0,COMPLETED,9.559557999999925
2,r039_c02,39,0,COMPLETED,9.27327966599978
3,r039_c03,39,0,COMPLETED,9.942834999999832
4,r039_c04,39,0,COMPLETED,11.356322874999933
5,r039_c05,39,0,COMPLETED,10.704319499999656
6,r039_c06,39,0,COMPLETED,9.299079834000167
7,r039_c07,39,0,COMPLETED,8.920305458000257
8,r039_c08,39,0,COMPLETED,8.922379333000208
9,r039_c09,39,0,COMPLETED,10.141800500000045
10,r039_c10,39,0,COMPLETED,10.356733084000098
11,r039_c11,39,0,COMPLETED,8.870961749999879
12,r039_c12,39,0,COMPLETED,8.840958041000249
13,r039_c13,39,0,COMPLETED,8.401199958000234
14,r039_c14,39,0,COMPLETED,8.406964124999831
15,r039_c15,39,0,COMPLETED,9.021439957999974
16,r039_c16,39,0,COMPLETED,8.180185875000006
17,r039_c17,39,0,COMPLETED,8.006938958999854
0,r040_c00,40,0,COMPLETED,8.209147375000157
1,r040_c01,40,0,COMPLETED,8.629409374999796
2,r040_c02,40,0,COMPLETED,8.855275249999977
3,r040_c03,40,0,COMPLETED,8.711861792000036
4,r040_c04,40,0,COMPLETED,8.912085166999987
5,r040_c05,40,0,COMPLETED,9.088767165999798
6,r040_c06,40,0,COMPLETED,8.665537207999932
7,r040_c07,40,0,COMPLETED,8.438607457999751
8,r040_c08,40,0,COMPLETED,8.468038125000021
9,r040_c09,40,0,COMPLETED,8.661445208999794
10,r040_c10,40,0,COMPLETED,8.216224250000323
11,r040_c11,40,0,COMPLETED,8.400495459000012
12,r040_c12,40,0,COMPLETED,8.590876249999837
13,r040_c13,40,0,COMPLETED,8.545940125000016
14,r040_c14,40,0,COMPLETED,8.36086220900006
15,r040_c15,40,0,COMPLETED,8.627799415999561
16,r040_c16,40,0,COMPLETED,8.422314707999703
17,r040_c17,40,0,COMPLETED,8.403782917000171
0,r041_c00,41,0,COMPLETED,8.615267417000268
1,r041_c01,41,0,COMPLETED,9.30336083300017
2,r041_c02,41,0,COMPLETED,9.981720458000382
3,r041_c03,41,0,COMPLETED,9.776057624999794
4,r041_c04,41,0,COMPLETED,9.102493208999931
5,r041_c05,41,0,COMPLETED,9.87317020799992
6,r041_c06,41,0,COMPLETED,9.888186500000302
7,r041_c07,41,0,COMPLETED,9.852106249999906
8,r041_c08,41,0,COMPLETED,9.837278457999673
9,r041_c09,41,0,COMPLETED,9.544754624999769
10,r041_c10,41,0,COMPLETED,9.55729141699976
11,r041_c11,41,0,COMPLETED,8.620190250000178
12,r041_c12,41,0,COMPLETED,8.623897250000027
13,r041_c13,41,0,COMPLETED,8.592965542000002
14,r041_c14,41,0,COMPLETED,8.352001457999904
15,r041_c15,41,0,COMPLETED,9.439725666999948
16,r041_c16,41,0,COMPLETED,9.661789750000025
17,r041_c17,41,0,COMPLETED,9.487134125000011
0,r042_c00,42,0,COMPLETED,11.060528874999818
1,r042_c01,42,0,COMPLETED,11.64631879200033
2,r042_c02,42,0,COMPLETED,10.51025512499973
3,r042_c03,42,0,COMPLETED,11.21782733300006
4,r042_c04,42,0,COMPLETED,10.576612583000042
5,r042_c05,42,0,COMPLETED,8.395915457999763
6,r042_c06,42,0,COMPLETED,8.394317207999848
7,r042_c07,42,0,COMPLETED,8.401993292000043
8,r042_c08,42,0,COMPLETED,7.963704499999949
9,r042_c09,42,0,COMPLETED,7.552776374999667
10,r042_c10,42,0,COMPLETED,7.98008208300007
11,r042_c11,42,0,COMPLETED,9.890066707999722
12,r042_c12,42,0,COMPLETED,10.173593083000014
13,r042_c13,42,0,COMPLETED,9.779972292000366
14,r042_c14,42,0,COMPLETED,9.253764499999761
15,r042_c15,42,0,COMPLETED,9.212247166999987
16,r042_c16,42,0,COMPLETED,9.70030850000012
17,r042_c17,42,0,COMPLETED,10.413675083000271
0,r043_c00,43,0,COMPLETED,10.356277708000107
1,r043_c01,43,0,COMPLETED,9.233368874999996
2,r043_c02,43,0,COMPLETED,9.028246791000129
3,r043_c03,43,0,COMPLETED,8.577904499999931
4,r043_c04,43,0,COMPLETED,8.79363824999973
5,r043_c05,43,0,COMPLETED,8.30706199999986
6,r043_c06,43,0,COMPLETED,8.31568554200021
7,r043_c07,43,0,COMPLETED,7.41608641699986
8,r043_c08,43,0,COMPLETED,7.382076958999733
9,r043_c09,43,0,COMPLETED,7.360537457999726
10,r043_c10,43,0,COMPLETED,8.283693332999974
11,r043_c11,43,0,COMPLETED,8.557242625000072
12,r043_c12,43,0,COMPLETED,7.455410999999913
13,r043_c13,43,0,COMPLETED,8.78552633299978
14,r043_c14,43,0,COMPLETED,8.818206166999971
15,r043_c15,43,0,COMPLETED,8.527413415999945
16,r043_c16,43,0,COMPLETED,8.296591833999628
17,r043_c17,43,0,COMPLETED,8.736804125000162
0,r044_c00,44,0,COMPLETED,8.946628709000379
1,r044_c01,44,0,COMPLETED,8.797291792000124
2,r044_c02,44,0,COMPLETED,8.991770500000257
3,r044_c03,44,0,COMPLETED,9.879182749999927
4,r044_c04,44,0,COMPLETED,9.652244875000179
5,r044_c05,44,0,COMPLETED,8.976324457999908
6,r044_c06,44,0,COMPLETED,8.981003958000201
7,r044_c07,44,0,COMPLETED,8.607587333000083
8,r044_c08,44,0,COMPLETED,8.400429792000068
9,r044_c09,44,0,COMPLETED,9.034994707999886
10,r044_c10,44,0,COMPLETED,9.040332666000268
11,r044_c11,44,0,COMPLETED,9.240601500000139
12,r044_c12,44,0,COMPLETED,9.24144004100026
13,r044_c13,44,0,COMPLETED,8.993465958999877
14,r044_c14,44,0,COMPLETED,9.014849583000341
15,r044_c15,44,0,COMPLETED,8.60028662500008
16,r044_c16,44,0,COMPLETED,8.585086125000089
17,r044_c17,44,0,COMPLETED,7.902649083000142
0,r045_c00,45,0,COMPLETED,7.905605167000431
1,r045_c01,45,0,COMPLETED,7.250990250000086
2,r045_c02,45,0,COMPLETED,7.03372116699984
3,r045_c03,45,0,COMPLETED,6.773208375000195
4,r045_c04,45,0,COMPLETED,6.983784499999729
5,r045_c05,45,0,COMPLETED,6.985898333000023
6,r045_c06,45,0,COMPLETED,6.770391416000166
7,r045_c07,45,0,COMPLETED,8.259107833999678
8,r045_c08,45,0,COMPLETED,8.468005667000398
9,r045_c09,45,0,COMPLETED,7.416123582999717
10,r045_c10,45,0,COMPLETED,7.428395375000036
11,r045_c11,45,0,COMPLETED,7.5082132500001535
12,r045_c12,45,0,COMPLETED,7.751584790999914
13,r045_c13,45,0,COMPLETED,11.795977791999576
14,r045_c14,45,0,COMPLETED,11.559469374999935
15,r045_c15,45,0,COMPLETED,11.286926624999978
16,r045_c16,45,0,COMPLETED,11.559954416999972
17,r045_c17,45,0,COMPLETED,9.296564458999455
0,r046_c00,46,0,COMPLETED,9.187853208999513
1,r046_c01,46,0,COMPLETED,9.039656707999711
2,r046_c02,46,0,COMPLETED,9.974440208000487
3,r046_c03,46,0,COMPLETED,13.474867124999946
4,r046_c04,46,0,COMPLETED,13.463791290999325
5,r046_c05,46,0,COMPLETED,11.859769083000174
6,r046_c06,46,0,COMPLETED,12.089213250000284
7,r046_c07,46,0,COMPLETED,11.212168500000189
8,r046_c08,46,0,COMPLETED,10.765342084000622
9,r046_c09,46,0,COMPLETED,9.437763625000116
10,r046_c10,46,0,COMPLETED,8.938772333000088
11,r046_c11,46,0,COMPLETED,8.285371957999814
12,r046_c12,46,0,COMPLETED,8.070853375000297
13,r046_c13,46,0,COMPLETED,7.027670374999616
14,r046_c14,46,0,COMPLETED,7.497244832999968
15,r046_c15,46,0,COMPLETED,8.363040041999739
16,r046_c16,46,0,COMPLETED,8.318538416999218
17,r046_c17,46,0,COMPLETED,8.810745709000003
0,r047_c00,47,0,COMPLETED,8.595719083000404
1,r047_c01,47,0,COMPLETED,7.832245250000597
2,r047_c02,47,0,COMPLETED,7.829357292000168
3,r047_c03,47,0,COMPLETED,7.6401791250000315
4,r047_c04,47,0,COMPLETED,7.8848278750001555
5,r047_c05,47,0,COMPLETED,7.660625790999802
6,r047_c06,47,0,COMPLETED,7.672957709000002
7,r047_c07,47,0,COMPLETED,7.868635415999961
8,r047_c08,47,0,COMPLETED,7.8548430829996505
9,r047_c09,47,0,COMPLETED,7.879335499999797
10,r047_c10,47,0,COMPLETED,8.275711082999806
11,r047_c11,47,0,COMPLETED,8.556347249999817
12,r047_c12,47,0,COMPLETED,8.149141749999217
13,r047_c13,47,0,COMPLETED,8.488442708000548
14,r047_c14,47,0,COMPLETED,8.489162374999978
15,r047_c15,47,0,COMPLETED,8.754073207999681
16,r047_c16,47,0,COMPLETED,8.528817708000133
17,r047_c17,47,0,COMPLETED,8.498083249999581
0,r048_c00,48,0,COMPLETED,8.702900415999466
1,r048_c01,48,0,COMPLETED,8.721067333000065
2,r048_c02,48,0,COMPLETED,8.932914250000067
3,r048_c03,48,0,COMPLETED,9.149123874999532
4,r048_c04,48,0,COMPLETED,8.54432554199957
5,r048_c05,48,0,COMPLETED,8.716736583000056
6,r048_c06,48,0,COMPLETED,8.94268295799975
7,r048_c07,48,0,COMPLETED,8.567022374999397
8,r048_c08,48,0,COMPLETED,8.748055541000213
9,r048_c09,48,0,COMPLETED,9.350566000000072
10,r048_c10,48,0,COMPLETED,9.129514166999797
11,r048_c11,48,0,COMPLETED,8.733006333000048
12,r048_c12,48,0,COMPLETED,8.746587915999953
13,r048_c13,48,0,COMPLETED,8.33760733300005
14,r048_c14,48,0,COMPLETED,8.331886625000152
15,r048_c15,48,0,COMPLETED,8.243798999999854
16,r048_c16,48,0,COMPLETED,8.246205250000457
17,r048_c17,48,0,COMPLETED,8.320816292000018
0,r049_c00,49,0,COMPLETED,8.545769875000587
1,r049_c01,49,0,COMPLETED,9.17315412500011
2,r049_c02,49,0,COMPLETED,9.142266709000069
3,r049_c03,49,0,COMPLETED,8.471868083000118
4,r049_c04,49,0,COMPLETED,8.455662000000302
5,r049_c05,49,0,COMPLETED,8.957930583000234
6,r049_c06,49,0,COMPLETED,9.00538029099971
7,r049_c07,49,0,COMPLETED,8.71674824999991
8,r049_c08,49,0,COMPLETED,8.913017457999558
9,r049_c09,49,0,COMPLETED,9.16260558399972
10,r049_c10,49,0,COMPLETED,9.381687250000141
11,r049_c11,49,0,COMPLETED,9.12499945899981
12,r049_c12,49,0,COMPLETED,8.896578708000561
13,r049_c13,49,0,COMPLETED,9.302266458000304
14,r049_c14,49,0,COMPLETED,9.516815083999973
15,r049_c15,49,0,COMPLETED,9.574058082999727
16,r049_c16,49,0,COMPLETED,9.117456541999672
17,r049_c17,49,0,COMPLETED,9.201726917000087
0,r050_c00,50,0,COMPLETED,9.430237958000362
1,r050_c01,50,0,COMPLETED,12.498187916000461
2,r050_c02,50,0,COMPLETED,12.724327458000516
3,r050_c03,50,0,COMPLETED,9.593126041999312
4,r050_c04,50,0,COMPLETED,9.38447825000003
5,r050_c05,50,0,COMPLETED,9.188013209000019
6,r050_c06,50,0,COMPLETED,8.940093583999442
7,r050_c07,50,0,COMPLETED,9.337366624999959
8,r050_c08,50,0,COMPLETED,9.126420667000275
9,r050_c09,50,0,COMPLETED,8.924615625000115
10,r050_c10,50,0,COMPLETED,8.93214850000004
11,r050_c11,50,0,COMPLETED,9.16007958299997
12,r050_c12,50,0,COMPLETED,8.948930749999818
13,r050_c13,50,0,COMPLETED,8.643794708000314
14,r050_c14,50,0,COMPLETED,8.636072833000071
15,r050_c15,50,0,COMPLETED,9.363382499999716
16,r050_c16,50,0,COMPLETED,9.591826665999179
17,r050_c17,50,0,COMPLETED,9.855726499999946
0,r051_c00,51,0,COMPLETED,10.028435291000278
1,r051_c01,51,0,COMPLETED,9.984187375000147
2,r051_c02,51,0,COMPLETED,10.006413707999855
3,r051_c03,51,0,COMPLETED,9.337776374999521
4,r051_c04,51,0,COMPLETED,9.557013999999981
5,r051_c05,51,0,COMPLETED,9.583950000000186
6,r051_c06,51,0,COMPLETED,9.560917667000467
7,r051_c07,51,0,COMPLETED,9.142410249999557
8,r051_c08,51,0,COMPLETED,9.16460054199979
9,r051_c09,51,0,COMPLETED,9.219599708000715
10,r051_c10,51,0,COMPLETED,9.181061250000312
11,r051_c11,51,0,COMPLETED,9.135920499999884
12,r051_c12,51,0,COMPLETED,8.964343999999983
13,r051_c13,51,0,COMPLETED,9.200709249999818
14,r051_c14,51,0,COMPLETED,9.402798416999758
15,r051_c15,51,0,COMPLETED,9.795084041000337
16,r051_c16,51,0,COMPLETED,9.569979666999643
17,r051_c17,51,0,COMPLETED,9.797620166999877
0,r052_c00,52,0,COMPLETED,10.243366958000479
1,r052_c01,52,0,COMPLETED,9.747709958999621
2,r052_c02,52,0,COMPLETED,9.528315707999354
3,r052_c03,52,0,COMPLETED,10.855872416999773
4,r052_c04,52,0,COMPLETED,11.310780290999901
5,r052_c05,52,0,COMPLETED,10.685228958000152
6,r052_c06,52,0,COMPLETED,11.938252875000217
7,r052_c07,52,0,COMPLETED,13.33138579200022
8,r052_c08,52,0,COMPLETED,12.066719875000672
9,r052_c09,52,0,COMPLETED,11.583319084000323
10,r052_c10,52,0,COMPLETED,11.575268833000337
11,r052_c11,52,0,COMPLETED,12.935319166999761
12,r052_c12,52,0,COMPLETED,12.689728333000858
13,r052_c13,52,0,COMPLETED,10.45496516700041
14,r052_c14,52,0,COMPLETED,10.690213416000006
15,r052_c15,52,0,COMPLETED,11.079436874999374
16,r052_c16,52,0,COMPLETED,10.84124625000004
17,r052_c17,52,0,COMPLETED,11.939011333000053
0,r053_c00,53,0,COMPLETED,12.200237000000016
1,r053_c01,53,0,COMPLETED,10.871083375000126
2,r053_c02,53,0,COMPLETED,10.660667125000145
3,r053_c03,53,0,COMPLETED,9.997976916999505
4,r053_c04,53,0,COMPLETED,10.009162749999632
5,r053_c05,53,0,COMPLETED,11.192209583000476
6,r053_c06,53,0,COMPLETED,11.816154666999864
7,r053_c07,53,0,COMPLETED,10.834715125000002
8,r053_c08,53,0,COMPLETED,10.222335292000025
9,r053_c09,53,0,COMPLETED,11.618579209000018
10,r053_c10,53,0,COMPLETED,12.024649500000123
11,r053_c11,53,0,COMPLETED,11.516184666999834
12,r053_c12,53,0,COMPLETED,10.853884874999494
13,r053_c13,53,0,COMPLETED,9.972246457999972
14,r053_c14,53,0,COMPLETED,9.74999574999947
15,r053_c15,53,0,COMPLETED,10.228981541999929
16,r053_c16,53,0,COMPLETED,10.240120542000113
17,r053_c17,53,0,COMPLETED,10.373410042000614
0,r054_c00,54,0,COMPLETED,10.171776916999988
1,r054_c01,54,0,COMPLETED,10.183227833999808
2,r054_c02,54,0,COMPLETED,10.428918832999443
3,r054_c03,54,0,COMPLETED,11.342062499999884
4,r054_c04,54,0,COMPLETED,11.283579582999664
5,r054_c05,54,0,COMPLETED,10.188561624999238
6,r054_c06,54,0,COMPLETED,10.416433749999669
7,r054_c07,54,0,COMPLETED,11.52155191699967
8,r054_c08,54,0,COMPLETED,11.50068441700023
9,r054_c09,54,0,COMPLETED,14.529436832999636
10,r054_c10,54,0,COMPLETED,14.784327999999732
11,r054_c11,54,0,COMPLETED,12.032728291999774
12,r054_c12,54,0,COMPLETED,11.390555166999548
13,r054_c13,54,0,COMPLETED,11.584089124999991
14,r054_c14,54,0,COMPLETED,11.575149207999857
15,r054_c15,54,0,COMPLETED,15.781979041999875
16,r054_c16,54,0,COMPLETED,16.26837824999984
17,r054_c17,54,0,COMPLETED,16.505780292000054
0,r055_c00,55,0,COMPLETED,15.749509291000322
1,r055_c01,55,0,COMPLETED,13.28427366699998
2,r055_c02,55,0,COMPLETED,12.329155792000165
3,r055_c03,55,0,COMPLETED,14.387032999999974
4,r055_c04,55,0,COMPLETED,14.38426787499975
5,r055_c05,55,0,COMPLETED,13.495981333999225
6,r055_c06,55,0,COMPLETED,13.280693292000251
7,r055_c07,55,0,COMPLETED,21.98235250000016
8,r055_c08,55,0,COMPLETED,22.034488875000534
9,r055_c09,55,0,COMPLETED,12.276898916999926
10,r055_c10,55,0,COMPLETED,11.965827334000096
11,r055_c11,55,0,COMPLETED,18.945250875000056
12,r055_c12,55,0,COMPLETED,18.31091270899924
13,r055_c13,55,0,COMPLETED,12.714105957999891
14,r055_c14,55,0,COMPLETED,12.381530999999995
15,r055_c15,55,0,COMPLETED,12.140127208000195
16,r055_c16,55,0,COMPLETED,12.172267750000174
17,r055_c17,55,0,COMPLETED,12.262353875000372
0,r056_c00,56,0,COMPLETED,12.538906916999622
1,r056_c01,56,0,COMPLETED,13.535904959000618
2,r056_c02,56,0,COMPLETED,13.310845083000459
3,r056_c03,56,0,COMPLETED,13.64290845800042
4,r056_c04,56,0,COMPLETED,13.682766666000134
5,r056_c05,56,0,COMPLETED,10.455940042000293
6,r056_c06,56,0,COMPLETED,10.49584012500054
7,r056_c07,56,0,COMPLETED,13.267384666999533
8,r056_c08,56,0,COMPLETED,13.307654958000057
9,r056_c09,56,0,COMPLETED,16.214069083999675
10,r056_c10,56,0,COMPLETED,15.881396708000466
11,r056_c11,56,0,COMPLETED,19.371998374999748
12,r056_c12,56,0,COMPLETED,18.688105166999776
13,r056_c13,56,0,COMPLETED,20.17636154200045
14,r056_c14,56,0,COMPLETED,20.12838550000015
15,r056_c15,56,0,COMPLETED,12.204454833000455
16,r056_c16,56,0,COMPLETED,12.175284082999497
17,r056_c17,56,0,COMPLETED,17.007326832999752
0,r057_c00,57,0,COMPLETED,17.610277959000086
1,r057_c01,57,0,COMPLETED,28.10130529200069
2,r057_c02,57,0,COMPLETED,27.50891537499956
3,r057_c03,57,0,COMPLETED,15.06746262499928
4,r057_c04,57,0,COMPLETED,15.33694529100012
5,r057_c05,57,0,COMPLETED,13.532799999999952
6,r057_c06,57,0,COMPLETED,13.318451957999969
7,r057_c07,57,0,COMPLETED,12.986313415999575
8,r057_c08,57,0,COMPLETED,13.03010891699978
9,r057_c09,57,0,COMPLETED,15.405279082999186
10,r057_c10,57,0,COMPLETED,15.453718917000515
11,r057_c11,57,0,COMPLETED,12.975471041000674
12,r057_c12,57,0,COMPLETED,13.00613437499942
13,r057_c13,57,0,COMPLETED,12.427377083000465
14,r057_c14,57,0,COMPLETED,12.457176833999256
15,r057_c15,57,0,COMPLETED,12.884667125000306
16,r057_c16,57,0,COMPLETED,12.605995166999492
17,r057_c17,57,0,COMPLETED,17.318846250000206
0,r058_c00,58,0,COMPLETED,17.73075716599942
1,r058_c01,58,0,COMPLETED,19.190058333999332
2,r058_c02,58,0,COMPLETED,18.201338916999703
3,r058_c03,58,0,COMPLETED,14.26588783400075
4,r058_c04,58,0,COMPLETED,13.971159042000181
5,r058_c05,58,0,COMPLETED,11.947840000000724
6,r058_c06,58,0,COMPLETED,11.98671395800011
7,r058_c07,58,0,COMPLETED,12.619972542000141
8,r058_c08,58,0,COMPLETED,12.657707415999539
9,r058_c09,58,0,COMPLETED,14.453851541000404
10,r058_c10,58,0,COMPLETED,14.497963542000434
11,r058_c11,58,0,COMPLETED,13.47476829199968
12,r058_c12,58,0,COMPLETED,13.188617499999964
13,r058_c13,58,0,COMPLETED,12.89631562500017
14,r058_c14,58,0,COMPLETED,12.345416250000198
15,r058_c15,58,0,COMPLETED,11.121996916999706
16,r058_c16,58,0,COMPLETED,10.876762083000358
17,r058_c17,58,0,COMPLETED,11.757472416999917
0,r059_c00,59,0,COMPLETED,12.02642349999951
1,r059_c01,59,0,COMPLETED,15.702136125000834
2,r059_c02,59,0,COMPLETED,15.5698190840003
3,r059_c03,59,0,COMPLETED,12.889102250000178
4,r059_c04,59,0,COMPLETED,12.934330125000088
5,r059_c05,59,0,COMPLETED,15.806952208999974
6,r059_c06,59,0,COMPLETED,15.479826666999543
7,r059_c07,59,0,COMPLETED,13.30492733400024
8,r059_c08,59,0,COMPLETED,13.044840624999779
9,r059_c09,59,0,COMPLETED,15.048099750000802
10,r059_c10,59,0,COMPLETED,15.09278274999997
11,r059_c11,59,0,COMPLETED,15.025162709000142
12,r059_c12,59,0,COMPLETED,15.076488374999826
13,r059_c13,59,0,COMPLETED,13.370814916999734
14,r059_c14,59,0,COMPLETED,13.403271334000237
15,r059_c15,59,0,COMPLETED,11.503183792000527
16,r059_c16,59,0,COMPLETED,11.531931666999299
17,r059_c17,59,0,COMPLETED,10.947832500000004
0,r060_c00,60,0,COMPLETED,11.239082750000307
1,r060_c01,60,0,COMPLETED,12.376383583999996
2,r060_c02,60,0,COMPLETED,12.14581491699937
3,r060_c03,60,0,COMPLETED,15.523006166999949
4,r060_c04,60,0,COMPLETED,15.604031916000167
5,r060_c05,60,0,COMPLETED,14.286879582999973
6,r060_c06,60,0,COMPLETED,14.323331292000148
7,r060_c07,60,0,COMPLETED,12.14582637500007
8,r060_c08,60,0,COMPLETED,12.197515708000537
9,r060_c09,60,0,COMPLETED,12.099076458000127
10,r060_c10,60,0,COMPLETED,12.1509855839995
11,r060_c11,60,0,COMPLETED,11.984695541000292
12,r060_c12,60,0,COMPLETED,11.689075958999638
13,r060_c13,60,0,COMPLETED,10.83840195799985
14,r060_c14,60,0,COMPLETED,10.807021499999792
15,r060_c15,60,0,COMPLETED,10.498945249999451
16,r060_c16,60,0,COMPLETED,10.512474666999879
17,r060_c17,60,0,COMPLETED,10.915310041000339
0,r061_c00,61,0,COMPLETED,10.931123790999663
1,r061_c01,61,0,COMPLETED,11.607946207999703
2,r061_c02,61,0,COMPLETED,11.383206790999793
3,r061_c03,61,0,COMPLETED,10.696426958999837
4,r061_c04,61,0,COMPLETED,10.734177875000569
5,r061_c05,61,0,COMPLETED,9.843404041999747
6,r061_c06,61,0,COMPLETED,9.883139792000293
7,r061_c07,61,0,COMPLETED,9.60164020799948
8,r061_c08,61,0,COMPLETED,9.639134666000245
9,r061_c09,61,0,COMPLETED,10.921039875000133
10,r061_c10,61,0,COMPLETED,10.99596479199954
11,r061_c11,61,0,COMPLETED,13.324124124999798
12,r061_c12,61,0,COMPLETED,12.797272791999603
13,r061_c13,61,0,COMPLETED,13.399341207999896
14,r061_c14,61,0,COMPLETED,13.18105504200048
15,r061_c15,61,0,COMPLETED,12.83528962499986
16,r061_c16,61,0,COMPLETED,12.594575291999718
17,r061_c17,61,0,COMPLETED,11.339282083000398
0,r062_c00,62,0,COMPLETED,11.613986583000042
1,r062_c01,62,0,COMPLETED,11.593338374999803
2,r062_c02,62,0,COMPLETED,11.36246654200022
3,r062_c03,62,0,COMPLETED,11.248922332999427
4,r062_c04,62,0,COMPLETED,11.282774332999907
5,r062_c05,62,0,COMPLETED,10.632135500000004
6,r062_c06,62,0,COMPLETED,10.673315542000637
7,r062_c07,62,0,COMPLETED,12.204378583000107
8,r062_c08,62,0,COMPLETED,12.473267708000094
9,r062_c09,62,0,COMPLETED,11.669390666999789
10,r062_c10,62,0,COMPLETED,11.665496417000213
11,r062_c11,62,0,COMPLETED,11.159536916000434
12,r062_c12,62,0,COMPLETED,10.928111917000024
13,r062_c13,62,0,COMPLETED,10.518884833999437
14,r062_c14,62,0,COMPLETED,10.23374212499948
15,r062_c15,62,0,COMPLETED,12.858142541000234
16,r062_c16,62,0,COMPLETED,12.86161358299978
17,r062_c17,62,0,COMPLETED,11.774100667000312
0,r063_c00,63,0,COMPLETED,11.779599999999846
1,r063_c01,63,0,COMPLETED,11.320343082999898
2,r063_c02,63,0,COMPLETED,11.095634500000415
3,r063_c03,63,0,COMPLETED,11.0449435419996
4,r063_c04,63,0,COMPLETED,11.080301125000005
5,r063_c05,63,0,COMPLETED,11.709316415999638
6,r063_c06,63,0,COMPLETED,11.75665037499948
7,r063_c07,63,0,COMPLETED,13.50506949999999
8,r063_c08,63,0,COMPLETED,13.55542137500015
9,r063_c09,63,0,COMPLETED,11.592266167000162
10,r063_c10,63,0,COMPLETED,11.297709166000459
11,r063_c11,63,0,COMPLETED,12.233465124999384
12,r063_c12,63,0,COMPLETED,11.992932291000216
13,r063_c13,63,0,COMPLETED,12.060042584000257
14,r063_c14,63,0,COMPLETED,11.795713458000137
15,r063_c15,63,0,COMPLETED,10.965932291999707
16,r063_c16,63,0,COMPLETED,10.97342266600026
17,r063_c17,63,0,COMPLETED,10.021912458999395
