cell_id,phi,response,delay,correlation,original_length,method,member_index,available_count,completed_count,missing_count,planned,unavailability_reasons,unavailable_count
0,1/5,"[1, 0]",0,9/10,4097,primary,0,64,64,0,64,{},0
0,1/5,"[1, 0]",0,9/10,4097,primary,1,64,64,0,64,{},0
0,1/5,"[1, 0]",0,9/10,4097,primary,2,64,64,0,64,{},0
0,1/5,"[1, 0]",0,9/10,4097,primary,3,0,64,0,64,"{""nonpositive_scale_denominator"": 64}",64
0,1/5,"[1, 0]",0,9/10,4097,control,0,64,64,0,64,{},0
0,1/5,"[1, 0]",0,9/10,4097,control,1,64,64,0,64,{},0
0,1/5,"[1, 0]",0,9/10,4097,control,2,64,64,0,64,{},0
0,1/5,"[1, 0]",0,9/10,4097,control,3,0,64,0,64,"{""nonpositive_scale_denominator"": 64}",64
0,1/5,"[1, 0]",0,9/10,32769,primary,0,64,64,0,64,{},0
0,1/5,"[1, 0]",0,9/10,32769,primary,1,64,64,0,64,{},0
0,1/5,"[1, 0]",0,9/10,32769,primary,2,64,64,0,64,{},0
0,1/5,"[1, 0]",0,9/10,32769,primary,3,64,64,0,64,{},0
0,1/5,"[1, 0]",0,9/10,32769,control,0,64,64,0,64,{},0
0,1/5,"[1, 0]",0,9/10,32769,control,1,64,64,0,64,{},0
0,1/5,"[1, 0]",0,9/10,32769,control,2,64,64,0,64,{},0
0,1/5,"[1, 0]",0,9/10,32769,control,3,64,64,0,64,{},0
1,1/5,"[1, 0]",1,2/5,4097,primary,0,64,64,0,64,{},0
1,1/5,"[1, 0]",1,2/5,4097,primary,1,64,64,0,64,{},0
1,1/5,"[1, 0]",1,2/5,4097,primary,2,64,64,0,64,{},0
1,1/5,"[1, 0]",1,2/5,4097,primary,3,0,64,0,64,"{""nonpositive_scale_denominator"": 64}",64
1,1/5,"[1, 0]",1,2/5,4097,control,0,64,64,0,64,{},0
1,1/5,"[1, 0]",1,2/5,4097,control,1,64,64,0,64,{},0
1,1/5,"[1, 0]",1,2/5,4097,control,2,64,64,0,64,{},0
1,1/5,"[1, 0]",1,2/5,4097,control,3,0,64,0,64,"{""nonpositive_scale_denominator"": 64}",64
1,1/5,"[1, 0]",1,2/5,32769,primary,0,64,64,0,64,{},0
1,1/5,"[1, 0]",1,2/5,32769,primary,1,64,64,0,64,{},0
1,1/5,"[1, 0]",1,2/5,32769,primary,2,64,64,0,64,{},0
1,1/5,"[1, 0]",1,2/5,32769,primary,3,64,64,0,64,{},0
1,1/5,"[1, 0]",1,2/5,32769,control,0,64,64,0,64,{},0
1,1/5,"[1, 0]",1,2/5,32769,control,1,64,64,0,64,{},0
1,1/5,"[1, 0]",1,2/5,32769,control,2,64,64,0,64,{},0
1,1/5,"[1, 0]",1,2/5,32769,control,3,64,64,0,64,{},0
2,1/5,"[1, 0]",1,9/10,4097,primary,0,64,64,0,64,{},0
2,1/5,"[1, 0]",1,9/10,4097,primary,1,64,64,0,64,{},0
2,1/5,"[1, 0]",1,9/10,4097,primary,2,64,64,0,64,{},0
2,1/5,"[1, 0]",1,9/10,4097,primary,3,0,64,0,64,"{""nonpositive_scale_denominator"": 64}",64
2,1/5,"[1, 0]",1,9/10,4097,control,0,64,64,0,64,{},0
2,1/5,"[1, 0]",1,9/10,4097,control,1,64,64,0,64,{},0
2,1/5,"[1, 0]",1,9/10,4097,control,2,64,64,0,64,{},0
2,1/5,"[1, 0]",1,9/10,4097,control,3,0,64,0,64,"{""nonpositive_scale_denominator"": 64}",64
2,1/5,"[1, 0]",1,9/10,32769,primary,0,64,64,0,64,{},0
2,1/5,"[1, 0]",1,9/10,32769,primary,1,64,64,0,64,{},0
2,1/5,"[1, 0]",1,9/10,32769,primary,2,64,64,0,64,{},0
2,1/5,"[1, 0]",1,9/10,32769,primary,3,64,64,0,64,{},0
2,1/5,"[1, 0]",1,9/10,32769,control,0,64,64,0,64,{},0
2,1/5,"[1, 0]",1,9/10,32769,control,1,64,64,0,64,{},0
2,1/5,"[1, 0]",1,9/10,32769,control,2,64,64,0,64,{},0
2,1/5,"[1, 0]",1,9/10,32769,control,3,64,64,0,64,{},0
3,1/5,"[1, 1/10]",0,9/10,4097,primary,0,64,64,0,64,{},0
3,1/5,"[1, 1/10]",0,9/10,4097,primary,1,64,64,0,64,{},0
3,1/5,"[1, 1/10]",0,9/10,4097,primary,2,64,64,0,64,{},0
3,1/5,"[1, 1/10]",0,9/10,4097,primary,3,0,64,0,64,"{""nonpositive_scale_denominator"": 64}",64
3,1/5,"[1, 1/10]",0,9/10,4097,control,0,64,64,0,64,{},0
3,1/5,"[1, 1/10]",0,9/10,4097,control,1,64,64,0,64,{},0
3,1/5,"[1, 1/10]",0,9/10,4097,control,2,64,64,0,64,{},0
3,1/5,"[1, 1/10]",0,9/10,4097,control,3,0,64,0,64,"{""nonpositive_scale_denominator"": 64}",64
3,1/5,"[1, 1/10]",0,9/10,32769,primary,0,64,64,0,64,{},0
3,1/5,"[1, 1/10]",0,9/10,32769,primary,1,64,64,0,64,{},0
3,1/5,"[1, 1/10]",0,9/10,32769,primary,2,64,64,0,64,{},0
3,1/5,"[1, 1/10]",0,9/10,32769,primary,3,64,64,0,64,{},0
3,1/5,"[1, 1/10]",0,9/10,32769,control,0,64,64,0,64,{},0
3,1/5,"[1, 1/10]",0,9/10,32769,control,1,64,64,0,64,{},0
3,1/5,"[1, 1/10]",0,9/10,32769,control,2,64,64,0,64,{},0
3,1/5,"[1, 1/10]",0,9/10,32769,control,3,64,64,0,64,{},0
4,1/5,"[1, 1/10]",1,2/5,4097,primary,0,64,64,0,64,{},0
4,1/5,"[1, 1/10]",1,2/5,4097,primary,1,64,64,0,64,{},0
4,1/5,"[1, 1/10]",1,2/5,4097,primary,2,64,64,0,64,{},0
4,1/5,"[1, 1/10]",1,2/5,4097,primary,3,0,64,0,64,"{""nonpositive_scale_denominator"": 64}",64
4,1/5,"[1, 1/10]",1,2/5,4097,control,0,64,64,0,64,{},0
4,1/5,"[1, 1/10]",1,2/5,4097,control,1,64,64,0,64,{},0
4,1/5,"[1, 1/10]",1,2/5,4097,control,2,64,64,0,64,{},0
4,1/5,"[1, 1/10]",1,2/5,4097,control,3,0,64,0,64,"{""nonpositive_scale_denominator"": 64}",64
4,1/5,"[1, 1/10]",1,2/5,32769,primary,0,64,64,0,64,{},0
4,1/5,"[1, 1/10]",1,2/5,32769,primary,1,64,64,0,64,{},0
4,1/5,"[1, 1/10]",1,2/5,32769,primary,2,64,64,0,64,{},0
4,1/5,"[1, 1/10]",1,2/5,32769,primary,3,64,64,0,64,{},0
4,1/5,"[1, 1/10]",1,2/5,32769,control,0,64,64,0,64,{},0
4,1/5,"[1, 1/10]",1,2/5,32769,control,1,64,64,0,64,{},0
4,1/5,"[1, 1/10]",1,2/5,32769,control,2,64,64,0,64,{},0
4,1/5,"[1, 1/10]",1,2/5,32769,control,3,64,64,0,64,{},0
5,1/5,"[1, 1/10]",1,9/10,4097,primary,0,64,64,0,64,{},0
5,1/5,"[1, 1/10]",1,9/10,4097,primary,1,64,64,0,64,{},0
5,1/5,"[1, 1/10]",1,9/10,4097,primary,2,64,64,0,64,{},0
5,1/5,"[1, 1/10]",1,9/10,4097,primary,3,0,64,0,64,"{""nonpositive_scale_denominator"": 64}",64
5,1/5,"[1, 1/10]",1,9/10,4097,control,0,64,64,0,64,{},0
5,1/5,"[1, 1/10]",1,9/10,4097,control,1,64,64,0,64,{},0
5,1/5,"[1, 1/10]",1,9/10,4097,control,2,64,64,0,64,{},0
5,1/5,"[1, 1/10]",1,9/10,4097,control,3,0,64,0,64,"{""nonpositive_scale_denominator"": 64}",64
5,1/5,"[1, 1/10]",1,9/10,32769,primary,0,64,64,0,64,{},0
5,1/5,"[1, 1/10]",1,9/10,32769,primary,1,64,64,0,64,{},0
5,1/5,"[1, 1/10]",1,9/10,32769,primary,2,64,64,0,64,{},0
5,1/5,"[1, 1/10]",1,9/10,32769,primary,3,64,64,0,64,{},0
5,1/5,"[1, 1/10]",1,9/10,32769,control,0,64,64,0,64,{},0
5,1/5,"[1, 1/10]",1,9/10,32769,control,1,64,64,0,64,{},0
5,1/5,"[1, 1/10]",1,9/10,32769,control,2,64,64,0,64,{},0
5,1/5,"[1, 1/10]",1,9/10,32769,control,3,64,64,0,64,{},0
6,4/5,"[1, 0]",0,9/10,4097,primary,0,0,64,0,64,"{""nonpositive_scale_denominator"": 64}",64
6,4/5,"[1, 0]",0,9/10,4097,primary,1,58,64,0,64,"{""nonpositive_scale_denominator"": 6}",6
6,4/5,"[1, 0]",0,9/10,4097,primary,2,64,64,0,64,{},0
6,4/5,"[1, 0]",0,9/10,4097,primary,3,64,64,0,64,{},0
6,4/5,"[1, 0]",0,9/10,4097,control,0,0,64,0,64,"{""nonpositive_scale_denominator"": 64}",64
6,4/5,"[1, 0]",0,9/10,4097,control,1,64,64,0,64,{},0
6,4/5,"[1, 0]",0,9/10,4097,control,2,64,64,0,64,{},0
6,4/5,"[1, 0]",0,9/10,4097,control,3,64,64,0,64,{},0
6,4/5,"[1, 0]",0,9/10,32769,primary,0,64,64,0,64,{},0
6,4/5,"[1, 0]",0,9/10,32769,primary,1,64,64,0,64,{},0
6,4/5,"[1, 0]",0,9/10,32769,primary,2,64,64,0,64,{},0
6,4/5,"[1, 0]",0,9/10,32769,primary,3,64,64,0,64,{},0
6,4/5,"[1, 0]",0,9/10,32769,control,0,64,64,0,64,{},0
6,4/5,"[1, 0]",0,9/10,32769,control,1,64,64,0,64,{},0
6,4/5,"[1, 0]",0,9/10,32769,control,2,64,64,0,64,{},0
6,4/5,"[1, 0]",0,9/10,32769,control,3,64,64,0,64,{},0
7,4/5,"[1, 0]",1,2/5,4097,primary,0,0,64,0,64,"{""no_finite_source_certificate"": 1, ""nonpositive_scale_denominator"": 63}",64
7,4/5,"[1, 0]",1,2/5,4097,primary,1,60,64,0,64,"{""no_finite_source_certificate"": 1, ""nonpositive_scale_denominator"": 3}",4
7,4/5,"[1, 0]",1,2/5,4097,primary,2,63,64,0,64,"{""no_finite_source_certificate"": 1}",1
7,4/5,"[1, 0]",1,2/5,4097,primary,3,63,64,0,64,"{""no_finite_source_certificate"": 1}",1
7,4/5,"[1, 0]",1,2/5,4097,control,0,0,64,0,64,"{""nonpositive_scale_denominator"": 64}",64
7,4/5,"[1, 0]",1,2/5,4097,control,1,64,64,0,64,{},0
7,4/5,"[1, 0]",1,2/5,4097,control,2,64,64,0,64,{},0
7,4/5,"[1, 0]",1,2/5,4097,control,3,64,64,0,64,{},0
7,4/5,"[1, 0]",1,2/5,32769,primary,0,64,64,0,64,{},0
7,4/5,"[1, 0]",1,2/5,32769,primary,1,64,64,0,64,{},0
7,4/5,"[1, 0]",1,2/5,32769,primary,2,64,64,0,64,{},0
7,4/5,"[1, 0]",1,2/5,32769,primary,3,64,64,0,64,{},0
7,4/5,"[1, 0]",1,2/5,32769,control,0,64,64,0,64,{},0
7,4/5,"[1, 0]",1,2/5,32769,control,1,64,64,0,64,{},0
7,4/5,"[1, 0]",1,2/5,32769,control,2,64,64,0,64,{},0
7,4/5,"[1, 0]",1,2/5,32769,control,3,64,64,0,64,{},0
8,4/5,"[1, 0]",1,9/10,4097,primary,0,0,64,0,64,"{""nonpositive_scale_denominator"": 64}",64
8,4/5,"[1, 0]",1,9/10,4097,primary,1,60,64,0,64,"{""nonpositive_scale_denominator"": 4}",4
8,4/5,"[1, 0]",1,9/10,4097,primary,2,64,64,0,64,{},0
8,4/5,"[1, 0]",1,9/10,4097,primary,3,64,64,0,64,{},0
8,4/5,"[1, 0]",1,9/10,4097,control,0,0,64,0,64,"{""nonpositive_scale_denominator"": 64}",64
8,4/5,"[1, 0]",1,9/10,4097,control,1,64,64,0,64,{},0
8,4/5,"[1, 0]",1,9/10,4097,control,2,64,64,0,64,{},0
8,4/5,"[1, 0]",1,9/10,4097,control,3,64,64,0,64,{},0
8,4/5,"[1, 0]",1,9/10,32769,primary,0,64,64,0,64,{},0
8,4/5,"[1, 0]",1,9/10,32769,primary,1,64,64,0,64,{},0
8,4/5,"[1, 0]",1,9/10,32769,primary,2,64,64,0,64,{},0
8,4/5,"[1, 0]",1,9/10,32769,primary,3,64,64,0,64,{},0
8,4/5,"[1, 0]",1,9/10,32769,control,0,64,64,0,64,{},0
8,4/5,"[1, 0]",1,9/10,32769,control,1,64,64,0,64,{},0
8,4/5,"[1, 0]",1,9/10,32769,control,2,64,64,0,64,{},0
8,4/5,"[1, 0]",1,9/10,32769,control,3,64,64,0,64,{},0
9,4/5,"[1, 1/10]",0,9/10,4097,primary,0,0,64,0,64,"{""no_finite_source_certificate"": 1, ""nonpositive_scale_denominator"": 63}",64
9,4/5,"[1, 1/10]",0,9/10,4097,primary,1,57,64,0,64,"{""no_finite_source_certificate"": 1, ""nonpositive_scale_denominator"": 6}",7
9,4/5,"[1, 1/10]",0,9/10,4097,primary,2,63,64,0,64,"{""no_finite_source_certificate"": 1}",1
9,4/5,"[1, 1/10]",0,9/10,4097,primary,3,63,64,0,64,"{""no_finite_source_certificate"": 1}",1
9,4/5,"[1, 1/10]",0,9/10,4097,control,0,0,64,0,64,"{""nonpositive_scale_denominator"": 64}",64
9,4/5,"[1, 1/10]",0,9/10,4097,control,1,64,64,0,64,{},0
9,4/5,"[1, 1/10]",0,9/10,4097,control,2,64,64,0,64,{},0
9,4/5,"[1, 1/10]",0,9/10,4097,control,3,64,64,0,64,{},0
9,4/5,"[1, 1/10]",0,9/10,32769,primary,0,64,64,0,64,{},0
9,4/5,"[1, 1/10]",0,9/10,32769,primary,1,64,64,0,64,{},0
9,4/5,"[1, 1/10]",0,9/10,32769,primary,2,64,64,0,64,{},0
9,4/5,"[1, 1/10]",0,9/10,32769,primary,3,64,64,0,64,{},0
9,4/5,"[1, 1/10]",0,9/10,32769,control,0,64,64,0,64,{},0
9,4/5,"[1, 1/10]",0,9/10,32769,control,1,64,64,0,64,{},0
9,4/5,"[1, 1/10]",0,9/10,32769,control,2,64,64,0,64,{},0
9,4/5,"[1, 1/10]",0,9/10,32769,control,3,64,64,0,64,{},0
10,4/5,"[1, 1/10]",1,2/5,4097,primary,0,0,64,0,64,"{""nonpositive_scale_denominator"": 64}",64
10,4/5,"[1, 1/10]",1,2/5,4097,primary,1,58,64,0,64,"{""nonpositive_scale_denominator"": 6}",6
10,4/5,"[1, 1/10]",1,2/5,4097,primary,2,64,64,0,64,{},0
10,4/5,"[1, 1/10]",1,2/5,4097,primary,3,64,64,0,64,{},0
10,4/5,"[1, 1/10]",1,2/5,4097,control,0,0,64,0,64,"{""nonpositive_scale_denominator"": 64}",64
10,4/5,"[1, 1/10]",1,2/5,4097,control,1,64,64,0,64,{},0
10,4/5,"[1, 1/10]",1,2/5,4097,control,2,64,64,0,64,{},0
10,4/5,"[1, 1/10]",1,2/5,4097,control,3,64,64,0,64,{},0
10,4/5,"[1, 1/10]",1,2/5,32769,primary,0,64,64,0,64,{},0
10,4/5,"[1, 1/10]",1,2/5,32769,primary,1,64,64,0,64,{},0
10,4/5,"[1, 1/10]",1,2/5,32769,primary,2,64,64,0,64,{},0
10,4/5,"[1, 1/10]",1,2/5,32769,primary,3,64,64,0,64,{},0
10,4/5,"[1, 1/10]",1,2/5,32769,control,0,64,64,0,64,{},0
10,4/5,"[1, 1/10]",1,2/5,32769,control,1,64,64,0,64,{},0
10,4/5,"[1, 1/10]",1,2/5,32769,control,2,64,64,0,64,{},0
10,4/5,"[1, 1/10]",1,2/5,32769,control,3,64,64,0,64,{},0
11,4/5,"[1, 1/10]",1,9/10,4097,primary,0,0,64,0,64,"{""no_finite_source_certificate"": 1, ""nonpositive_scale_denominator"": 63}",64
11,4/5,"[1, 1/10]",1,9/10,4097,primary,1,53,64,0,64,"{""no_finite_source_certificate"": 1, ""nonpositive_scale_denominator"": 10}",11
11,4/5,"[1, 1/10]",1,9/10,4097,primary,2,63,64,0,64,"{""no_finite_source_certificate"": 1}",1
11,4/5,"[1, 1/10]",1,9/10,4097,primary,3,63,64,0,64,"{""no_finite_source_certificate"": 1}",1
11,4/5,"[1, 1/10]",1,9/10,4097,control,0,0,64,0,64,"{""nonpositive_scale_denominator"": 64}",64
11,4/5,"[1, 1/10]",1,9/10,4097,control,1,64,64,0,64,{},0
11,4/5,"[1, 1/10]",1,9/10,4097,control,2,64,64,0,64,{},0
11,4/5,"[1, 1/10]",1,9/10,4097,control,3,64,64,0,64,{},0
11,4/5,"[1, 1/10]",1,9/10,32769,primary,0,64,64,0,64,{},0
11,4/5,"[1, 1/10]",1,9/10,32769,primary,1,64,64,0,64,{},0
11,4/5,"[1, 1/10]",1,9/10,32769,primary,2,64,64,0,64,{},0
11,4/5,"[1, 1/10]",1,9/10,32769,primary,3,64,64,0,64,{},0
11,4/5,"[1, 1/10]",1,9/10,32769,control,0,64,64,0,64,{},0
11,4/5,"[1, 1/10]",1,9/10,32769,control,1,64,64,0,64,{},0
11,4/5,"[1, 1/10]",1,9/10,32769,control,2,64,64,0,64,{},0
11,4/5,"[1, 1/10]",1,9/10,32769,control,3,64,64,0,64,{},0
12,97/100,"[1, 0]",0,9/10,4097,primary,0,0,64,0,64,"{""no_finite_source_certificate"": 64}",64
12,97/100,"[1, 0]",0,9/10,4097,primary,1,0,64,0,64,"{""no_finite_source_certificate"": 64}",64
12,97/100,"[1, 0]",0,9/10,4097,primary,2,0,64,0,64,"{""no_finite_source_certificate"": 64}",64
12,97/100,"[1, 0]",0,9/10,4097,primary,3,0,64,0,64,"{""no_finite_source_certificate"": 64}",64
12,97/100,"[1, 0]",0,9/10,4097,control,0,0,64,0,64,"{""nonpositive_scale_denominator"": 64}",64
12,97/100,"[1, 0]",0,9/10,4097,control,1,0,64,0,64,"{""nonpositive_scale_denominator"": 64}",64
12,97/100,"[1, 0]",0,9/10,4097,control,2,64,64,0,64,{},0
12,97/100,"[1, 0]",0,9/10,4097,control,3,64,64,0,64,{},0
12,97/100,"[1, 0]",0,9/10,32769,primary,0,0,64,0,64,"{""no_finite_source_certificate"": 54, ""nonpositive_scale_denominator"": 10}",64
12,97/100,"[1, 0]",0,9/10,32769,primary,1,0,64,0,64,"{""no_finite_source_certificate"": 54, ""nonpositive_scale_denominator"": 10}",64
12,97/100,"[1, 0]",0,9/10,32769,primary,2,4,64,0,64,"{""no_finite_source_certificate"": 54, ""nonpositive_scale_denominator"": 6}",60
12,97/100,"[1, 0]",0,9/10,32769,primary,3,9,64,0,64,"{""no_finite_source_certificate"": 54, ""nonpositive_scale_denominator"": 1}",55
12,97/100,"[1, 0]",0,9/10,32769,control,0,0,64,0,64,"{""nonpositive_scale_denominator"": 64}",64
12,97/100,"[1, 0]",0,9/10,32769,control,1,64,64,0,64,{},0
12,97/100,"[1, 0]",0,9/10,32769,control,2,64,64,0,64,{},0
12,97/100,"[1, 0]",0,9/10,32769,control,3,64,64,0,64,{},0
13,97/100,"[1, 0]",1,2/5,4097,primary,0,0,64,0,64,"{""no_finite_source_certificate"": 64}",64
13,97/100,"[1, 0]",1,2/5,4097,primary,1,0,64,0,64,"{""no_finite_source_certificate"": 64}",64
13,97/100,"[1, 0]",1,2/5,4097,primary,2,0,64,0,64,"{""no_finite_source_certificate"": 64}",64
13,97/100,"[1, 0]",1,2/5,4097,primary,3,0,64,0,64,"{""no_finite_source_certificate"": 64}",64
13,97/100,"[1, 0]",1,2/5,4097,control,0,0,64,0,64,"{""nonpositive_scale_denominator"": 64}",64
13,97/100,"[1, 0]",1,2/5,4097,control,1,0,64,0,64,"{""nonpositive_scale_denominator"": 64}",64
13,97/100,"[1, 0]",1,2/5,4097,control,2,64,64,0,64,{},0
13,97/100,"[1, 0]",1,2/5,4097,control,3,64,64,0,64,{},0
13,97/100,"[1, 0]",1,2/5,32769,primary,0,0,64,0,64,"{""no_finite_source_certificate"": 52, ""nonpositive_scale_denominator"": 12}",64
13,97/100,"[1, 0]",1,2/5,32769,primary,1,0,64,0,64,"{""no_finite_source_certificate"": 52, ""nonpositive_scale_denominator"": 12}",64
13,97/100,"[1, 0]",1,2/5,32769,primary,2,7,64,0,64,"{""no_finite_source_certificate"": 52, ""nonpositive_scale_denominator"": 5}",57
13,97/100,"[1, 0]",1,2/5,32769,primary,3,11,64,0,64,"{""no_finite_source_certificate"": 52, ""nonpositive_scale_denominator"": 1}",53
13,97/100,"[1, 0]",1,2/5,32769,control,0,0,64,0,64,"{""nonpositive_scale_denominator"": 64}",64
13,97/100,"[1, 0]",1,2/5,32769,control,1,64,64,0,64,{},0
13,97/100,"[1, 0]",1,2/5,32769,control,2,64,64,0,64,{},0
13,97/100,"[1, 0]",1,2/5,32769,control,3,64,64,0,64,{},0
14,97/100,"[1, 0]",1,9/10,4097,primary,0,0,64,0,64,"{""no_finite_source_certificate"": 64}",64
14,97/100,"[1, 0]",1,9/10,4097,primary,1,0,64,0,64,"{""no_finite_source_certificate"": 64}",64
14,97/100,"[1, 0]",1,9/10,4097,primary,2,0,64,0,64,"{""no_finite_source_certificate"": 64}",64
14,97/100,"[1, 0]",1,9/10,4097,primary,3,0,64,0,64,"{""no_finite_source_certificate"": 64}",64
14,97/100,"[1, 0]",1,9/10,4097,control,0,0,64,0,64,"{""nonpositive_scale_denominator"": 64}",64
14,97/100,"[1, 0]",1,9/10,4097,control,1,0,64,0,64,"{""nonpositive_scale_denominator"": 64}",64
14,97/100,"[1, 0]",1,9/10,4097,control,2,64,64,0,64,{},0
14,97/100,"[1, 0]",1,9/10,4097,control,3,64,64,0,64,{},0
14,97/100,"[1, 0]",1,9/10,32769,primary,0,0,64,0,64,"{""no_finite_source_certificate"": 53, ""nonpositive_scale_denominator"": 11}",64
14,97/100,"[1, 0]",1,9/10,32769,primary,1,0,64,0,64,"{""no_finite_source_certificate"": 53, ""nonpositive_scale_denominator"": 11}",64
14,97/100,"[1, 0]",1,9/10,32769,primary,2,7,64,0,64,"{""no_finite_source_certificate"": 53, ""nonpositive_scale_denominator"": 4}",57
14,97/100,"[1, 0]",1,9/10,32769,primary,3,10,64,0,64,"{""no_finite_source_certificate"": 53, ""nonpositive_scale_denominator"": 1}",54
14,97/100,"[1, 0]",1,9/10,32769,control,0,0,64,0,64,"{""nonpositive_scale_denominator"": 64}",64
14,97/100,"[1, 0]",1,9/10,32769,control,1,64,64,0,64,{},0
14,97/100,"[1, 0]",1,9/10,32769,control,2,64,64,0,64,{},0
14,97/100,"[1, 0]",1,9/10,32769,control,3,64,64,0,64,{},0
15,97/100,"[1, 1/10]",0,9/10,4097,primary,0,0,64,0,64,"{""no_finite_source_certificate"": 64}",64
15,97/100,"[1, 1/10]",0,9/10,4097,primary,1,0,64,0,64,"{""no_finite_source_certificate"": 64}",64
15,97/100,"[1, 1/10]",0,9/10,4097,primary,2,0,64,0,64,"{""no_finite_source_certificate"": 64}",64
15,97/100,"[1, 1/10]",0,9/10,4097,primary,3,0,64,0,64,"{""no_finite_source_certificate"": 64}",64
15,97/100,"[1, 1/10]",0,9/10,4097,control,0,0,64,0,64,"{""nonpositive_scale_denominator"": 64}",64
15,97/100,"[1, 1/10]",0,9/10,4097,control,1,0,64,0,64,"{""nonpositive_scale_denominator"": 64}",64
15,97/100,"[1, 1/10]",0,9/10,4097,control,2,64,64,0,64,{},0
15,97/100,"[1, 1/10]",0,9/10,4097,control,3,64,64,0,64,{},0
15,97/100,"[1, 1/10]",0,9/10,32769,primary,0,0,64,0,64,"{""no_finite_source_certificate"": 52, ""nonpositive_scale_denominator"": 12}",64
15,97/100,"[1, 1/10]",0,9/10,32769,primary,1,0,64,0,64,"{""no_finite_source_certificate"": 52, ""nonpositive_scale_denominator"": 12}",64
15,97/100,"[1, 1/10]",0,9/10,32769,primary,2,9,64,0,64,"{""no_finite_source_certificate"": 52, ""nonpositive_scale_denominator"": 3}",55
15,97/100,"[1, 1/10]",0,9/10,32769,primary,3,10,64,0,64,"{""no_finite_source_certificate"": 52, ""nonpositive_scale_denominator"": 2}",54
15,97/100,"[1, 1/10]",0,9/10,32769,control,0,0,64,0,64,"{""nonpositive_scale_denominator"": 64}",64
15,97/100,"[1, 1/10]",0,9/10,32769,control,1,0,64,0,64,"{""nonpositive_scale_denominator"": 64}",64
15,97/100,"[1, 1/10]",0,9/10,32769,control,2,64,64,0,64,{},0
15,97/100,"[1, 1/10]",0,9/10,32769,control,3,64,64,0,64,{},0
16,97/100,"[1, 1/10]",1,2/5,4097,primary,0,0,64,0,64,"{""no_finite_source_certificate"": 64}",64
16,97/100,"[1, 1/10]",1,2/5,4097,primary,1,0,64,0,64,"{""no_finite_source_certificate"": 64}",64
16,97/100,"[1, 1/10]",1,2/5,4097,primary,2,0,64,0,64,"{""no_finite_source_certificate"": 64}",64
16,97/100,"[1, 1/10]",1,2/5,4097,primary,3,0,64,0,64,"{""no_finite_source_certificate"": 64}",64
16,97/100,"[1, 1/10]",1,2/5,4097,control,0,0,64,0,64,"{""nonpositive_scale_denominator"": 64}",64
16,97/100,"[1, 1/10]",1,2/5,4097,control,1,0,64,0,64,"{""nonpositive_scale_denominator"": 64}",64
16,97/100,"[1, 1/10]",1,2/5,4097,control,2,64,64,0,64,{},0
16,97/100,"[1, 1/10]",1,2/5,4097,control,3,64,64,0,64,{},0
16,97/100,"[1, 1/10]",1,2/5,32769,primary,0,0,64,0,64,"{""no_finite_source_certificate"": 59, ""nonpositive_scale_denominator"": 5}",64
16,97/100,"[1, 1/10]",1,2/5,32769,primary,1,0,64,0,64,"{""no_finite_source_certificate"": 59, ""nonpositive_scale_denominator"": 5}",64
16,97/100,"[1, 1/10]",1,2/5,32769,primary,2,4,64,0,64,"{""no_finite_source_certificate"": 59, ""nonpositive_scale_denominator"": 1}",60
16,97/100,"[1, 1/10]",1,2/5,32769,primary,3,4,64,0,64,"{""no_finite_source_certificate"": 59, ""nonpositive_scale_denominator"": 1}",60
16,97/100,"[1, 1/10]",1,2/5,32769,control,0,0,64,0,64,"{""nonpositive_scale_denominator"": 64}",64
16,97/100,"[1, 1/10]",1,2/5,32769,control,1,0,64,0,64,"{""nonpositive_scale_denominator"": 64}",64
16,97/100,"[1, 1/10]",1,2/5,32769,control,2,64,64,0,64,{},0
16,97/100,"[1, 1/10]",1,2/5,32769,control,3,64,64,0,64,{},0
17,97/100,"[1, 1/10]",1,9/10,4097,primary,0,0,64,0,64,"{""no_finite_source_certificate"": 64}",64
17,97/100,"[1, 1/10]",1,9/10,4097,primary,1,0,64,0,64,"{""no_finite_source_certificate"": 64}",64
17,97/100,"[1, 1/10]",1,9/10,4097,primary,2,0,64,0,64,"{""no_finite_source_certificate"": 64}",64
17,97/100,"[1, 1/10]",1,9/10,4097,primary,3,0,64,0,64,"{""no_finite_source_certificate"": 64}",64
17,97/100,"[1, 1/10]",1,9/10,4097,control,0,0,64,0,64,"{""nonpositive_scale_denominator"": 64}",64
17,97/100,"[1, 1/10]",1,9/10,4097,control,1,0,64,0,64,"{""nonpositive_scale_denominator"": 64}",64
17,97/100,"[1, 1/10]",1,9/10,4097,control,2,64,64,0,64,{},0
17,97/100,"[1, 1/10]",1,9/10,4097,control,3,64,64,0,64,{},0
17,97/100,"[1, 1/10]",1,9/10,32769,primary,0,0,64,0,64,"{""no_finite_source_certificate"": 58, ""nonpositive_scale_denominator"": 6}",64
17,97/100,"[1, 1/10]",1,9/10,32769,primary,1,0,64,0,64,"{""no_finite_source_certificate"": 58, ""nonpositive_scale_denominator"": 6}",64
17,97/100,"[1, 1/10]",1,9/10,32769,primary,2,2,64,0,64,"{""no_finite_source_certificate"": 58, ""nonpositive_scale_denominator"": 4}",62
17,97/100,"[1, 1/10]",1,9/10,32769,primary,3,6,64,0,64,"{""no_finite_source_certificate"": 58}",58
17,97/100,"[1, 1/10]",1,9/10,32769,control,0,0,64,0,64,"{""nonpositive_scale_denominator"": 64}",64
17,97/100,"[1, 1/10]",1,9/10,32769,control,1,0,64,0,64,"{""nonpositive_scale_denominator"": 64}",64
17,97/100,"[1, 1/10]",1,9/10,32769,control,2,64,64,0,64,{},0
17,97/100,"[1, 1/10]",1,9/10,32769,control,3,64,64,0,64,{},0
