cell_id,phi,response,delay,correlation,original_length,method,planned,ABSTAIN,DO_NOT_REJECT,ERROR,REJECT,UNEXECUTED,missing,empirical_rejection_range,rejection_pointwise_interval,rejection_simultaneous_interval,abstention_pointwise_interval
0,1/5,"[1, 0]",0,9/10,4097,primary,64,0,64,0,0,0,0,"[0, 0]","[0, 30791322521/549755813888]","[0, 32168377865/274877906944]","[0, 30791322521/549755813888]"
0,1/5,"[1, 0]",0,9/10,4097,control,64,0,64,0,0,0,0,"[0, 0]","[0, 30791322521/549755813888]","[0, 32168377865/274877906944]","[0, 30791322521/549755813888]"
0,1/5,"[1, 0]",0,9/10,32769,primary,64,0,64,0,0,0,0,"[0, 0]","[0, 30791322521/549755813888]","[0, 32168377865/274877906944]","[0, 30791322521/549755813888]"
0,1/5,"[1, 0]",0,9/10,32769,control,64,0,64,0,0,0,0,"[0, 0]","[0, 30791322521/549755813888]","[0, 32168377865/274877906944]","[0, 30791322521/549755813888]"
1,1/5,"[1, 0]",1,2/5,4097,primary,64,0,64,0,0,0,0,"[0, 0]","[0, 30791322521/549755813888]","[0, 32168377865/274877906944]","[0, 30791322521/549755813888]"
1,1/5,"[1, 0]",1,2/5,4097,control,64,0,64,0,0,0,0,"[0, 0]","[0, 30791322521/549755813888]","[0, 32168377865/274877906944]","[0, 30791322521/549755813888]"
1,1/5,"[1, 0]",1,2/5,32769,primary,64,0,0,0,64,0,0,"[1, 1]","[518964491367/549755813888, 1]","[242709529079/274877906944, 1]","[0, 30791322521/549755813888]"
1,1/5,"[1, 0]",1,2/5,32769,control,64,0,0,0,64,0,0,"[1, 1]","[518964491367/549755813888, 1]","[242709529079/274877906944, 1]","[0, 30791322521/549755813888]"
2,1/5,"[1, 0]",1,9/10,4097,primary,64,0,0,0,64,0,0,"[1, 1]","[518964491367/549755813888, 1]","[242709529079/274877906944, 1]","[0, 30791322521/549755813888]"
2,1/5,"[1, 0]",1,9/10,4097,control,64,0,0,0,64,0,0,"[1, 1]","[518964491367/549755813888, 1]","[242709529079/274877906944, 1]","[0, 30791322521/549755813888]"
2,1/5,"[1, 0]",1,9/10,32769,primary,64,0,0,0,64,0,0,"[1, 1]","[518964491367/549755813888, 1]","[242709529079/274877906944, 1]","[0, 30791322521/549755813888]"
2,1/5,"[1, 0]",1,9/10,32769,control,64,0,0,0,64,0,0,"[1, 1]","[518964491367/549755813888, 1]","[242709529079/274877906944, 1]","[0, 30791322521/549755813888]"
3,1/5,"[1, 1/10]",0,9/10,4097,primary,64,0,64,0,0,0,0,"[0, 0]","[0, 30791322521/549755813888]","[0, 32168377865/274877906944]","[0, 30791322521/549755813888]"
3,1/5,"[1, 1/10]",0,9/10,4097,control,64,0,64,0,0,0,0,"[0, 0]","[0, 30791322521/549755813888]","[0, 32168377865/274877906944]","[0, 30791322521/549755813888]"
3,1/5,"[1, 1/10]",0,9/10,32769,primary,64,0,64,0,0,0,0,"[0, 0]","[0, 30791322521/549755813888]","[0, 32168377865/274877906944]","[0, 30791322521/549755813888]"
3,1/5,"[1, 1/10]",0,9/10,32769,control,64,0,64,0,0,0,0,"[0, 0]","[0, 30791322521/549755813888]","[0, 32168377865/274877906944]","[0, 30791322521/549755813888]"
4,1/5,"[1, 1/10]",1,2/5,4097,primary,64,0,64,0,0,0,0,"[0, 0]","[0, 30791322521/549755813888]","[0, 32168377865/274877906944]","[0, 30791322521/549755813888]"
4,1/5,"[1, 1/10]",1,2/5,4097,control,64,0,64,0,0,0,0,"[0, 0]","[0, 30791322521/549755813888]","[0, 32168377865/274877906944]","[0, 30791322521/549755813888]"
4,1/5,"[1, 1/10]",1,2/5,32769,primary,64,0,64,0,0,0,0,"[0, 0]","[0, 30791322521/549755813888]","[0, 32168377865/274877906944]","[0, 30791322521/549755813888]"
4,1/5,"[1, 1/10]",1,2/5,32769,control,64,0,64,0,0,0,0,"[0, 0]","[0, 30791322521/549755813888]","[0, 32168377865/274877906944]","[0, 30791322521/549755813888]"
5,1/5,"[1, 1/10]",1,9/10,4097,primary,64,0,64,0,0,0,0,"[0, 0]","[0, 30791322521/549755813888]","[0, 32168377865/274877906944]","[0, 30791322521/549755813888]"
5,1/5,"[1, 1/10]",1,9/10,4097,control,64,0,35,0,29,0,0,"[29/64, 29/64]","[360867538715/1099511627776, 640491564765/1099511627776]","[275782398847/1099511627776, 91673903359/137438953472]","[0, 30791322521/549755813888]"
5,1/5,"[1, 1/10]",1,9/10,32769,primary,64,0,0,0,64,0,0,"[1, 1]","[518964491367/549755813888, 1]","[242709529079/274877906944, 1]","[0, 30791322521/549755813888]"
5,1/5,"[1, 1/10]",1,9/10,32769,control,64,0,0,0,64,0,0,"[1, 1]","[518964491367/549755813888, 1]","[242709529079/274877906944, 1]","[0, 30791322521/549755813888]"
6,4/5,"[1, 0]",0,9/10,4097,primary,64,0,64,0,0,0,0,"[0, 0]","[0, 30791322521/549755813888]","[0, 32168377865/274877906944]","[0, 30791322521/549755813888]"
6,4/5,"[1, 0]",0,9/10,4097,control,64,0,64,0,0,0,0,"[0, 0]","[0, 30791322521/549755813888]","[0, 32168377865/274877906944]","[0, 30791322521/549755813888]"
6,4/5,"[1, 0]",0,9/10,32769,primary,64,0,64,0,0,0,0,"[0, 0]","[0, 30791322521/549755813888]","[0, 32168377865/274877906944]","[0, 30791322521/549755813888]"
6,4/5,"[1, 0]",0,9/10,32769,control,64,0,64,0,0,0,0,"[0, 0]","[0, 30791322521/549755813888]","[0, 32168377865/274877906944]","[0, 30791322521/549755813888]"
7,4/5,"[1, 0]",1,2/5,4097,primary,64,1,62,0,1,0,0,"[1/64, 1/64]","[27179413/68719476736, 5773145673/68719476736]","[1491563/274877906944, 166111749871/1099511627776]","[27179413/68719476736, 5773145673/68719476736]"
7,4/5,"[1, 0]",1,2/5,4097,control,64,0,0,0,64,0,0,"[1, 1]","[518964491367/549755813888, 1]","[242709529079/274877906944, 1]","[0, 30791322521/549755813888]"
7,4/5,"[1, 0]",1,2/5,32769,primary,64,0,0,0,64,0,0,"[1, 1]","[518964491367/549755813888, 1]","[242709529079/274877906944, 1]","[0, 30791322521/549755813888]"
7,4/5,"[1, 0]",1,2/5,32769,control,64,0,0,0,64,0,0,"[1, 1]","[518964491367/549755813888, 1]","[242709529079/274877906944, 1]","[0, 30791322521/549755813888]"
8,4/5,"[1, 0]",1,9/10,4097,primary,64,0,16,0,48,0,0,"[3/4, 3/4]","[688304771757/1099511627776, 467206914047/549755813888]","[73628007057/137438953472, 496004176137/549755813888]","[0, 30791322521/549755813888]"
8,4/5,"[1, 0]",1,9/10,4097,control,64,0,0,0,64,0,0,"[1, 1]","[518964491367/549755813888, 1]","[242709529079/274877906944, 1]","[0, 30791322521/549755813888]"
8,4/5,"[1, 0]",1,9/10,32769,primary,64,0,0,0,64,0,0,"[1, 1]","[518964491367/549755813888, 1]","[242709529079/274877906944, 1]","[0, 30791322521/549755813888]"
8,4/5,"[1, 0]",1,9/10,32769,control,64,0,0,0,64,0,0,"[1, 1]","[518964491367/549755813888, 1]","[242709529079/274877906944, 1]","[0, 30791322521/549755813888]"
9,4/5,"[1, 1/10]",0,9/10,4097,primary,64,1,63,0,0,0,0,"[0, 0]","[0, 30791322521/549755813888]","[0, 32168377865/274877906944]","[27179413/68719476736, 5773145673/68719476736]"
9,4/5,"[1, 1/10]",0,9/10,4097,control,64,0,64,0,0,0,0,"[0, 0]","[0, 30791322521/549755813888]","[0, 32168377865/274877906944]","[0, 30791322521/549755813888]"
9,4/5,"[1, 1/10]",0,9/10,32769,primary,64,0,64,0,0,0,0,"[0, 0]","[0, 30791322521/549755813888]","[0, 32168377865/274877906944]","[0, 30791322521/549755813888]"
9,4/5,"[1, 1/10]",0,9/10,32769,control,64,0,64,0,0,0,0,"[0, 0]","[0, 30791322521/549755813888]","[0, 32168377865/274877906944]","[0, 30791322521/549755813888]"
10,4/5,"[1, 1/10]",1,2/5,4097,primary,64,0,64,0,0,0,0,"[0, 0]","[0, 30791322521/549755813888]","[0, 32168377865/274877906944]","[0, 30791322521/549755813888]"
10,4/5,"[1, 1/10]",1,2/5,4097,control,64,0,64,0,0,0,0,"[0, 0]","[0, 30791322521/549755813888]","[0, 32168377865/274877906944]","[0, 30791322521/549755813888]"
10,4/5,"[1, 1/10]",1,2/5,32769,primary,64,0,0,0,64,0,0,"[1, 1]","[518964491367/549755813888, 1]","[242709529079/274877906944, 1]","[0, 30791322521/549755813888]"
10,4/5,"[1, 1/10]",1,2/5,32769,control,64,0,0,0,64,0,0,"[1, 1]","[518964491367/549755813888, 1]","[242709529079/274877906944, 1]","[0, 30791322521/549755813888]"
11,4/5,"[1, 1/10]",1,9/10,4097,primary,64,1,41,0,22,0,0,"[11/32, 11/32]","[252297503275/1099511627776, 520094331343/1099511627776]","[22508916623/137438953472, 618372658547/1099511627776]","[27179413/68719476736, 5773145673/68719476736]"
11,4/5,"[1, 1/10]",1,9/10,4097,control,64,0,0,0,64,0,0,"[1, 1]","[518964491367/549755813888, 1]","[242709529079/274877906944, 1]","[0, 30791322521/549755813888]"
11,4/5,"[1, 1/10]",1,9/10,32769,primary,64,0,0,0,64,0,0,"[1, 1]","[518964491367/549755813888, 1]","[242709529079/274877906944, 1]","[0, 30791322521/549755813888]"
11,4/5,"[1, 1/10]",1,9/10,32769,control,64,0,0,0,64,0,0,"[1, 1]","[518964491367/549755813888, 1]","[242709529079/274877906944, 1]","[0, 30791322521/549755813888]"
12,97/100,"[1, 0]",0,9/10,4097,primary,64,64,0,0,0,0,0,"[0, 0]","[0, 30791322521/549755813888]","[0, 32168377865/274877906944]","[518964491367/549755813888, 1]"
12,97/100,"[1, 0]",0,9/10,4097,control,64,0,64,0,0,0,0,"[0, 0]","[0, 30791322521/549755813888]","[0, 32168377865/274877906944]","[0, 30791322521/549755813888]"
12,97/100,"[1, 0]",0,9/10,32769,primary,64,55,9,0,0,0,0,"[0, 0]","[0, 30791322521/549755813888]","[0, 32168377865/274877906944]","[824373317309/1099511627776, 513266282097/549755813888]"
12,97/100,"[1, 0]",0,9/10,32769,control,64,0,64,0,0,0,0,"[0, 0]","[0, 30791322521/549755813888]","[0, 32168377865/274877906944]","[0, 30791322521/549755813888]"
13,97/100,"[1, 0]",1,2/5,4097,primary,64,64,0,0,0,0,0,"[0, 0]","[0, 30791322521/549755813888]","[0, 32168377865/274877906944]","[518964491367/549755813888, 1]"
13,97/100,"[1, 0]",1,2/5,4097,control,64,0,64,0,0,0,0,"[0, 0]","[0, 30791322521/549755813888]","[0, 32168377865/274877906944]","[0, 30791322521/549755813888]"
13,97/100,"[1, 0]",1,2/5,32769,primary,64,53,11,0,0,0,0,"[0, 0]","[0, 30791322521/549755813888]","[0, 32168377865/274877906944]","[196055661659/274877906944, 1001601220871/1099511627776]"
13,97/100,"[1, 0]",1,2/5,32769,control,64,0,64,0,0,0,0,"[0, 0]","[0, 30791322521/549755813888]","[0, 32168377865/274877906944]","[0, 30791322521/549755813888]"
14,97/100,"[1, 0]",1,9/10,4097,primary,64,64,0,0,0,0,0,"[0, 0]","[0, 30791322521/549755813888]","[0, 32168377865/274877906944]","[518964491367/549755813888, 1]"
14,97/100,"[1, 0]",1,9/10,4097,control,64,0,64,0,0,0,0,"[0, 0]","[0, 30791322521/549755813888]","[0, 32168377865/274877906944]","[0, 30791322521/549755813888]"
14,97/100,"[1, 0]",1,9/10,32769,primary,64,54,9,0,1,0,0,"[1/64, 1/64]","[27179413/68719476736, 5773145673/68719476736]","[1491563/274877906944, 166111749871/1099511627776]","[402072576293/549755813888, 1014236439643/1099511627776]"
14,97/100,"[1, 0]",1,9/10,32769,control,64,0,0,0,64,0,0,"[1, 1]","[518964491367/549755813888, 1]","[242709529079/274877906944, 1]","[0, 30791322521/549755813888]"
15,97/100,"[1, 1/10]",0,9/10,4097,primary,64,64,0,0,0,0,0,"[0, 0]","[0, 30791322521/549755813888]","[0, 32168377865/274877906944]","[518964491367/549755813888, 1]"
15,97/100,"[1, 1/10]",0,9/10,4097,control,64,0,64,0,0,0,0,"[0, 0]","[0, 30791322521/549755813888]","[0, 32168377865/274877906944]","[0, 30791322521/549755813888]"
15,97/100,"[1, 1/10]",0,9/10,32769,primary,64,54,10,0,0,0,0,"[0, 0]","[0, 30791322521/549755813888]","[0, 32168377865/274877906944]","[402072576293/549755813888, 1014236439643/1099511627776]"
15,97/100,"[1, 1/10]",0,9/10,32769,control,64,0,64,0,0,0,0,"[0, 0]","[0, 30791322521/549755813888]","[0, 32168377865/274877906944]","[0, 30791322521/549755813888]"
16,97/100,"[1, 1/10]",1,2/5,4097,primary,64,64,0,0,0,0,0,"[0, 0]","[0, 30791322521/549755813888]","[0, 32168377865/274877906944]","[518964491367/549755813888, 1]"
16,97/100,"[1, 1/10]",1,2/5,4097,control,64,0,64,0,0,0,0,"[0, 0]","[0, 30791322521/549755813888]","[0, 32168377865/274877906944]","[0, 30791322521/549755813888]"
16,97/100,"[1, 1/10]",1,2/5,32769,primary,64,60,4,0,0,0,0,"[0, 0]","[0, 30791322521/549755813888]","[0, 32168377865/274877906944]","[931986217099/1099511627776, 540250520813/549755813888]"
16,97/100,"[1, 1/10]",1,2/5,32769,control,64,0,64,0,0,0,0,"[0, 0]","[0, 30791322521/549755813888]","[0, 32168377865/274877906944]","[0, 30791322521/549755813888]"
17,97/100,"[1, 1/10]",1,9/10,4097,primary,64,64,0,0,0,0,0,"[0, 0]","[0, 30791322521/549755813888]","[0, 32168377865/274877906944]","[518964491367/549755813888, 1]"
17,97/100,"[1, 1/10]",1,9/10,4097,control,64,0,64,0,0,0,0,"[0, 0]","[0, 30791322521/549755813888]","[0, 32168377865/274877906944]","[0, 30791322521/549755813888]"
17,97/100,"[1, 1/10]",1,9/10,32769,primary,64,58,6,0,0,0,0,"[0, 0]","[0, 30791322521/549755813888]","[0, 32168377865/274877906944]","[887339853633/1099511627776, 1060822746135/1099511627776]"
17,97/100,"[1, 1/10]",1,9/10,32769,control,64,0,64,0,0,0,0,"[0, 0]","[0, 30791322521/549755813888]","[0, 32168377865/274877906944]","[0, 30791322521/549755813888]"
