cell_id,gain,gain_interval,length,loss,loss_interval,missing,planned,primary_minus_control_interval
0,0,"[0, 36381601175/549755813888]",4097,0,"[0, 36381601175/549755813888]",0,64,"[-36381601175/549755813888, 36381601175/549755813888]"
0,0,"[0, 36381601175/549755813888]",32769,0,"[0, 36381601175/549755813888]",0,64,"[-36381601175/549755813888, 36381601175/549755813888]"
1,0,"[0, 36381601175/549755813888]",4097,0,"[0, 36381601175/549755813888]",0,64,"[-36381601175/549755813888, 36381601175/549755813888]"
1,0,"[0, 36381601175/549755813888]",32769,0,"[0, 36381601175/549755813888]",0,64,"[-36381601175/549755813888, 36381601175/549755813888]"
2,0,"[0, 36381601175/549755813888]",4097,0,"[0, 36381601175/549755813888]",0,64,"[-36381601175/549755813888, 36381601175/549755813888]"
2,0,"[0, 36381601175/549755813888]",32769,0,"[0, 36381601175/549755813888]",0,64,"[-36381601175/549755813888, 36381601175/549755813888]"
3,0,"[0, 36381601175/549755813888]",4097,0,"[0, 36381601175/549755813888]",0,64,"[-36381601175/549755813888, 36381601175/549755813888]"
3,0,"[0, 36381601175/549755813888]",32769,0,"[0, 36381601175/549755813888]",0,64,"[-36381601175/549755813888, 36381601175/549755813888]"
4,0,"[0, 36381601175/549755813888]",4097,0,"[0, 36381601175/549755813888]",0,64,"[-36381601175/549755813888, 36381601175/549755813888]"
4,0,"[0, 36381601175/549755813888]",32769,0,"[0, 36381601175/549755813888]",0,64,"[-36381601175/549755813888, 36381601175/549755813888]"
5,0,"[0, 36381601175/549755813888]",4097,29,"[10730526651/34359738368, 164809436759/274877906944]",0,64,"[-164809436759/274877906944, -135306825241/549755813888]"
5,0,"[0, 36381601175/549755813888]",32769,0,"[0, 36381601175/549755813888]",0,64,"[-36381601175/549755813888, 36381601175/549755813888]"
6,0,"[0, 36381601175/549755813888]",4097,0,"[0, 36381601175/549755813888]",0,64,"[-36381601175/549755813888, 36381601175/549755813888]"
6,0,"[0, 36381601175/549755813888]",32769,0,"[0, 36381601175/549755813888]",0,64,"[-36381601175/549755813888, 36381601175/549755813888]"
7,0,"[0, 36381601175/549755813888]",4097,63,"[994385168619/1099511627776, 1099295547179/1099511627776]",0,64,"[-1099295547179/1099511627776, -921621966269/1099511627776]"
7,0,"[0, 36381601175/549755813888]",32769,0,"[0, 36381601175/549755813888]",0,64,"[-36381601175/549755813888, 36381601175/549755813888]"
8,0,"[0, 36381601175/549755813888]",4097,16,"[152569283121/1099511627776, 53806597985/137438953472]",0,64,"[-53806597985/137438953472, -79806080771/1099511627776]"
8,0,"[0, 36381601175/549755813888]",32769,0,"[0, 36381601175/549755813888]",0,64,"[-36381601175/549755813888, 36381601175/549755813888]"
9,0,"[0, 36381601175/549755813888]",4097,0,"[0, 36381601175/549755813888]",0,64,"[-36381601175/549755813888, 36381601175/549755813888]"
9,0,"[0, 36381601175/549755813888]",32769,0,"[0, 36381601175/549755813888]",0,64,"[-36381601175/549755813888, 36381601175/549755813888]"
10,0,"[0, 36381601175/549755813888]",4097,0,"[0, 36381601175/549755813888]",0,64,"[-36381601175/549755813888, 36381601175/549755813888]"
10,0,"[0, 36381601175/549755813888]",32769,0,"[0, 36381601175/549755813888]",0,64,"[-36381601175/549755813888, 36381601175/549755813888]"
11,0,"[0, 36381601175/549755813888]",4097,42,"[559993064141/1099511627776, 862448840967/1099511627776]",0,64,"[-862448840967/1099511627776, -487229861791/1099511627776]"
11,0,"[0, 36381601175/549755813888]",32769,0,"[0, 36381601175/549755813888]",0,64,"[-36381601175/549755813888, 36381601175/549755813888]"
12,0,"[0, 36381601175/549755813888]",4097,0,"[0, 36381601175/549755813888]",0,64,"[-36381601175/549755813888, 36381601175/549755813888]"
12,0,"[0, 36381601175/549755813888]",32769,0,"[0, 36381601175/549755813888]",0,64,"[-36381601175/549755813888, 36381601175/549755813888]"
13,0,"[0, 36381601175/549755813888]",4097,0,"[0, 36381601175/549755813888]",0,64,"[-36381601175/549755813888, 36381601175/549755813888]"
13,0,"[0, 36381601175/549755813888]",32769,0,"[0, 36381601175/549755813888]",0,64,"[-36381601175/549755813888, 36381601175/549755813888]"
14,0,"[0, 36381601175/549755813888]",4097,0,"[0, 36381601175/549755813888]",0,64,"[-36381601175/549755813888, 36381601175/549755813888]"
14,0,"[0, 36381601175/549755813888]",32769,63,"[994385168619/1099511627776, 1099295547179/1099511627776]",0,64,"[-1099295547179/1099511627776, -921621966269/1099511627776]"
15,0,"[0, 36381601175/549755813888]",4097,0,"[0, 36381601175/549755813888]",0,64,"[-36381601175/549755813888, 36381601175/549755813888]"
15,0,"[0, 36381601175/549755813888]",32769,0,"[0, 36381601175/549755813888]",0,64,"[-36381601175/549755813888, 36381601175/549755813888]"
16,0,"[0, 36381601175/549755813888]",4097,0,"[0, 36381601175/549755813888]",0,64,"[-36381601175/549755813888, 36381601175/549755813888]"
16,0,"[0, 36381601175/549755813888]",32769,0,"[0, 36381601175/549755813888]",0,64,"[-36381601175/549755813888, 36381601175/549755813888]"
17,0,"[0, 36381601175/549755813888]",4097,0,"[0, 36381601175/549755813888]",0,64,"[-36381601175/549755813888, 36381601175/549755813888]"
17,0,"[0, 36381601175/549755813888]",32769,0,"[0, 36381601175/549755813888]",0,64,"[-36381601175/549755813888, 36381601175/549755813888]"
