cell_index,filter_a,records_per_condition,model,method,rejections,replicates,fraction,cp95_lower,cp95_upper
0,0.0,128,null_common_zero,student_ignores_filter,170,5000,0.034,0.029150357007629264,0.03940306821806076
0,0.0,128,null_common_zero,known_variance_filter,0,5000,0.0,0.0,0.000737503801108105
0,0.0,128,null_common_zero,same_sample_variance_filter,0,5000,0.0,0.0,0.000737503801108105
1,0.0,128,null_common_one,student_ignores_filter,159,5000,0.0318,0.02711137870593894,0.03704511758179382
1,0.0,128,null_common_one,known_variance_filter,0,5000,0.0,0.0,0.000737503801108105
1,0.0,128,null_common_one,same_sample_variance_filter,0,5000,0.0,0.0,0.000737503801108105
2,0.0,128,different_delays,student_ignores_filter,1944,5000,0.3888,0.3752562717591985,0.4024736890405373
2,0.0,128,different_delays,known_variance_filter,0,5000,0.0,0.0,0.000737503801108105
2,0.0,128,different_delays,same_sample_variance_filter,0,5000,0.0,0.0,0.000737503801108105
3,0.0,512,null_common_zero,student_ignores_filter,245,5000,0.049,0.04318139684091258,0.05535205105727698
3,0.0,512,null_common_zero,known_variance_filter,0,5000,0.0,0.0,0.000737503801108105
3,0.0,512,null_common_zero,same_sample_variance_filter,0,5000,0.0,0.0,0.000737503801108105
4,0.0,512,null_common_one,student_ignores_filter,250,5000,0.05,0.044123243980000094,0.056408913242178935
4,0.0,512,null_common_one,known_variance_filter,0,5000,0.0,0.0,0.000737503801108105
4,0.0,512,null_common_one,same_sample_variance_filter,0,5000,0.0,0.0,0.000737503801108105
5,0.0,512,different_delays,student_ignores_filter,4953,5000,0.9906,0.987519391473745,0.9930852887017697
5,0.0,512,different_delays,known_variance_filter,61,5000,0.0122,0.009344532689387848,0.01564416079785111
5,0.0,512,different_delays,same_sample_variance_filter,0,5000,0.0,0.0,0.000737503801108105
6,0.0,2048,null_common_zero,student_ignores_filter,239,5000,0.0478,0.04205209205881487,0.054082909809097225
6,0.0,2048,null_common_zero,known_variance_filter,0,5000,0.0,0.0,0.000737503801108105
6,0.0,2048,null_common_zero,same_sample_variance_filter,0,5000,0.0,0.0,0.000737503801108105
7,0.0,2048,null_common_one,student_ignores_filter,256,5000,0.0512,0.045254343099512005,0.05767627018690148
7,0.0,2048,null_common_one,known_variance_filter,0,5000,0.0,0.0,0.000737503801108105
7,0.0,2048,null_common_one,same_sample_variance_filter,0,5000,0.0,0.0,0.000737503801108105
8,0.0,2048,different_delays,student_ignores_filter,5000,5000,1.0,0.9992624961988918,1.0
8,0.0,2048,different_delays,known_variance_filter,4998,5000,0.9996,0.9985558172041331,0.9999515544728818
8,0.0,2048,different_delays,same_sample_variance_filter,4955,5000,0.991,0.9879756340716799,0.9934279784460421
9,0.0,8192,null_common_zero,student_ignores_filter,245,5000,0.049,0.04318139684091258,0.05535205105727698
9,0.0,8192,null_common_zero,known_variance_filter,0,5000,0.0,0.0,0.000737503801108105
9,0.0,8192,null_common_zero,same_sample_variance_filter,0,5000,0.0,0.0,0.000737503801108105
10,0.0,8192,null_common_one,student_ignores_filter,267,5000,0.0534,0.04733042533174052,0.0599973702767133
10,0.0,8192,null_common_one,known_variance_filter,0,5000,0.0,0.0,0.000737503801108105
10,0.0,8192,null_common_one,same_sample_variance_filter,0,5000,0.0,0.0,0.000737503801108105
11,0.0,8192,different_delays,student_ignores_filter,5000,5000,1.0,0.9992624961988918,1.0
11,0.0,8192,different_delays,known_variance_filter,5000,5000,1.0,0.9992624961988918,1.0
11,0.0,8192,different_delays,same_sample_variance_filter,5000,5000,1.0,0.9992624961988918,1.0
12,0.0,32768,null_common_zero,student_ignores_filter,260,5000,0.052,0.046008929222270505,0.05852065758772894
12,0.0,32768,null_common_zero,known_variance_filter,0,5000,0.0,0.0,0.000737503801108105
12,0.0,32768,null_common_zero,same_sample_variance_filter,0,5000,0.0,0.0,0.000737503801108105
13,0.0,32768,null_common_one,student_ignores_filter,252,5000,0.0504,0.04450017145582123,0.056831470543634466
13,0.0,32768,null_common_one,known_variance_filter,0,5000,0.0,0.0,0.000737503801108105
13,0.0,32768,null_common_one,same_sample_variance_filter,0,5000,0.0,0.0,0.000737503801108105
14,0.0,32768,different_delays,student_ignores_filter,5000,5000,1.0,0.9992624961988918,1.0
14,0.0,32768,different_delays,known_variance_filter,5000,5000,1.0,0.9992624961988918,1.0
14,0.0,32768,different_delays,same_sample_variance_filter,5000,5000,1.0,0.9992624961988918,1.0
15,0.05,128,null_common_zero,student_ignores_filter,142,5000,0.0284,0.023972712937439803,0.0333886411957171
15,0.05,128,null_common_zero,known_variance_filter,0,5000,0.0,0.0,0.000737503801108105
15,0.05,128,null_common_zero,same_sample_variance_filter,0,5000,0.0,0.0,0.000737503801108105
16,0.05,128,null_common_one,student_ignores_filter,154,5000,0.0308,0.02618658961368855,0.03597132017836371
16,0.05,128,null_common_one,known_variance_filter,0,5000,0.0,0.0,0.000737503801108105
16,0.05,128,null_common_one,same_sample_variance_filter,0,5000,0.0,0.0,0.000737503801108105
17,0.05,128,different_delays,student_ignores_filter,1854,5000,0.3708,0.3573903218224488,0.3843606892397039
17,0.05,128,different_delays,known_variance_filter,0,5000,0.0,0.0,0.000737503801108105
17,0.05,128,different_delays,same_sample_variance_filter,0,5000,0.0,0.0,0.000737503801108105
18,0.05,512,null_common_zero,student_ignores_filter,267,5000,0.0534,0.04733042533174052,0.0599973702767133
18,0.05,512,null_common_zero,known_variance_filter,0,5000,0.0,0.0,0.000737503801108105
18,0.05,512,null_common_zero,same_sample_variance_filter,0,5000,0.0,0.0,0.000737503801108105
19,0.05,512,null_common_one,student_ignores_filter,280,5000,0.056,0.049787772715522455,0.06273671247401376
19,0.05,512,null_common_one,known_variance_filter,0,5000,0.0,0.0,0.000737503801108105
19,0.05,512,null_common_one,same_sample_variance_filter,0,5000,0.0,0.0,0.000737503801108105
20,0.05,512,different_delays,student_ignores_filter,4932,5000,0.9864,0.9827902143329161,0.9894240090120603
20,0.05,512,different_delays,known_variance_filter,0,5000,0.0,0.0,0.000737503801108105
20,0.05,512,different_delays,same_sample_variance_filter,0,5000,0.0,0.0,0.000737503801108105
21,0.05,2048,null_common_zero,student_ignores_filter,316,5000,0.0632,0.056612149566701325,0.07030326130225877
21,0.05,2048,null_common_zero,known_variance_filter,0,5000,0.0,0.0,0.000737503801108105
21,0.05,2048,null_common_zero,same_sample_variance_filter,0,5000,0.0,0.0,0.000737503801108105
22,0.05,2048,null_common_one,student_ignores_filter,380,5000,0.076,0.06880392404378141,0.08369560678178391
22,0.05,2048,null_common_one,known_variance_filter,0,5000,0.0,0.0,0.000737503801108105
22,0.05,2048,null_common_one,same_sample_variance_filter,0,5000,0.0,0.0,0.000737503801108105
23,0.05,2048,different_delays,student_ignores_filter,5000,5000,1.0,0.9992624961988918,1.0
23,0.05,2048,different_delays,known_variance_filter,3749,5000,0.7498,0.7375508187201791,0.7617568838564497
23,0.05,2048,different_delays,same_sample_variance_filter,1586,5000,0.3172,0.30431018533337656,0.3303035530487986
24,0.05,8192,null_common_zero,student_ignores_filter,692,5000,0.1384,0.1289415658915427,0.14828271519887493
24,0.05,8192,null_common_zero,known_variance_filter,0,5000,0.0,0.0,0.000737503801108105
24,0.05,8192,null_common_zero,same_sample_variance_filter,0,5000,0.0,0.0,0.000737503801108105
25,0.05,8192,null_common_one,student_ignores_filter,716,5000,0.1432,0.1336013892704591,0.15321717971569887
25,0.05,8192,null_common_one,known_variance_filter,0,5000,0.0,0.0,0.000737503801108105
25,0.05,8192,null_common_one,same_sample_variance_filter,0,5000,0.0,0.0,0.000737503801108105
26,0.05,8192,different_delays,student_ignores_filter,5000,5000,1.0,0.9992624961988918,1.0
26,0.05,8192,different_delays,known_variance_filter,5000,5000,1.0,0.9992624961988918,1.0
26,0.05,8192,different_delays,same_sample_variance_filter,5000,5000,1.0,0.9992624961988918,1.0
27,0.05,32768,null_common_zero,student_ignores_filter,2072,5000,0.4144,0.400698897565792,0.42820113413249866
27,0.05,32768,null_common_zero,known_variance_filter,0,5000,0.0,0.0,0.000737503801108105
27,0.05,32768,null_common_zero,same_sample_variance_filter,0,5000,0.0,0.0,0.000737503801108105
28,0.05,32768,null_common_one,student_ignores_filter,2105,5000,0.421,0.40726452673763425,0.43482779027033885
28,0.05,32768,null_common_one,known_variance_filter,0,5000,0.0,0.0,0.000737503801108105
28,0.05,32768,null_common_one,same_sample_variance_filter,0,5000,0.0,0.0,0.000737503801108105
29,0.05,32768,different_delays,student_ignores_filter,5000,5000,1.0,0.9992624961988918,1.0
29,0.05,32768,different_delays,known_variance_filter,5000,5000,1.0,0.9992624961988918,1.0
29,0.05,32768,different_delays,same_sample_variance_filter,5000,5000,1.0,0.9992624961988918,1.0
30,0.15,128,null_common_zero,student_ignores_filter,176,5000,0.0352,0.030264940502128638,0.04068682966880367
30,0.15,128,null_common_zero,known_variance_filter,0,5000,0.0,0.0,0.000737503801108105
30,0.15,128,null_common_zero,same_sample_variance_filter,0,5000,0.0,0.0,0.000737503801108105
31,0.15,128,null_common_one,student_ignores_filter,178,5000,0.0356,0.03063682698449747,0.04111439437151945
31,0.15,128,null_common_one,known_variance_filter,0,5000,0.0,0.0,0.000737503801108105
31,0.15,128,null_common_one,same_sample_variance_filter,0,5000,0.0,0.0,0.000737503801108105
32,0.15,128,different_delays,student_ignores_filter,1530,5000,0.306,0.2932429715504219,0.3189838850357859
32,0.15,128,different_delays,known_variance_filter,0,5000,0.0,0.0,0.000737503801108105
32,0.15,128,different_delays,same_sample_variance_filter,0,5000,0.0,0.0,0.000737503801108105
33,0.15,512,null_common_zero,student_ignores_filter,456,5000,0.0912,0.08336053015751836,0.0995204236590239
33,0.15,512,null_common_zero,known_variance_filter,0,5000,0.0,0.0,0.000737503801108105
33,0.15,512,null_common_zero,same_sample_variance_filter,0,5000,0.0,0.0,0.000737503801108105
34,0.15,512,null_common_one,student_ignores_filter,447,5000,0.0894,0.0816328900759117,0.09765025165684935
34,0.15,512,null_common_one,known_variance_filter,0,5000,0.0,0.0,0.000737503801108105
34,0.15,512,null_common_one,same_sample_variance_filter,0,5000,0.0,0.0,0.000737503801108105
35,0.15,512,different_delays,student_ignores_filter,4859,5000,0.9718,0.9668269579111375,0.9762113972741805
35,0.15,512,different_delays,known_variance_filter,0,5000,0.0,0.0,0.000737503801108105
35,0.15,512,different_delays,same_sample_variance_filter,0,5000,0.0,0.0,0.000737503801108105
36,0.15,2048,null_common_zero,student_ignores_filter,1177,5000,0.2354,0.22369779929304914,0.2474118861605843
36,0.15,2048,null_common_zero,known_variance_filter,0,5000,0.0,0.0,0.000737503801108105
36,0.15,2048,null_common_zero,same_sample_variance_filter,0,5000,0.0,0.0,0.000737503801108105
37,0.15,2048,null_common_one,student_ignores_filter,1150,5000,0.23,0.2183956074815281,0.24192042642939957
37,0.15,2048,null_common_one,known_variance_filter,0,5000,0.0,0.0,0.000737503801108105
37,0.15,2048,null_common_one,same_sample_variance_filter,0,5000,0.0,0.0,0.000737503801108105
38,0.15,2048,different_delays,student_ignores_filter,5000,5000,1.0,0.9992624961988918,1.0
38,0.15,2048,different_delays,known_variance_filter,0,5000,0.0,0.0,0.000737503801108105
38,0.15,2048,different_delays,same_sample_variance_filter,0,5000,0.0,0.0,0.000737503801108105
39,0.15,8192,null_common_zero,student_ignores_filter,3520,5000,0.704,0.6911304543897068,0.7166309722804134
39,0.15,8192,null_common_zero,known_variance_filter,0,5000,0.0,0.0,0.000737503801108105
39,0.15,8192,null_common_zero,same_sample_variance_filter,0,5000,0.0,0.0,0.000737503801108105
40,0.15,8192,null_common_one,student_ignores_filter,3568,5000,0.7136,0.7008470665369566,0.7261031080757346
40,0.15,8192,null_common_one,known_variance_filter,0,5000,0.0,0.0,0.000737503801108105
40,0.15,8192,null_common_one,same_sample_variance_filter,0,5000,0.0,0.0,0.000737503801108105
41,0.15,8192,different_delays,student_ignores_filter,5000,5000,1.0,0.9992624961988918,1.0
41,0.15,8192,different_delays,known_variance_filter,92,5000,0.0184,0.014858115856126699,0.022518816602679074
41,0.15,8192,different_delays,same_sample_variance_filter,2,5000,0.0004,4.84455271182235e-05,0.0014441827958669
42,0.15,32768,null_common_zero,student_ignores_filter,4992,5000,0.9984,0.9968498092369404,0.9993089884473824
42,0.15,32768,null_common_zero,known_variance_filter,0,5000,0.0,0.0,0.000737503801108105
42,0.15,32768,null_common_zero,same_sample_variance_filter,0,5000,0.0,0.0,0.000737503801108105
43,0.15,32768,null_common_one,student_ignores_filter,4992,5000,0.9984,0.9968498092369404,0.9993089884473824
43,0.15,32768,null_common_one,known_variance_filter,0,5000,0.0,0.0,0.000737503801108105
43,0.15,32768,null_common_one,same_sample_variance_filter,0,5000,0.0,0.0,0.000737503801108105
44,0.15,32768,different_delays,student_ignores_filter,5000,5000,1.0,0.9992624961988918,1.0
44,0.15,32768,different_delays,known_variance_filter,4976,5000,0.9952,0.9928663468036764,0.9969222009574026
44,0.15,32768,different_delays,same_sample_variance_filter,4737,5000,0.9474,0.9408463170061476,0.9534248646239771
45,0.25,128,null_common_zero,student_ignores_filter,197,5000,0.0394,0.03417807420768279,0.045167996789899696
45,0.25,128,null_common_zero,known_variance_filter,0,5000,0.0,0.0,0.000737503801108105
45,0.25,128,null_common_zero,same_sample_variance_filter,0,5000,0.0,0.0,0.000737503801108105
46,0.25,128,null_common_one,student_ignores_filter,182,5000,0.0364,0.03138112054890919,0.04196900724775335
46,0.25,128,null_common_one,known_variance_filter,0,5000,0.0,0.0,0.000737503801108105
46,0.25,128,null_common_one,same_sample_variance_filter,0,5000,0.0,0.0,0.000737503801108105
47,0.25,128,different_delays,student_ignores_filter,1282,5000,0.2564,0.24434204202812884,0.2687429757508392
47,0.25,128,different_delays,known_variance_filter,0,5000,0.0,0.0,0.000737503801108105
47,0.25,128,different_delays,same_sample_variance_filter,0,5000,0.0,0.0,0.000737503801108105
48,0.25,512,null_common_zero,student_ignores_filter,815,5000,0.163,0.15286085868917507,0.1735342102182907
48,0.25,512,null_common_zero,known_variance_filter,0,5000,0.0,0.0,0.000737503801108105
48,0.25,512,null_common_zero,same_sample_variance_filter,0,5000,0.0,0.0,0.000737503801108105
49,0.25,512,null_common_one,student_ignores_filter,845,5000,0.169,0.15870810058569274,0.17967986388337853
49,0.25,512,null_common_one,known_variance_filter,0,5000,0.0,0.0,0.000737503801108105
49,0.25,512,null_common_one,same_sample_variance_filter,0,5000,0.0,0.0,0.000737503801108105
50,0.25,512,different_delays,student_ignores_filter,4786,5000,0.9572,0.951216627966322,0.9626418265018358
50,0.25,512,different_delays,known_variance_filter,0,5000,0.0,0.0,0.000737503801108105
50,0.25,512,different_delays,same_sample_variance_filter,0,5000,0.0,0.0,0.000737503801108105
51,0.25,2048,null_common_zero,student_ignores_filter,2521,5000,0.5042,0.4902424090075776,0.5181526835851791
51,0.25,2048,null_common_zero,known_variance_filter,0,5000,0.0,0.0,0.000737503801108105
51,0.25,2048,null_common_zero,same_sample_variance_filter,0,5000,0.0,0.0,0.000737503801108105
52,0.25,2048,null_common_one,student_ignores_filter,2495,5000,0.499,0.48504498592009376,0.512956182509836
52,0.25,2048,null_common_one,known_variance_filter,0,5000,0.0,0.0,0.000737503801108105
52,0.25,2048,null_common_one,same_sample_variance_filter,0,5000,0.0,0.0,0.000737503801108105
53,0.25,2048,different_delays,student_ignores_filter,5000,5000,1.0,0.9992624961988918,1.0
53,0.25,2048,different_delays,known_variance_filter,0,5000,0.0,0.0,0.000737503801108105
53,0.25,2048,different_delays,same_sample_variance_filter,0,5000,0.0,0.0,0.000737503801108105
54,0.25,8192,null_common_zero,student_ignores_filter,4903,5000,0.9806,0.9763842968842739,0.9842404589895336
54,0.25,8192,null_common_zero,known_variance_filter,0,5000,0.0,0.0,0.000737503801108105
54,0.25,8192,null_common_zero,same_sample_variance_filter,0,5000,0.0,0.0,0.000737503801108105
55,0.25,8192,null_common_one,student_ignores_filter,4881,5000,0.9762,0.9715866837984581,0.9802451008013935
55,0.25,8192,null_common_one,known_variance_filter,0,5000,0.0,0.0,0.000737503801108105
55,0.25,8192,null_common_one,same_sample_variance_filter,0,5000,0.0,0.0,0.000737503801108105
56,0.25,8192,different_delays,student_ignores_filter,5000,5000,1.0,0.9992624961988918,1.0
56,0.25,8192,different_delays,known_variance_filter,0,5000,0.0,0.0,0.000737503801108105
56,0.25,8192,different_delays,same_sample_variance_filter,0,5000,0.0,0.0,0.000737503801108105
57,0.25,32768,null_common_zero,student_ignores_filter,5000,5000,1.0,0.9992624961988918,1.0
57,0.25,32768,null_common_zero,known_variance_filter,0,5000,0.0,0.0,0.000737503801108105
57,0.25,32768,null_common_zero,same_sample_variance_filter,0,5000,0.0,0.0,0.000737503801108105
58,0.25,32768,null_common_one,student_ignores_filter,5000,5000,1.0,0.9992624961988918,1.0
58,0.25,32768,null_common_one,known_variance_filter,0,5000,0.0,0.0,0.000737503801108105
58,0.25,32768,null_common_one,same_sample_variance_filter,0,5000,0.0,0.0,0.000737503801108105
59,0.25,32768,different_delays,student_ignores_filter,5000,5000,1.0,0.9992624961988918,1.0
59,0.25,32768,different_delays,known_variance_filter,0,5000,0.0,0.0,0.000737503801108105
59,0.25,32768,different_delays,same_sample_variance_filter,0,5000,0.0,0.0,0.000737503801108105
