panel,count,rho,value,status
false_rejection,4,,0.01504453383404722,finite
false_rejection,8,,0.06595257891803961,finite
false_rejection,12,,0.12048247640390428,finite
false_rejection,16,,0.16929947853110136,finite
false_rejection,20,,0.21164320914244547,finite
false_rejection,24,,0.24834303125058066,finite
false_rejection,28,,0.2803769544063388,finite
false_rejection,32,,0.30858633568437616,finite
false_rejection,36,,0.33364584826932053,finite
false_rejection,40,,0.356087747255108,finite
false_rejection,44,,0.37633241344643437,finite
false_rejection,48,,0.3947143714367854,finite
false_rejection,52,,0.41150243307472806,finite
false_rejection,56,,0.4269148399008126,finite
false_rejection,60,,0.441130574235955,finite
false_rejection,64,,0.45429783568937104,finite
false_rejection,68,,0.46654044083771656,finite
false_rejection,72,,0.4779626996888813,finite
false_rejection,76,,0.48865316824189053,finite
false_rejection,80,,0.49868756485087673,finite
false_rejection,84,,0.5081310586363497,finite
false_rejection,88,,0.5170400817783606,finite
false_rejection,92,,0.5254637773580286,finite
false_rejection,96,,0.5334451656294555,finite
false_rejection,100,,0.541022090813181,finite
false_rejection,104,,0.5482279953543735,finite
false_rejection,108,,0.555092557453151,finite
false_rejection,112,,0.5616422194146045,finite
false_rejection,116,,0.5679006281854988,finite
false_rejection,120,,0.573889004780343,finite
false_rejection,124,,0.5796264557505382,finite
false_rejection,128,,0.5851302371286458,finite
false_rejection,132,,0.590415979176824,finite
false_rejection,136,,0.5954978786318187,finite
false_rejection,140,,0.6003888638563972,finite
false_rejection,144,,0.6051007372955449,finite
false_rejection,148,,0.6096442988328883,finite
false_rejection,156,,0.6182653024910011,finite
false_rejection,160,,0.6223602299687755,finite
false_rejection,164,,0.6263219699131172,finite
false_rejection,172,,0.6338739562545264,finite
false_rejection,176,,0.6374769639129088,finite
false_rejection,184,,0.6443655727808985,finite
false_rejection,188,,0.6476614291749635,finite
false_rejection,196,,0.6539793546410753,finite
false_rejection,200,,0.6570097733639989,finite
false_rejection,208,,0.6628324492918211,finite
false_rejection,216,,0.6683601580189875,finite
false_rejection,224,,0.6736172424122616,finite
false_rejection,228,,0.6761511481309662,finite
false_rejection,236,,0.6810420578719761,finite
false_rejection,244,,0.6857120479138837,finite
false_rejection,252,,0.6901774262287158,finite
false_rejection,264,,0.6965235223352613,finite
false_rejection,272,,0.7005384233248574,finite
false_rejection,280,,0.7043941210700413,finite
false_rejection,288,,0.7081009647140422,finite
false_rejection,300,,0.7134025225435643,finite
false_rejection,308,,0.716776704395015,finite
false_rejection,320,,0.7216165646031614,finite
false_rejection,332,,0.7262108833233206,finite
false_rejection,340,,0.7291474528294254,finite
false_rejection,352,,0.733376419777497,finite
false_rejection,364,,0.7374089732760489,finite
false_rejection,376,,0.7412599864658674,finite
false_rejection,388,,0.7449427950572619,finite
false_rejection,404,,0.7496121196343327,finite
false_rejection,416,,0.7529471058498958,finite
false_rejection,428,,0.7561495727588773,finite
false_rejection,444,,0.760228170992672,finite
false_rejection,460,,0.7641047567742588,finite
false_rejection,476,,0.7677955966826364,finite
false_rejection,492,,0.7713151733811734,finite
false_rejection,508,,0.7746764301499688,finite
false_rejection,524,,0.7778909755890178,finite
false_rejection,540,,0.7809692559483217,finite
false_rejection,560,,0.7846397627020094,finite
false_rejection,576,,0.787444574858769,finite
false_rejection,596,,0.790798522164418,finite
false_rejection,616,,0.793995864377895,finite
false_rejection,636,,0.7970485000891276,finite
false_rejection,660,,0.8005355906199327,finite
false_rejection,680,,0.803305914560033,finite
false_rejection,704,,0.8064802957322156,finite
false_rejection,728,,0.8095033893131973,finite
false_rejection,752,,0.8123869143764689,finite
false_rejection,776,,0.8151413531045356,finite
false_rejection,804,,0.8182042130408542,finite
false_rejection,828,,0.8207099993627709,finite
false_rejection,856,,0.8235045478761293,finite
false_rejection,884,,0.8261705114471911,finite
false_rejection,916,,0.829072172493462,finite
false_rejection,944,,0.8314937425631431,finite
false_rejection,976,,0.8341373886562301,finite
false_rejection,1008,,0.836658732417814,finite
false_rejection,1044,,0.839360467790735,finite
false_rejection,1076,,0.8416512854423139,finite
false_rejection,1112,,0.8441133931472689,finite
false_rejection,1152,,0.8467171187953814,finite
false_rejection,1188,,0.8489508617003256,finite
false_rejection,1228,,0.8513204114151792,finite
false_rejection,1268,,0.853580507841068,finite
false_rejection,1312,,0.8559499724484974,finite
false_rejection,1356,,0.8582066850352323,finite
false_rejection,1400,,0.8603593526703984,finite
false_rejection,1448,,0.8625981883652449,finite
false_rejection,1496,,0.8647315025282758,finite
false_rejection,1544,,0.8667673669314457,finite
false_rejection,1596,,0.8688712858884131,finite
false_rejection,1652,,0.8710280393842682,finite
false_rejection,1704,,0.8729373264097299,finite
false_rejection,1760,,0.8749005859764123,finite
false_rejection,1820,,0.8769052877043976,finite
false_rejection,1880,,0.8788156616165562,finite
false_rejection,1944,,0.8807575220528119,finite
false_rejection,2008,,0.8826080455927721,finite
false_rejection,2076,,0.8844819305515569,finite
false_rejection,2144,,0.8862680302126495,finite
false_rejection,2216,,0.8880709136789127,finite
false_rejection,2292,,0.8898831023223155,finite
false_rejection,2368,,0.8916092611180532,finite
false_rejection,2444,,0.8932560111137459,finite
false_rejection,2528,,0.8949908350616712,finite
false_rejection,2612,,0.8966430331032941,finite
false_rejection,2696,,0.898218983380209,finite
false_rejection,2788,,0.8998642788062657,finite
false_rejection,2880,,0.9014316506986656,finite
false_rejection,2976,,0.902990552296733,finite
false_rejection,3076,,0.9045376453831446,finite
false_rejection,3176,,0.9060124476453807,finite
false_rejection,3284,,0.907530338721451,finite
false_rejection,3392,,0.9089764509803289,finite
false_rejection,3504,,0.9104061827989193,finite
false_rejection,3624,,0.9118651554962868,finite
false_rejection,3744,,0.9132546045487915,finite
false_rejection,3868,,0.9146230254915838,finite
false_rejection,3996,,0.9159693337319011,finite
false_rejection,4128,,0.9172926555152526,finite
false_rejection,4268,,0.9186296028202806,finite
false_rejection,4408,,0.9199033292553584,finite
false_rejection,4556,,0.9211864549063262,finite
false_rejection,4708,,0.9224417080911275,finite
false_rejection,4864,,0.9236692134727496,finite
false_rejection,5028,,0.9248984547843148,finite
false_rejection,5192,,0.9260698094305004,finite
false_rejection,5368,,0.9272674998198567,finite
false_rejection,5544,,0.9284084742109335,finite
false_rejection,5728,,0.9295453844969563,finite
false_rejection,5920,,0.9306754972035456,finite
false_rejection,6116,,0.9317745269919183,finite
false_rejection,6320,,0.932864365035611,finite
false_rejection,6532,,0.9339430768554959,finite
false_rejection,6748,,0.9349900757821761,finite
false_rejection,6976,,0.9360426885491109,finite
false_rejection,7208,,0.937062689698605,finite
false_rejection,7448,,0.9380678856796875,finite
false_rejection,7692,,0.9390417689793947,finite
false_rejection,7952,,0.9400303333475691,finite
false_rejection,8216,,0.9409862288144606,finite
false_rejection,8488,,0.9419245731715754,finite
false_rejection,8772,,0.9428578554628663,finite
false_rejection,9064,,0.9437717974563256,finite
false_rejection,9364,,0.9446663518853854,finite
false_rejection,9676,,0.9455526417897535,finite
false_rejection,10000,,0.9464291931694283,finite
variance_coverage,10,1,,abstain
variance_coverage,11,1,,abstain
variance_coverage,12,1,,abstain
variance_coverage,13,1,,abstain
variance_coverage,14,1,,abstain
variance_coverage,15,1,,abstain
variance_coverage,16,1,,abstain
variance_coverage,17,1,,abstain
variance_coverage,18,1,,abstain
variance_coverage,19,1,,abstain
variance_coverage,20,1,,abstain
variance_coverage,21,1,,abstain
variance_coverage,22,1,,abstain
variance_coverage,23,1,,abstain
variance_coverage,24,1,53.69302794322993,finite
variance_coverage,25,1,25.46017043053111,finite
variance_coverage,26,1,17.03713513871456,finite
variance_coverage,27,1,12.987539805995393,finite
variance_coverage,28,1,10.606220997296674,finite
variance_coverage,29,1,9.037715608676914,finite
variance_coverage,30,1,7.926100971529141,finite
variance_coverage,31,1,7.096813813494804,finite
variance_coverage,32,1,6.454186889561192,finite
variance_coverage,33,1,5.941400259295193,finite
variance_coverage,34,1,5.5225794331832025,finite
variance_coverage,35,1,5.173957774456487,finite
variance_coverage,36,1,4.879165405930523,finite
variance_coverage,37,1,4.6265590159491055,finite
variance_coverage,38,1,4.407630521255125,finite
variance_coverage,39,1,4.216018119783679,finite
variance_coverage,40,1,4.046869482835456,finite
variance_coverage,41,1,3.896418993417022,finite
variance_coverage,42,1,3.7616995447783474,finite
variance_coverage,43,1,3.640341447800726,finite
variance_coverage,44,1,3.5304292025913804,finite
variance_coverage,45,1,3.4303975970087874,finite
variance_coverage,47,1,3.255026437530556,finite
variance_coverage,48,1,3.1777092400463864,finite
variance_coverage,49,1,3.1062404830431563,finite
variance_coverage,50,1,3.0399706185440563,finite
variance_coverage,51,1,2.9783432038310376,finite
variance_coverage,52,1,2.9208787776455765,finite
variance_coverage,54,1,2.8168311548970837,finite
variance_coverage,55,1,2.7695699624530805,finite
variance_coverage,56,1,2.7251004558007144,finite
variance_coverage,57,1,2.683177432998665,finite
variance_coverage,59,1,2.6061263740349037,finite
variance_coverage,60,1,2.570633192575302,finite
variance_coverage,62,1,2.504939112570312,finite
variance_coverage,63,1,2.4744755767077167,finite
variance_coverage,64,1,2.44544728746352,finite
variance_coverage,66,1,2.391299465294897,finite
variance_coverage,68,1,2.341789749886111,finite
variance_coverage,69,1,2.3185870901552277,finite
variance_coverage,71,1,2.274966412198989,finite
variance_coverage,72,1,2.254436105865571,finite
variance_coverage,74,1,2.215687749012105,finite
variance_coverage,76,1,2.1797354562536917,finite
variance_coverage,78,1,2.1462785268682723,finite
variance_coverage,79,1,2.1304035431795523,finite
variance_coverage,81,1,2.100215731345417,finite
variance_coverage,83,1,2.0719401120302687,finite
variance_coverage,85,1,2.0453948460298768,finite
variance_coverage,87,1,2.0204206702323706,finite
variance_coverage,89,1,1.996877485268448,finite
variance_coverage,91,1,1.9746415451056978,finite
variance_coverage,94,1,1.9435020532005796,finite
variance_coverage,96,1,1.92408017301672,finite
variance_coverage,98,1,1.905630889489831,finite
variance_coverage,100,1,1.888080204040907,finite
variance_coverage,103,1,1.863295193742577,finite
variance_coverage,105,1,1.8477137053123087,finite
variance_coverage,108,1,1.8256247323230717,finite
variance_coverage,110,1,1.8116872825333932,finite
variance_coverage,113,1,1.7918616870527961,finite
variance_coverage,115,1,1.7793117761629809,finite
variance_coverage,118,1,1.761405853913501,finite
variance_coverage,121,1,1.744515379180159,finite
variance_coverage,124,1,1.7285526896177226,finite
variance_coverage,126,1,1.7183875933478678,finite
variance_coverage,129,1,1.703802816977665,finite
variance_coverage,132,1,1.6899570819721268,finite
variance_coverage,136,1,1.6725474991557856,finite
variance_coverage,139,1,1.6602133007896573,finite
variance_coverage,142,1,1.648448638170641,finite
variance_coverage,145,1,1.6372130779063678,finite
variance_coverage,149,1,1.6229925614720748,finite
variance_coverage,152,1,1.6128548845780069,finite
variance_coverage,156,1,1.5999857354718876,finite
variance_coverage,159,1,1.5907854375990038,finite
variance_coverage,163,1,1.5790751355717452,finite
variance_coverage,167,1,1.567954606738255,finite
variance_coverage,171,1,1.5573781187018707,finite
variance_coverage,175,1,1.5473046368953465,finite
variance_coverage,179,1,1.537697231081158,finite
variance_coverage,183,1,1.5285225700472473,finite
variance_coverage,188,1,1.517617108713794,finite
variance_coverage,192,1,1.5093100637712469,finite
variance_coverage,196,1,1.501347469664737,finite
variance_coverage,201,1,1.4918450034771569,finite
variance_coverage,206,1,1.4828070282963868,finite
variance_coverage,211,1,1.4741983979201845,finite
variance_coverage,215,1,1.4675992708954584,finite
variance_coverage,221,1,1.458145816202977,finite
variance_coverage,226,1,1.4506475525852773,finite
variance_coverage,231,1,1.4434693147313522,finite
variance_coverage,236,1,1.4365898337859435,finite
variance_coverage,242,1,1.4287016458002129,finite
variance_coverage,248,1,1.4211855109157474,finite
variance_coverage,253,1,1.4151865006918354,finite
variance_coverage,259,1,1.4082835163375158,finite
variance_coverage,265,1,1.4016819537320209,finite
variance_coverage,272,1,1.394333801893364,finite
variance_coverage,278,1,1.3883173482432323,finite
variance_coverage,285,1,1.3816035771557433,finite
variance_coverage,291,1,1.376093335806285,finite
variance_coverage,298,1,1.3699304804724888,finite
variance_coverage,305,1,1.364034860178016,finite
variance_coverage,312,1,1.358388345015224,finite
variance_coverage,319,1,1.3529744502197456,finite
variance_coverage,327,1,1.347052770473749,finite
variance_coverage,335,1,1.341394976627217,finite
variance_coverage,342,1,1.336646356420608,finite
variance_coverage,350,1,1.3314350726098505,finite
variance_coverage,359,1,1.3258291631901147,finite
variance_coverage,367,1,1.3210589928302685,finite
variance_coverage,376,1,1.315915665710554,finite
variance_coverage,384,1,1.3115294224884244,finite
variance_coverage,393,1,1.3067901231475456,finite
variance_coverage,403,1,1.3017507399603814,finite
variance_coverage,412,1,1.2974055917649405,finite
variance_coverage,422,1,1.2927749023031547,finite
variance_coverage,431,1,1.2887735730095649,finite
variance_coverage,442,1,1.28408288306578,finite
variance_coverage,452,1,1.279997077464102,finite
variance_coverage,462,1,1.2760701897139626,finite
variance_coverage,473,1,1.2719225390980728,finite
variance_coverage,484,1,1.267943516747709,finite
variance_coverage,496,1,1.2637823950827891,finite
variance_coverage,507,1,1.2601220863172324,finite
variance_coverage,519,1,1.2562862126850303,finite
variance_coverage,531,1,1.2526040167193666,finite
variance_coverage,544,1,1.248777123441712,finite
variance_coverage,556,1,1.245384787279344,finite
variance_coverage,569,1,1.2418519645886976,finite
variance_coverage,583,1,1.2382022709686828,finite
variance_coverage,596,1,1.2349479345232544,finite
variance_coverage,610,1,1.2315790568743545,finite
variance_coverage,625,1,1.2281158853259648,finite
variance_coverage,639,1,1.2250115005010116,finite
variance_coverage,654,1,1.2218137299382816,finite
variance_coverage,670,1,1.2185398810792072,finite
variance_coverage,685,1,1.2155910763197686,finite
variance_coverage,701,1,1.2125660633307551,finite
variance_coverage,718,1,1.2094796163765797,finite
variance_coverage,734,1,1.206687347906801,finite
variance_coverage,752,1,1.2036683187271724,finite
variance_coverage,769,1,1.2009285387084148,finite
variance_coverage,787,1,1.198138276187648,finite
variance_coverage,806,1,1.1953088111214913,finite
variance_coverage,824,1,1.1927311821787272,finite
variance_coverage,844,1,1.1899772379142264,finite
variance_coverage,863,1,1.187461761825012,finite
variance_coverage,884,1,1.1847885623385617,finite
variance_coverage,904,1,1.182340765779709,finite
variance_coverage,925,1,1.1798672235188552,finite
variance_coverage,947,1,1.1773755707047266,finite
variance_coverage,969,1,1.1749796177722127,finite
variance_coverage,992,1,1.1725707302865027,finite
variance_coverage,1015,1,1.1702539150487172,finite
variance_coverage,1039,1,1.1679284693341274,finite
variance_coverage,1063,1,1.165691330892884,finite
variance_coverage,1088,1,1.1634491186306413,finite
variance_coverage,1113,1,1.161291382271343,finite
variance_coverage,1139,1,1.1591314917228877,finite
variance_coverage,1166,1,1.1569738091947406,finite
variance_coverage,1193,1,1.154897710637394,finite
variance_coverage,1221,1,1.152825627660339,finite
variance_coverage,1250,1,1.1507610834908941,finite
variance_coverage,1279,1,1.1487744473640584,finite
variance_coverage,1309,1,1.1467962928033872,finite
variance_coverage,1339,1,1.1448917155127003,finite
variance_coverage,1371,1,1.1429363399255443,finite
variance_coverage,1403,1,1.1410548321499774,finite
variance_coverage,1436,1,1.1391871734610495,finite
variance_coverage,1469,1,1.1373888383789905,finite
variance_coverage,1504,1,1.1355526803140858,finite
variance_coverage,1539,1,1.1337853664932056,finite
variance_coverage,1575,1,1.1320350312350473,finite
variance_coverage,1611,1,1.1303490340988642,finite
variance_coverage,1649,1,1.1286349872747599,finite
variance_coverage,1688,1,1.126941697839953,finite
variance_coverage,1727,1,1.12531110941052,finite
variance_coverage,1768,1,1.1236604309509037,finite
variance_coverage,1809,1,1.1220709718500006,finite
variance_coverage,1851,1,1.120502419555468,finite
variance_coverage,1894,1,1.118955368303488,finite
variance_coverage,1939,1,1.117396302358808,finite
variance_coverage,1984,1,1.115894873282399,finite
variance_coverage,2030,1,1.114416093422865,finite
variance_coverage,2078,1,1.1129297976695351,finite
variance_coverage,2126,1,1.111498041333643,finite
variance_coverage,2176,1,1.1100611628112045,finite
variance_coverage,2227,1,1.1086494654375918,finite
variance_coverage,2279,1,1.1072628093896362,finite
variance_coverage,2332,1,1.1059010136263363,finite
variance_coverage,2387,1,1.104539558697417,finite
variance_coverage,2443,1,1.1032042623327523,finite
variance_coverage,2500,1,1.1018947368388494,finite
variance_coverage,2558,1,1.1006105769531862,finite
variance_coverage,2618,1,1.099330413382022,finite
variance_coverage,2679,1,1.0980762717389034,finite
variance_coverage,2742,1,1.0968281632300136,finite
variance_coverage,2806,1,1.0956064020120426,finite
variance_coverage,2872,1,1.0943922977841964,finite
variance_coverage,2939,1,1.0932045903697098,finite
variance_coverage,3007,1,1.0920425831014153,finite
variance_coverage,3078,1,1.0908732462714925,finite
variance_coverage,3150,1,1.0897305746702504,finite
variance_coverage,3223,1,1.0886137646532419,finite
variance_coverage,3299,1,1.087493075362652,finite
variance_coverage,3376,1,1.0863987825492147,finite
variance_coverage,3455,1,1.0853165682275596,finite
variance_coverage,3535,1,1.0842600096162505,finite
variance_coverage,3618,1,1.0832032326773973,finite
variance_coverage,3703,1,1.082160140051386,finite
variance_coverage,3789,1,1.0811427252048125,finite
variance_coverage,3878,1,1.0801276521233572,finite
variance_coverage,3968,1,1.0791380196653297,finite
variance_coverage,4061,1,1.0781520444963721,finite
variance_coverage,4156,1,1.0771810730862128,finite
variance_coverage,4253,1,1.076225206274041,finite
variance_coverage,4353,1,1.0752751740705455,finite
variance_coverage,4454,1,1.0743499890521524,finite
variance_coverage,4558,1,1.0734312894160807,finite
variance_coverage,4665,1,1.072519960190304,finite
variance_coverage,4774,1,1.0716248556329564,finite
variance_coverage,4886,1,1.0707380359576213,finite
variance_coverage,5000,1,1.0698676481654559,finite
variance_coverage,5117,1,1.0690062306992207,finite
variance_coverage,5236,1,1.068161284251892,finite
variance_coverage,5359,1,1.067319074960076,finite
variance_coverage,5484,1,1.0664937148044518,finite
variance_coverage,5612,1,1.0656785962516901,finite
variance_coverage,5743,1,1.064874029427203,finite
variance_coverage,5878,1,1.064074457257914,finite
variance_coverage,6015,1,1.06329193274486,finite
variance_coverage,6155,1,1.0625205959113675,finite
variance_coverage,6299,1,1.0617553591427207,finite
variance_coverage,6447,1,1.0609968739068076,finite
variance_coverage,6597,1,1.0602554276263294,finite
variance_coverage,6751,1,1.0595211332864283,finite
variance_coverage,6909,1,1.0587944758003154,finite
variance_coverage,7071,1,1.0580758808638013,finite
variance_coverage,7236,1,1.0573699208469933,finite
variance_coverage,7405,1,1.0566724151229085,finite
variance_coverage,7578,1,1.0559836515124268,finite
variance_coverage,7755,1,1.0553038735705944,finite
variance_coverage,7937,1,1.0546296453961566,finite
variance_coverage,8122,1,1.0539685377214745,finite
variance_coverage,8312,1,1.053313523404646,finite
variance_coverage,8506,1,1.0526683264918402,finite
variance_coverage,8705,1,1.0520298527373524,finite
variance_coverage,8909,1,1.0513984667774037,finite
variance_coverage,9117,1,1.050777418416466,finite
variance_coverage,9330,1,1.0501638412635932,finite
variance_coverage,9548,1,1.0495579789005867,finite
variance_coverage,9771,1,1.0489600369706649,finite
variance_coverage,10000,1,1.048367645105608,finite
variance_coverage,10,5,,abstain
variance_coverage,11,5,,abstain
variance_coverage,12,5,,abstain
variance_coverage,13,5,,abstain
variance_coverage,14,5,,abstain
variance_coverage,15,5,,abstain
variance_coverage,16,5,,abstain
variance_coverage,17,5,,abstain
variance_coverage,18,5,,abstain
variance_coverage,19,5,,abstain
variance_coverage,20,5,,abstain
variance_coverage,21,5,,abstain
variance_coverage,22,5,,abstain
variance_coverage,23,5,,abstain
variance_coverage,24,5,,abstain
variance_coverage,25,5,,abstain
variance_coverage,26,5,,abstain
variance_coverage,27,5,,abstain
variance_coverage,28,5,,abstain
variance_coverage,29,5,,abstain
variance_coverage,30,5,,abstain
variance_coverage,31,5,,abstain
variance_coverage,32,5,,abstain
variance_coverage,33,5,,abstain
variance_coverage,34,5,,abstain
variance_coverage,35,5,,abstain
variance_coverage,36,5,,abstain
variance_coverage,37,5,,abstain
variance_coverage,38,5,,abstain
variance_coverage,39,5,,abstain
variance_coverage,40,5,,abstain
variance_coverage,41,5,,abstain
variance_coverage,42,5,,abstain
variance_coverage,43,5,,abstain
variance_coverage,44,5,,abstain
variance_coverage,45,5,,abstain
variance_coverage,47,5,,abstain
variance_coverage,48,5,,abstain
variance_coverage,49,5,,abstain
variance_coverage,50,5,,abstain
variance_coverage,51,5,,abstain
variance_coverage,52,5,,abstain
variance_coverage,54,5,,abstain
variance_coverage,55,5,,abstain
variance_coverage,56,5,,abstain
variance_coverage,57,5,,abstain
variance_coverage,59,5,,abstain
variance_coverage,60,5,,abstain
variance_coverage,62,5,,abstain
variance_coverage,63,5,,abstain
variance_coverage,64,5,,abstain
variance_coverage,66,5,,abstain
variance_coverage,68,5,,abstain
variance_coverage,69,5,,abstain
variance_coverage,71,5,,abstain
variance_coverage,72,5,,abstain
variance_coverage,74,5,,abstain
variance_coverage,76,5,,abstain
variance_coverage,78,5,,abstain
variance_coverage,79,5,,abstain
variance_coverage,81,5,,abstain
variance_coverage,83,5,,abstain
variance_coverage,85,5,,abstain
variance_coverage,87,5,,abstain
variance_coverage,89,5,,abstain
variance_coverage,91,5,,abstain
variance_coverage,94,5,,abstain
variance_coverage,96,5,,abstain
variance_coverage,98,5,,abstain
variance_coverage,100,5,,abstain
variance_coverage,103,5,,abstain
variance_coverage,105,5,,abstain
variance_coverage,108,5,,abstain
variance_coverage,110,5,,abstain
variance_coverage,113,5,,abstain
variance_coverage,115,5,,abstain
variance_coverage,118,5,100.12010953434941,finite
variance_coverage,121,5,43.74473159315893,finite
variance_coverage,124,5,28.369344339047668,finite
variance_coverage,126,5,23.118481614351694,finite
variance_coverage,129,5,18.213434617604925,finite
variance_coverage,132,5,15.118554005614094,finite
variance_coverage,136,5,12.417355406826113,finite
variance_coverage,139,5,11.000681616177602,finite
variance_coverage,142,5,9.907287250724565,finite
variance_coverage,145,5,9.037715608676914,finite
variance_coverage,149,5,8.121763633158476,finite
variance_coverage,152,5,7.567046418974186,finite
variance_coverage,156,5,6.955580370328346,finite
variance_coverage,159,5,6.570885137242599,finite
variance_coverage,163,5,6.133570137626548,finite
variance_coverage,167,5,5.764134677536385,finite
variance_coverage,171,5,5.44784831213781,finite
variance_coverage,175,5,5.173957774456487,finite
variance_coverage,179,5,4.934429413667371,finite
variance_coverage,183,5,4.723140426271487,finite
variance_coverage,188,5,4.4916071542545595,finite
variance_coverage,192,5,4.3280078516165075,finite
variance_coverage,196,5,4.180525295037041,finite
variance_coverage,201,5,4.015388495766082,finite
variance_coverage,206,5,3.8683000050360006,finite
variance_coverage,211,5,3.7364260985019975,finite
variance_coverage,215,5,3.640341447800726,finite
variance_coverage,221,5,3.5096772888881014,finite
variance_coverage,226,5,3.4114591787585877,finite
variance_coverage,231,5,3.3215993746299257,finite
variance_coverage,236,5,3.2390603222702956,finite
variance_coverage,242,5,3.1484585992097416,finite
variance_coverage,248,5,3.0658921902892113,finite
variance_coverage,253,5,3.002469322459943,finite
variance_coverage,259,5,2.93205939414105,finite
variance_coverage,265,5,2.8671619763364644,finite
variance_coverage,272,5,2.797574681599901,finite
variance_coverage,278,5,2.7425696238111357,finite
variance_coverage,285,5,2.683177432998665,finite
variance_coverage,291,5,2.6359271526660875,finite
variance_coverage,298,5,2.584604996843614,finite
variance_coverage,305,5,2.536950180598006,finite
variance_coverage,312,5,2.49257453740991,finite
variance_coverage,319,5,2.451143145856194,finite
variance_coverage,327,5,2.4070272629591734,finite
variance_coverage,335,5,2.36600395924859,finite
variance_coverage,342,5,2.3323909999640837,finite
variance_coverage,350,5,2.2963321525328677,finite
variance_coverage,359,5,2.258477765520485,finite
variance_coverage,367,5,2.227003744944725,finite
variance_coverage,376,5,2.1938011176824452,finite
variance_coverage,384,5,2.1660685851565717,finite
variance_coverage,393,5,2.1366883993855312,finite
variance_coverage,403,5,2.1060940580763177,finite
variance_coverage,412,5,2.0802333073335424,finite
variance_coverage,422,5,2.053186613150968,finite
variance_coverage,431,5,2.030231170134065,finite
variance_coverage,442,5,2.0037978398133505,finite
variance_coverage,452,5,1.9811818444325018,finite
variance_coverage,462,5,1.9597949383138973,finite
variance_coverage,473,5,1.9375686352042207,finite
variance_coverage,484,5,1.9165880696414577,finite
variance_coverage,496,5,1.8949970626640877,finite
variance_coverage,507,5,1.8762934642210922,finite
variance_coverage,519,5,1.8569763200161724,finite
variance_coverage,531,5,1.8387002379833224,finite
variance_coverage,544,5,1.8199773107783894,finite
variance_coverage,556,5,1.8036069205391803,finite
variance_coverage,569,5,1.786780275570884,finite
variance_coverage,583,5,1.7696298361397809,finite
variance_coverage,596,5,1.7545329603652062,finite
variance_coverage,610,5,1.7390954232410558,finite
variance_coverage,625,5,1.7234242780574327,finite
variance_coverage,639,5,1.7095446158582448,finite
variance_coverage,654,5,1.6954105002256656,finite
variance_coverage,670,5,1.6811086105062396,finite
variance_coverage,685,5,1.6683701505877706,finite
variance_coverage,701,5,1.6554414465407266,finite
variance_coverage,718,5,1.6423929085052877,finite
variance_coverage,734,5,1.63071032855127,finite
variance_coverage,752,5,1.618207644525961,finite
variance_coverage,769,5,1.6069753772449697,finite
variance_coverage,787,5,1.5956459486848564,finite
variance_coverage,806,5,1.584268862661436,finite
variance_coverage,824,5,1.5740007651270085,finite
variance_coverage,844,5,1.5631304181293102,finite
variance_coverage,863,5,1.5532905194551254,finite
variance_coverage,884,5,1.5429256991849007,finite
variance_coverage,904,5,1.533516954568305,finite
variance_coverage,925,5,1.5240879792977808,finite
variance_coverage,947,5,1.5146689882531648,finite
variance_coverage,969,5,1.505685644080154,finite
variance_coverage,992,5,1.4967259404585644,finite
variance_coverage,1015,5,1.4881761274217038,finite
variance_coverage,1039,5,1.4796601827065412,finite
variance_coverage,1063,5,1.4715290608863376,finite
variance_coverage,1088,5,1.463439276709285,finite
variance_coverage,1113,5,1.4557101732264812,finite
variance_coverage,1139,5,1.4480276736730755,finite
variance_coverage,1166,5,1.4404067234977136,finite
variance_coverage,1193,5,1.4331240689595757,finite
variance_coverage,1221,5,1.4259040353598937,finite
variance_coverage,1250,5,1.4187580139797515,finite
variance_coverage,1279,5,1.411926209524801,finite
variance_coverage,1309,5,1.4051665726003395,finite
variance_coverage,1339,5,1.3986985263362457,finite
variance_coverage,1371,5,1.3920985837813196,finite
variance_coverage,1403,5,1.3857864635833552,finite
variance_coverage,1436,5,1.3795578103784603,finite
variance_coverage,1469,5,1.3735948905350377,finite
variance_coverage,1504,5,1.3675412186203866,finite
variance_coverage,1539,5,1.3617473193831993,finite
variance_coverage,1575,5,1.356040527884492,finite
variance_coverage,1611,5,1.350572855323713,finite
variance_coverage,1649,5,1.3450435069147992,finite
variance_coverage,1688,5,1.3396098884106413,finite
variance_coverage,1727,5,1.3344042872611341,finite
variance_coverage,1768,5,1.329161142429598,finite
variance_coverage,1809,5,1.3241375494770542,finite
variance_coverage,1851,5,1.3192039960622646,finite
variance_coverage,1894,5,1.3143612188731078,finite
variance_coverage,1939,5,1.3095039244489832,finite
variance_coverage,1984,5,1.304847957826196,finite
variance_coverage,2030,5,1.3002829524195088,finite
variance_coverage,2078,5,1.2957153306712674,finite
variance_coverage,2126,5,1.2913347033445202,finite
variance_coverage,2176,5,1.2869574049385766,finite
variance_coverage,2227,5,1.2826752365627225,finite
variance_coverage,2279,5,1.2784866872073235,finite
variance_coverage,2332,5,1.274390159365636,finite
variance_coverage,2387,5,1.2703113229185143,finite
variance_coverage,2443,5,1.2663269450428303,finite
variance_coverage,2500,5,1.2624348473187184,finite
variance_coverage,2558,5,1.2586328467741916,finite
variance_coverage,2618,5,1.2548570902413847,finite
variance_coverage,2679,5,1.2511719589014898,finite
variance_coverage,2742,5,1.2475181130077828,finite
variance_coverage,2806,5,1.2439544271505258,finite
variance_coverage,2872,5,1.240425774745776,finite
variance_coverage,2939,5,1.2369860259787384,finite
variance_coverage,3007,5,1.2336323093859438,finite
variance_coverage,3078,5,1.2302689623582097,finite
variance_coverage,3150,5,1.2269934231129842,finite
variance_coverage,3223,5,1.2238025775072316,finite
variance_coverage,3299,5,1.2206110902379657,finite
variance_coverage,3376,5,1.2175048190677542,finite
variance_coverage,3455,5,1.214442548473377,finite
variance_coverage,3535,5,1.2114621502840788,finite
variance_coverage,3618,5,1.2084902616123798,finite
variance_coverage,3703,5,1.2055657653216258,finite
variance_coverage,3789,5,1.202721749876607,finite
variance_coverage,3878,5,1.1998925974125882,finite
variance_coverage,3968,5,1.1971423145459454,finite
variance_coverage,4061,5,1.1944099805038246,finite
variance_coverage,4156,5,1.1917267868270829,finite
variance_coverage,4253,5,1.1890926326315585,finite
variance_coverage,4353,5,1.186481703698179,finite
variance_coverage,4454,5,1.1839458809239527,finite
variance_coverage,4558,5,1.1814344661718015,finite
variance_coverage,4665,5,1.17894970375614,finite
variance_coverage,4774,5,1.1765154598664096,finite
variance_coverage,4886,5,1.1741098622983963,finite
variance_coverage,5000,5,1.1717547347597175,finite
variance_coverage,5117,5,1.169429609721021,finite
variance_coverage,5236,5,1.167154460960493,finite
variance_coverage,5359,5,1.164892101013348,finite
variance_coverage,5484,5,1.162680231519053,finite
variance_coverage,5612,5,1.160500871716549,finite
variance_coverage,5743,5,1.1583546412942818,finite
variance_coverage,5878,5,1.156226558045462,finite
variance_coverage,6015,5,1.154148487922426,finite
variance_coverage,6155,5,1.1521046052985233,finite
variance_coverage,6299,5,1.1500812650079955,finite
variance_coverage,6447,5,1.148080065930804,finite
variance_coverage,6597,5,1.14612793747222,finite
variance_coverage,6751,5,1.1441986359700098,finite
variance_coverage,6909,5,1.1422933033344904,finite
variance_coverage,7071,5,1.1404129183445546,finite
variance_coverage,7236,5,1.1385692714983695,finite
variance_coverage,7405,5,1.1367512707724574,finite
variance_coverage,7578,5,1.1349595251271882,finite
variance_coverage,7755,5,1.1331945253686218,finite
variance_coverage,7937,5,1.1314472334514876,finite
variance_coverage,8122,5,1.129737124431919,finite
variance_coverage,8312,5,1.128045874635885,finite
variance_coverage,8506,5,1.126382979273567,finite
variance_coverage,8705,5,1.1247403406397423,finite
variance_coverage,8909,5,1.1231187947665628,finite
variance_coverage,9117,5,1.1215265632422697,finite
variance_coverage,9330,5,1.1199561722158913,finite
variance_coverage,9548,5,1.1184081393742318,finite
variance_coverage,9771,5,1.1168828832952495,finite
variance_coverage,10000,5,1.1153742660420984,finite
variance_coverage,10,20,,abstain
variance_coverage,11,20,,abstain
variance_coverage,12,20,,abstain
variance_coverage,13,20,,abstain
variance_coverage,14,20,,abstain
variance_coverage,15,20,,abstain
variance_coverage,16,20,,abstain
variance_coverage,17,20,,abstain
variance_coverage,18,20,,abstain
variance_coverage,19,20,,abstain
variance_coverage,20,20,,abstain
variance_coverage,21,20,,abstain
variance_coverage,22,20,,abstain
variance_coverage,23,20,,abstain
variance_coverage,24,20,,abstain
variance_coverage,25,20,,abstain
variance_coverage,26,20,,abstain
variance_coverage,27,20,,abstain
variance_coverage,28,20,,abstain
variance_coverage,29,20,,abstain
variance_coverage,30,20,,abstain
variance_coverage,31,20,,abstain
variance_coverage,32,20,,abstain
variance_coverage,33,20,,abstain
variance_coverage,34,20,,abstain
variance_coverage,35,20,,abstain
variance_coverage,36,20,,abstain
variance_coverage,37,20,,abstain
variance_coverage,38,20,,abstain
variance_coverage,39,20,,abstain
variance_coverage,40,20,,abstain
variance_coverage,41,20,,abstain
variance_coverage,42,20,,abstain
variance_coverage,43,20,,abstain
variance_coverage,44,20,,abstain
variance_coverage,45,20,,abstain
variance_coverage,47,20,,abstain
variance_coverage,48,20,,abstain
variance_coverage,49,20,,abstain
variance_coverage,50,20,,abstain
variance_coverage,51,20,,abstain
variance_coverage,52,20,,abstain
variance_coverage,54,20,,abstain
variance_coverage,55,20,,abstain
variance_coverage,56,20,,abstain
variance_coverage,57,20,,abstain
variance_coverage,59,20,,abstain
variance_coverage,60,20,,abstain
variance_coverage,62,20,,abstain
variance_coverage,63,20,,abstain
variance_coverage,64,20,,abstain
variance_coverage,66,20,,abstain
variance_coverage,68,20,,abstain
variance_coverage,69,20,,abstain
variance_coverage,71,20,,abstain
variance_coverage,72,20,,abstain
variance_coverage,74,20,,abstain
variance_coverage,76,20,,abstain
variance_coverage,78,20,,abstain
variance_coverage,79,20,,abstain
variance_coverage,81,20,,abstain
variance_coverage,83,20,,abstain
variance_coverage,85,20,,abstain
variance_coverage,87,20,,abstain
variance_coverage,89,20,,abstain
variance_coverage,91,20,,abstain
variance_coverage,94,20,,abstain
variance_coverage,96,20,,abstain
variance_coverage,98,20,,abstain
variance_coverage,100,20,,abstain
variance_coverage,103,20,,abstain
variance_coverage,105,20,,abstain
variance_coverage,108,20,,abstain
variance_coverage,110,20,,abstain
variance_coverage,113,20,,abstain
variance_coverage,115,20,,abstain
variance_coverage,118,20,,abstain
variance_coverage,121,20,,abstain
variance_coverage,124,20,,abstain
variance_coverage,126,20,,abstain
variance_coverage,129,20,,abstain
variance_coverage,132,20,,abstain
variance_coverage,136,20,,abstain
variance_coverage,139,20,,abstain
variance_coverage,142,20,,abstain
variance_coverage,145,20,,abstain
variance_coverage,149,20,,abstain
variance_coverage,152,20,,abstain
variance_coverage,156,20,,abstain
variance_coverage,159,20,,abstain
variance_coverage,163,20,,abstain
variance_coverage,167,20,,abstain
variance_coverage,171,20,,abstain
variance_coverage,175,20,,abstain
variance_coverage,179,20,,abstain
variance_coverage,183,20,,abstain
variance_coverage,188,20,,abstain
variance_coverage,192,20,,abstain
variance_coverage,196,20,,abstain
variance_coverage,201,20,,abstain
variance_coverage,206,20,,abstain
variance_coverage,211,20,,abstain
variance_coverage,215,20,,abstain
variance_coverage,221,20,,abstain
variance_coverage,226,20,,abstain
variance_coverage,231,20,,abstain
variance_coverage,236,20,,abstain
variance_coverage,242,20,,abstain
variance_coverage,248,20,,abstain
variance_coverage,253,20,,abstain
variance_coverage,259,20,,abstain
variance_coverage,265,20,,abstain
variance_coverage,272,20,,abstain
variance_coverage,278,20,,abstain
variance_coverage,285,20,,abstain
variance_coverage,291,20,,abstain
variance_coverage,298,20,,abstain
variance_coverage,305,20,,abstain
variance_coverage,312,20,,abstain
variance_coverage,319,20,,abstain
variance_coverage,327,20,,abstain
variance_coverage,335,20,,abstain
variance_coverage,342,20,,abstain
variance_coverage,350,20,,abstain
variance_coverage,359,20,,abstain
variance_coverage,367,20,,abstain
variance_coverage,376,20,,abstain
variance_coverage,384,20,,abstain
variance_coverage,393,20,,abstain
variance_coverage,403,20,,abstain
variance_coverage,412,20,,abstain
variance_coverage,422,20,,abstain
variance_coverage,431,20,,abstain
variance_coverage,442,20,,abstain
variance_coverage,452,20,,abstain
variance_coverage,462,20,,abstain
variance_coverage,473,20,90.2539342235723,finite
variance_coverage,484,20,43.74473159315893,finite
variance_coverage,496,20,28.369344339047668,finite
variance_coverage,507,20,21.64152216819732,finite
variance_coverage,519,20,17.315467217047363,finite
variance_coverage,531,20,14.515370123205443,finite
variance_coverage,544,20,12.417355406826113,finite
variance_coverage,556,20,11.000681616177602,finite
variance_coverage,569,20,9.827322388898194,finite
variance_coverage,583,20,8.847427791400433,finite
variance_coverage,596,20,8.121763633158476,finite
variance_coverage,610,20,7.4833658308449165,finite
variance_coverage,625,20,6.921356694839037,finite
variance_coverage,639,20,6.4828668636368505,finite
variance_coverage,654,20,6.084028072315116,finite
variance_coverage,670,20,5.72194476993456,finite
variance_coverage,685,20,5.429583081969133,finite
variance_coverage,701,20,5.1580523497181545,finite
variance_coverage,718,20,4.906582778308053,finite
variance_coverage,734,20,4.698466183942297,finite
variance_coverage,752,20,4.4916071542545595,finite
variance_coverage,769,20,4.318344188115443,finite
variance_coverage,787,20,4.1544732139720395,finite
variance_coverage,806,20,3.9999194047070254,finite
variance_coverage,824,20,3.8683000050360006,finite
variance_coverage,844,20,3.7364260985019975,finite
variance_coverage,863,20,3.6231667214737877,finite
variance_coverage,884,20,3.5096772888881014,finite
variance_coverage,904,20,3.4114591787585877,finite
variance_coverage,925,20,3.3173064146486495,finite
variance_coverage,947,20,3.227255080403452,finite
variance_coverage,969,20,3.1448657812307816,finite
variance_coverage,992,20,3.0658921902892113,finite
variance_coverage,1015,20,2.9933422330111954,finite
variance_coverage,1039,20,2.923659773318731,finite
variance_coverage,1063,20,2.8594047030120873,finite
variance_coverage,1088,20,2.797574681599901,finite
variance_coverage,1113,20,2.740363204349067,finite
variance_coverage,1139,20,2.6852165611933065,finite
variance_coverage,1166,20,2.632130427160816,finite
variance_coverage,1193,20,2.5828423704227093,finite
variance_coverage,1221,20,2.53531100565708,finite
variance_coverage,1250,20,2.4895211871554945,finite
variance_coverage,1279,20,2.4468662235057725,finite
variance_coverage,1309,20,2.4057002741358775,finite
variance_coverage,1339,20,2.367242447013233,finite
variance_coverage,1371,20,2.328907318254385,finite
variance_coverage,1403,20,2.2930719703583753,finite
variance_coverage,1436,20,2.258477765520485,finite
variance_coverage,1469,20,2.2260509314123498,finite
variance_coverage,1504,20,2.1938011176824452,finite
variance_coverage,1539,20,2.163549025490183,finite
variance_coverage,1575,20,2.134321535247581,finite
variance_coverage,1611,20,2.106834298895678,finite
variance_coverage,1649,20,2.0795361527068366,finite
variance_coverage,1688,20,2.053186613150968,finite
variance_coverage,1727,20,2.0283738844268573,finite
variance_coverage,1768,20,2.0037978398133505,finite
variance_coverage,1809,20,1.9806326375686067,finite
variance_coverage,1851,20,1.9582375753760257,finite
variance_coverage,1894,20,1.9365887943162436,finite
variance_coverage,1939,20,1.9152002142099747,finite
variance_coverage,1984,20,1.8949970626640877,finite
variance_coverage,2030,20,1.8754665878845533,finite
variance_coverage,2078,20,1.8561946563836549,finite
variance_coverage,2126,20,1.8379600336701942,finite
variance_coverage,2176,20,1.8199773107783894,finite
variance_coverage,2227,20,1.8026112043782292,finite
variance_coverage,2279,20,1.7858367340350296,finite
variance_coverage,2332,20,1.7696298361397809,finite
variance_coverage,2387,20,1.753684970890113,finite
variance_coverage,2443,20,1.7382911277838136,finite
variance_coverage,2500,20,1.7234242780574327,finite
variance_coverage,2558,20,1.7090615237193234,finite
variance_coverage,2618,20,1.694951799691939,finite
variance_coverage,2679,20,1.6813262577885113,finite
variance_coverage,2742,20,1.6679561010253166,finite
variance_coverage,2806,20,1.6550478189034012,finite
variance_coverage,2872,20,1.6423929085052877,finite
variance_coverage,2939,20,1.630176200205116,finite
variance_coverage,3007,20,1.6183768869507447,finite
variance_coverage,3078,20,1.6066530440257125,finite
variance_coverage,3150,20,1.595339098408578,finite
variance_coverage,3223,20,1.5844148796138506,finite
variance_coverage,3299,20,1.573583152574843,finite
variance_coverage,3376,20,1.5631304181293102,finite
variance_coverage,3455,20,1.5529113429422168,finite
variance_coverage,3535,20,1.5430460905830599,finite
variance_coverage,3618,20,1.5332872278917415,finite
variance_coverage,3703,20,1.5237593418035662,finite
variance_coverage,3789,20,1.51456451975249,finite
variance_coverage,3878,20,1.5054862897697507,finite
variance_coverage,3968,20,1.4967259404585644,finite
variance_coverage,4061,20,1.4880853368748201,finite
variance_coverage,4156,20,1.4796601827065412,finite
variance_coverage,4253,20,1.4714462893581315,finite
variance_coverage,4353,20,1.4633602440155178,finite
variance_coverage,4454,20,1.4555590943669081,finite
variance_coverage,4558,20,1.4478833196715064,finite
variance_coverage,4665,20,1.440337777677921,finite
variance_coverage,4774,20,1.4329922435187314,finite
variance_coverage,4886,20,1.425778036351054,finite
variance_coverage,5000,20,1.4187580139797515,finite
variance_coverage,5117,20,1.411868616526647,finite
variance_coverage,5236,20,1.4051665726003395,finite
variance_coverage,5359,20,1.3985403874592308,finite
variance_coverage,5484,20,1.3920985837813196,finite
variance_coverage,5612,20,1.3857864635833552,finite
variance_coverage,5743,20,1.3796039747395774,finite
variance_coverage,5878,20,1.373506493183185,finite
variance_coverage,6015,20,1.3675835162255745,finite
variance_coverage,6155,20,1.3617878253181683,finite
variance_coverage,6299,20,1.3560793148378831,finite
variance_coverage,6447,20,1.350461373171852,finite
variance_coverage,6597,20,1.3450079158084942,finite
variance_coverage,6751,20,1.3396439763569383,finite
variance_coverage,6909,20,1.3343716203984517,finite
variance_coverage,7071,20,1.3291924321738278,finite
variance_coverage,7236,20,1.3241375494770542,finite
variance_coverage,7405,20,1.3191752451550354,finite
variance_coverage,7578,20,1.3143060916348897,finite
variance_coverage,7755,20,1.3095303405556602,finite
variance_coverage,7937,20,1.3048226286260751,finite
variance_coverage,8122,20,1.3002343650993191,finite
variance_coverage,8312,20,1.2957153306712674,finite
variance_coverage,8506,20,1.2912900124048106,finite
variance_coverage,8705,20,1.2869359740377013,finite
variance_coverage,8909,20,1.2826546799003145,finite
variance_coverage,9117,20,1.2784669640690163,finite
variance_coverage,9330,20,1.2743523061690956,finite
variance_coverage,9548,20,1.2703113229185143,finite
variance_coverage,9771,20,1.266344370850091,finite
variance_coverage,10000,20,1.2624348473187184,finite
