study,family,parameter,n,is_null,method,rejections,sets,fraction,cp95_lower,cp95_upper,conservative_rejections,added
three_time,AA,2/5,256,True,reflection_t,4,100,0.04,0.011004493986188198,0.09925715671265992,1,3
three_time,AA,2/5,1024,True,reflection_t,5,100,0.05,0.016431879182052155,0.11283491110546275,1,4
three_time,AB,1/10,64,False,reflection_t,0,100,0.0,0,0.03621669264517641,0,0
three_time,AB,1/10,256,False,reflection_t,1,100,0.01,0.00025314603297742064,0.054459385392080645,0,1
three_time,AB,1/10,1024,False,reflection_t,11,100,0.11,0.05620702028548744,0.18830113219644257,2,9
three_time,AB,1/10,4096,False,reflection_t,80,100,0.8,0.7081573109113719,0.8733444478980441,60,20
three_time,AB,1/5,64,False,reflection_t,0,100,0.0,0,0.03621669264517641,0,0
three_time,AB,1/5,256,False,reflection_t,15,100,0.15,0.08645438564164858,0.23530750014895488,4,11
three_time,AB,1/5,1024,False,reflection_t,80,100,0.8,0.7081573109113719,0.8733444478980441,60,20
three_time,AB,1/5,4096,False,reflection_t,100,100,1.0,0.9637833073548235,1,100,0
three_time,AB,2/5,64,False,reflection_t,16,100,0.16,0.09431028997394622,0.24678759741086234,5,11
three_time,AB,2/5,256,False,reflection_t,82,100,0.82,0.7305229140331881,0.8896887708467395,65,17
three_time,AB,2/5,1024,False,reflection_t,100,100,1.0,0.9637833073548235,1,100,0
three_time,AB,2/5,4096,False,reflection_t,100,100,1.0,0.9637833073548235,1,100,0
three_time,BB,2/5,256,True,reflection_t,9,100,0.09,0.041983595628392247,0.1639822550296352,1,8
three_time,BB,2/5,1024,True,reflection_t,1,100,0.01,0.00025314603297742064,0.054459385392080645,1,0
two_time,colored_null,2/5,128,True,learned_t,0,100,0.0,0,0.03621669264517641,0,0
two_time,colored_null,2/5,128,True,oracle_t,0,100,0.0,0,0.03621669264517641,0,0
two_time,colored_null,2/5,512,True,learned_t,0,100,0.0,0,0.03621669264517641,0,0
two_time,colored_null,2/5,512,True,oracle_t,0,100,0.0,0,0.03621669264517641,0,0
two_time,negative_parity,1/2,128,True,learned_t,1,100,0.01,0.00025314603297742064,0.054459385392080645,1,0
two_time,negative_parity,1/2,128,True,oracle_t,0,100,0.0,0,0.03621669264517641,0,0
two_time,negative_parity,1/2,512,True,learned_t,3,100,0.03,0.006229971538306393,0.08517605297428002,0,3
two_time,negative_parity,1/2,512,True,oracle_t,0,100,0.0,0,0.03621669264517641,0,0
two_time,negative_parity,3/5,128,False,learned_t,94,100,0.94,0.8739700654191771,0.9776651139286836,79,15
two_time,negative_parity,3/5,128,False,oracle_t,0,100,0.0,0,0.03621669264517641,0,0
two_time,negative_parity,3/5,512,False,learned_t,100,100,1.0,0.9637833073548235,1,100,0
two_time,negative_parity,3/5,512,False,oracle_t,0,100,0.0,0,0.03621669264517641,0,0
two_time,positive_parity,0,64,True,learned_t,0,100,0.0,0,0.03621669264517641,0,0
two_time,positive_parity,0,64,True,oracle_t,0,100,0.0,0,0.03621669264517641,0,0
two_time,positive_parity,0,128,True,learned_t,0,100,0.0,0,0.03621669264517641,0,0
two_time,positive_parity,0,128,True,oracle_t,0,100,0.0,0,0.03621669264517641,0,0
two_time,positive_parity,0,256,True,learned_t,0,100,0.0,0,0.03621669264517641,0,0
two_time,positive_parity,0,256,True,oracle_t,0,100,0.0,0,0.03621669264517641,0,0
two_time,positive_parity,0,512,True,learned_t,0,100,0.0,0,0.03621669264517641,0,0
two_time,positive_parity,0,512,True,oracle_t,0,100,0.0,0,0.03621669264517641,0,0
two_time,positive_parity,0,1024,True,learned_t,0,100,0.0,0,0.03621669264517641,0,0
two_time,positive_parity,0,1024,True,oracle_t,0,100,0.0,0,0.03621669264517641,0,0
two_time,positive_parity,0,4096,True,learned_t,0,100,0.0,0,0.03621669264517641,0,0
two_time,positive_parity,0,4096,True,oracle_t,0,100,0.0,0,0.03621669264517641,0,0
two_time,positive_parity,0,8192,True,learned_t,0,100,0.0,0,0.03621669264517641,0,0
two_time,positive_parity,0,8192,True,oracle_t,0,100,0.0,0,0.03621669264517641,0,0
two_time,positive_parity,1/2,64,True,learned_t,5,100,0.05,0.016431879182052155,0.11283491110546275,0,5
two_time,positive_parity,1/2,64,True,oracle_t,1,100,0.01,0.00025314603297742064,0.054459385392080645,0,1
two_time,positive_parity,1/2,128,True,learned_t,5,100,0.05,0.016431879182052155,0.11283491110546275,3,2
two_time,positive_parity,1/2,128,True,oracle_t,5,100,0.05,0.016431879182052155,0.11283491110546275,3,2
two_time,positive_parity,1/2,256,True,learned_t,5,100,0.05,0.016431879182052155,0.11283491110546275,2,3
two_time,positive_parity,1/2,256,True,oracle_t,6,100,0.06,0.02233488607131637,0.12602993458082296,2,4
two_time,positive_parity,1/2,512,True,learned_t,4,100,0.04,0.011004493986188198,0.09925715671265992,1,3
two_time,positive_parity,1/2,512,True,oracle_t,5,100,0.05,0.016431879182052155,0.11283491110546275,4,1
two_time,positive_parity,1/2,1024,True,learned_t,3,100,0.03,0.006229971538306393,0.08517605297428002,1,2
two_time,positive_parity,1/2,1024,True,oracle_t,11,100,0.11,0.05620702028548744,0.18830113219644257,3,8
two_time,positive_parity,1/2,4096,True,learned_t,2,100,0.02,0.002431336823942542,0.07038393247107011,0,2
two_time,positive_parity,1/2,4096,True,oracle_t,4,100,0.04,0.011004493986188198,0.09925715671265992,0,4
two_time,positive_parity,1/2,8192,True,learned_t,7,100,0.07,0.028605288907438704,0.13891972845585732,2,5
two_time,positive_parity,1/2,8192,True,oracle_t,8,100,0.08,0.03517156251816281,0.15155763586442095,5,3
two_time,positive_parity,11/20,64,False,learned_t,16,100,0.16,0.09431028997394622,0.24678759741086234,7,9
two_time,positive_parity,11/20,64,False,oracle_t,36,100,0.36,0.26640842273323445,0.46212189332742326,18,18
two_time,positive_parity,11/20,128,False,learned_t,34,100,0.34,0.24822350154484427,0.44153326775095875,16,18
two_time,positive_parity,11/20,128,False,oracle_t,61,100,0.61,0.5073144796323636,0.7059895851465829,43,18
two_time,positive_parity,11/20,256,False,learned_t,51,100,0.51,0.40803632915545374,0.6113558348383623,29,22
two_time,positive_parity,11/20,256,False,oracle_t,80,100,0.8,0.7081573109113719,0.8733444478980441,61,19
two_time,positive_parity,11/20,512,False,learned_t,70,100,0.7,0.6001853238201958,0.7875935795104634,57,13
two_time,positive_parity,11/20,512,False,oracle_t,100,100,1.0,0.9637833073548235,1,91,9
two_time,positive_parity,11/20,1024,False,learned_t,98,100,0.98,0.9296160675289299,0.9975686631760574,90,8
two_time,positive_parity,11/20,1024,False,oracle_t,100,100,1.0,0.9637833073548235,1,100,0
two_time,positive_parity,11/20,4096,False,learned_t,100,100,1.0,0.9637833073548235,1,100,0
two_time,positive_parity,11/20,4096,False,oracle_t,100,100,1.0,0.9637833073548235,1,100,0
two_time,positive_parity,11/20,8192,False,learned_t,100,100,1.0,0.9637833073548235,1,100,0
two_time,positive_parity,11/20,8192,False,oracle_t,100,100,1.0,0.9637833073548235,1,100,0
two_time,positive_parity,17/25,64,False,learned_t,100,100,1.0,0.9637833073548235,1,100,0
two_time,positive_parity,17/25,64,False,oracle_t,100,100,1.0,0.9637833073548235,1,100,0
two_time,positive_parity,17/25,128,False,learned_t,100,100,1.0,0.9637833073548235,1,100,0
two_time,positive_parity,17/25,128,False,oracle_t,100,100,1.0,0.9637833073548235,1,100,0
two_time,positive_parity,17/25,256,False,learned_t,100,100,1.0,0.9637833073548235,1,100,0
two_time,positive_parity,17/25,256,False,oracle_t,100,100,1.0,0.9637833073548235,1,100,0
two_time,positive_parity,17/25,512,False,learned_t,100,100,1.0,0.9637833073548235,1,100,0
two_time,positive_parity,17/25,512,False,oracle_t,100,100,1.0,0.9637833073548235,1,100,0
two_time,positive_parity,17/25,1024,False,learned_t,100,100,1.0,0.9637833073548235,1,100,0
two_time,positive_parity,17/25,1024,False,oracle_t,100,100,1.0,0.9637833073548235,1,100,0
two_time,positive_parity,17/25,4096,False,learned_t,100,100,1.0,0.9637833073548235,1,100,0
two_time,positive_parity,17/25,4096,False,oracle_t,100,100,1.0,0.9637833073548235,1,100,0
two_time,positive_parity,17/25,8192,False,learned_t,100,100,1.0,0.9637833073548235,1,100,0
two_time,positive_parity,17/25,8192,False,oracle_t,100,100,1.0,0.9637833073548235,1,100,0
two_time,positive_parity,2/5,64,True,learned_t,1,100,0.01,0.00025314603297742064,0.054459385392080645,1,0
two_time,positive_parity,2/5,64,True,oracle_t,1,100,0.01,0.00025314603297742064,0.054459385392080645,0,1
two_time,positive_parity,2/5,128,True,learned_t,1,100,0.01,0.00025314603297742064,0.054459385392080645,0,1
two_time,positive_parity,2/5,128,True,oracle_t,0,100,0.0,0,0.03621669264517641,0,0
two_time,positive_parity,2/5,256,True,learned_t,0,100,0.0,0,0.03621669264517641,0,0
two_time,positive_parity,2/5,256,True,oracle_t,0,100,0.0,0,0.03621669264517641,0,0
two_time,positive_parity,2/5,512,True,learned_t,0,100,0.0,0,0.03621669264517641,0,0
two_time,positive_parity,2/5,512,True,oracle_t,0,100,0.0,0,0.03621669264517641,0,0
two_time,positive_parity,2/5,1024,True,learned_t,0,100,0.0,0,0.03621669264517641,0,0
two_time,positive_parity,2/5,1024,True,oracle_t,0,100,0.0,0,0.03621669264517641,0,0
two_time,positive_parity,2/5,4096,True,learned_t,0,100,0.0,0,0.03621669264517641,0,0
two_time,positive_parity,2/5,4096,True,oracle_t,0,100,0.0,0,0.03621669264517641,0,0
two_time,positive_parity,2/5,8192,True,learned_t,0,100,0.0,0,0.03621669264517641,0,0
two_time,positive_parity,2/5,8192,True,oracle_t,0,100,0.0,0,0.03621669264517641,0,0
two_time,positive_parity,3/5,64,False,learned_t,66,100,0.66,0.5584667322490411,0.7517764984551557,44,22
two_time,positive_parity,3/5,64,False,oracle_t,93,100,0.93,0.8610802715441427,0.9713947110925613,84,9
two_time,positive_parity,3/5,128,False,learned_t,89,100,0.89,0.8116988678035574,0.9437929797145126,78,11
two_time,positive_parity,3/5,128,False,oracle_t,99,100,0.99,0.9455406146079194,0.9997468539670226,98,1
two_time,positive_parity,3/5,256,False,learned_t,100,100,1.0,0.9637833073548235,1,99,1
two_time,positive_parity,3/5,256,False,oracle_t,100,100,1.0,0.9637833073548235,1,100,0
two_time,positive_parity,3/5,512,False,learned_t,100,100,1.0,0.9637833073548235,1,100,0
two_time,positive_parity,3/5,512,False,oracle_t,100,100,1.0,0.9637833073548235,1,100,0
two_time,positive_parity,3/5,1024,False,learned_t,100,100,1.0,0.9637833073548235,1,100,0
two_time,positive_parity,3/5,1024,False,oracle_t,100,100,1.0,0.9637833073548235,1,100,0
two_time,positive_parity,3/5,4096,False,learned_t,100,100,1.0,0.9637833073548235,1,100,0
two_time,positive_parity,3/5,4096,False,oracle_t,100,100,1.0,0.9637833073548235,1,100,0
two_time,positive_parity,3/5,8192,False,learned_t,100,100,1.0,0.9637833073548235,1,100,0
two_time,positive_parity,3/5,8192,False,oracle_t,100,100,1.0,0.9637833073548235,1,100,0
two_time,scaled_channel,1/2,128,True,learned_t,7,100,0.07,0.028605288907438704,0.13891972845585732,1,6
two_time,scaled_channel,1/2,128,True,oracle_t,0,100,0.0,0,0.03621669264517641,0,0
two_time,scaled_channel,1/2,512,True,learned_t,3,100,0.03,0.006229971538306393,0.08517605297428002,2,1
two_time,scaled_channel,1/2,512,True,oracle_t,0,100,0.0,0,0.03621669264517641,0,0
two_time,scaled_channel,3/5,128,False,learned_t,85,100,0.85,0.7646924998510451,0.9135456143583514,75,10
two_time,scaled_channel,3/5,128,False,oracle_t,0,100,0.0,0,0.03621669264517641,0,0
two_time,scaled_channel,3/5,512,False,learned_t,100,100,1.0,0.9637833073548235,1,100,0
two_time,scaled_channel,3/5,512,False,oracle_t,0,100,0.0,0,0.03621669264517641,0,0
