procedure,signal,tolerance_fraction,tolerance,alpha,beta,eta,beta_scale,known_ceiling_n,estimated_ceiling_n,inflation,previous_margin,passing_margin,record_units,quantile_roundtrip_error,status
positivity,0.1,0.0,0.0,0.05,0.05,0.01,0.01,6907,8174,1.0839313268054165,-3.3923160522933427e-06,3.112258325214945e-06,one_condition,3.382710778154774e-17,sufficient_bound
positivity,0.1,0.25,0.025,0.05,0.05,0.01,0.01,12017,14468,1.0624471023533253,-5.476265254461543e-07,2.1657828180345062e-06,one_condition,7.19910242530375e-17,sufficient_bound
positivity,0.1,0.5,0.05,0.05,0.05,0.01,0.01,26454,32424,1.041291428185299,-5.341928099519833e-07,2.6060988895723614e-07,one_condition,1.1102230246251565e-16,sufficient_bound
positivity,0.1,1.0,0.1,0.05,0.05,0.01,0.01,,,,,,one_condition,,no_positive_gap
positivity,0.2,0.0,0.0,0.05,0.05,0.01,0.01,1712,2222,1.1672345009019587,-3.9071687896158336e-05,1.1576414710237626e-05,one_condition,4.336808689942018e-18,sufficient_bound
positivity,0.2,0.25,0.05,0.05,0.05,0.01,0.01,2917,3918,1.1234764723092083,-4.3561042959577856e-07,2.045688468876178e-05,one_condition,1.1102230246251565e-16,sufficient_bound
positivity,0.2,0.5,0.1,0.05,0.05,0.01,0.01,6285,8756,1.0809813247680147,-2.472438857599457e-06,3.5767444459058884e-06,one_condition,8.066464163292153e-17,sufficient_bound
positivity,0.2,1.0,0.2,0.05,0.05,0.01,0.01,,,,,,one_condition,,no_positive_gap
positivity,0.25,0.0,0.0,0.05,0.05,0.01,0.01,1092,1482,1.208521170396761,-8.872352338984424e-05,8.76314029994718e-06,one_condition,9.540979117872439e-18,sufficient_bound
positivity,0.25,0.25,0.0625,0.05,0.05,0.01,0.01,1842,2608,1.153412262060622,-3.911805966202997e-05,8.913558260104093e-07,one_condition,1.1275702593849246e-17,sufficient_bound
positivity,0.25,0.5,0.125,0.05,0.05,0.01,0.01,3928,5825,1.1001837174847588,-5.265906474184734e-06,6.24373501004194e-06,one_condition,1.1102230246251565e-16,sufficient_bound
positivity,0.25,1.0,0.25,0.05,0.05,0.01,0.01,,,,,,one_condition,,no_positive_gap
positivity,0.4,0.0,0.0,0.05,0.05,0.01,0.01,425,655,1.3299869295517885,-3.903835941924949e-05,0.00034028426309833104,one_condition,2.2551405187698492e-17,sufficient_bound
positivity,0.4,0.25,0.1,0.05,0.05,0.01,0.01,696,1147,1.2402773901152535,-1.0823501711956784e-05,0.00014252504589701287,one_condition,1.1102230246251565e-16,sufficient_bound
positivity,0.4,0.5,0.2,0.05,0.05,0.01,0.01,1440,2559,1.154983342273618,-4.514769202469682e-06,3.882143272634919e-05,one_condition,2.42861286636753e-17,sufficient_bound
positivity,0.4,1.0,0.4,0.05,0.05,0.01,0.01,,,,,,one_condition,,no_positive_gap
reflection_AB,0.1,0.0,0.0,0.05,0.05,0.01,0.01,27017,30367,1.044640221675534,-1.5120266369933466e-06,1.9609259992170447e-07,per_condition_two_conditions,1.1102230246251565e-16,sufficient_bound
reflection_AB,0.1,0.25,0.025,0.05,0.05,0.01,0.01,47841,54180,1.0332380984161158,-5.277392615549159e-07,1.8365573731596307e-07,per_condition_two_conditions,5.377642775528102e-17,sufficient_bound
reflection_AB,0.1,0.5,0.05,0.05,0.05,0.01,0.01,107217,122350,1.021998679319772,-1.634428643711161e-07,4.464795718903125e-08,per_condition_two_conditions,1.491862189340054e-16,sufficient_bound
reflection_AB,0.1,1.0,0.1,0.05,0.05,0.01,0.01,,,,,,per_condition_two_conditions,,no_positive_gap
reflection_AB,0.2,0.0,0.0,0.05,0.05,0.01,0.01,6876,8156,1.087905184913237,-1.111981669887907e-05,2.031438687474796e-06,per_condition_two_conditions,3.2959746043559335e-17,sufficient_bound
reflection_AB,0.2,0.25,0.05,0.05,0.05,0.01,0.01,12132,14609,1.064983104852244,-4.067825242565215e-06,1.3410008550540642e-06,per_condition_two_conditions,7.45931094670027e-17,sufficient_bound
reflection_AB,0.2,0.5,0.1,0.05,0.05,0.01,0.01,27094,33125,1.042701935484797,-1.4329213440349153e-06,1.2954365630896136e-07,per_condition_two_conditions,1.1102230246251565e-16,sufficient_bound
reflection_AB,0.2,1.0,0.2,0.05,0.05,0.01,0.01,,,,,,per_condition_two_conditions,,no_positive_gap
reflection_AB,0.25,0.0,0.0,0.05,0.05,0.01,0.01,4441,5404,1.1090466471839004,-1.8032697786232732e-05,7.16700495408118e-06,per_condition_two_conditions,5.551115123125783e-17,sufficient_bound
reflection_AB,0.25,0.25,0.0625,0.05,0.05,0.01,0.01,7824,9700,1.0803229840747934,-2.274263089151185e-06,8.025500225598836e-06,per_condition_two_conditions,6.071532165918825e-18,sufficient_bound
reflection_AB,0.25,0.5,0.125,0.05,0.05,0.01,0.01,17444,22041,1.0525962756557168,-2.241994908849798e-06,7.153474387636138e-07,per_condition_two_conditions,8.760353553682876e-17,sufficient_bound
reflection_AB,0.25,1.0,0.25,0.05,0.05,0.01,0.01,,,,,,per_condition_two_conditions,,no_positive_gap
reflection_AB,0.4,0.0,0.0,0.05,0.05,0.01,0.01,1785,2332,1.1706288317391205,-9.060037658761844e-05,6.921749643298836e-06,per_condition_two_conditions,1.734723475976807e-18,sufficient_bound
reflection_AB,0.4,0.25,0.1,0.05,0.05,0.01,0.01,3132,4214,1.1243474694544626,-8.060926763961418e-06,3.107339419976263e-05,per_condition_two_conditions,2.168404344971009e-17,sufficient_bound
reflection_AB,0.4,0.5,0.2,0.05,0.05,0.01,0.01,6953,9642,1.080573596941456,-5.175121500632096e-06,5.862115016991298e-06,per_condition_two_conditions,2.3418766925686896e-17,sufficient_bound
reflection_AB,0.4,1.0,0.4,0.05,0.05,0.01,0.01,,,,,,per_condition_two_conditions,,no_positive_gap
