calibration_case,length,filter_a,calibration_noise,impulse_blocks,spectral_ratio,rho,phase_upper,first_sufficient_grid_length,known_phase_first_grid_length
0,2,0.05,0.02,16,1,4,0.19141499655566507,,32768
0,2,0.05,0.02,16,2,8,0.19141499655566507,,131072
0,2,0.05,0.02,16,4,16,0.19141499655566507,,524288
1,2,0.05,0.02,64,1,4,0.10620786979000625,131072,32768
1,2,0.05,0.02,64,2,8,0.10620786979000625,524288,131072
1,2,0.05,0.02,64,4,16,0.10620786979000625,,524288
2,2,0.05,0.02,256,1,4,0.07550167587128581,32768,32768
2,2,0.05,0.02,256,2,8,0.07550167587128581,131072,131072
2,2,0.05,0.02,256,4,16,0.07550167587128581,524288,524288
3,2,0.05,0.02,1024,1,4,0.062183253807271945,32768,32768
3,2,0.05,0.02,1024,2,8,0.062183253807271945,131072,131072
3,2,0.05,0.02,1024,4,16,0.062183253807271945,524288,524288
4,2,0.05,0.02,4096,1,4,0.05595830235251294,32768,32768
4,2,0.05,0.02,4096,2,8,0.05595830235251294,131072,131072
4,2,0.05,0.02,4096,4,16,0.05595830235251294,524288,524288
5,2,0.05,0.1,16,1,4,0.8718640816929462,,32768
5,2,0.05,0.1,16,2,8,0.8718640816929462,,131072
5,2,0.05,0.1,16,4,16,0.8718640816929462,,524288
6,2,0.05,0.1,64,1,4,0.3475579730443493,,32768
6,2,0.05,0.1,64,2,8,0.3475579730443493,,131072
6,2,0.05,0.1,64,4,16,0.3475579730443493,,524288
7,2,0.05,0.1,256,1,4,0.18080289225648388,,32768
7,2,0.05,0.1,256,2,8,0.18080289225648388,,131072
7,2,0.05,0.1,256,4,16,0.18080289225648388,,524288
8,2,0.05,0.1,1024,1,4,0.11165819269953066,131072,32768
8,2,0.05,0.1,1024,2,8,0.11165819269953066,524288,131072
8,2,0.05,0.1,1024,4,16,0.11165819269953066,,524288
9,2,0.05,0.1,4096,1,4,0.0799678650176915,32768,32768
9,2,0.05,0.1,4096,2,8,0.0799678650176915,131072,131072
9,2,0.05,0.1,4096,4,16,0.0799678650176915,524288,524288
10,2,0.05,0.5,16,1,4,1.0,,32768
10,2,0.05,0.5,16,2,8,1.0,,131072
10,2,0.05,0.5,16,4,16,1.0,,524288
11,2,0.05,0.5,64,1,4,1.0,,32768
11,2,0.05,0.5,64,2,8,1.0,,131072
11,2,0.05,0.5,64,4,16,1.0,,524288
12,2,0.05,0.5,256,1,4,0.8010398787376038,,32768
12,2,0.05,0.5,256,2,8,0.8010398787376038,,131072
12,2,0.05,0.5,256,4,16,0.8010398787376038,,524288
13,2,0.05,0.5,1024,1,4,0.37828237757262584,,32768
13,2,0.05,0.5,1024,2,8,0.37828237757262584,,131072
13,2,0.05,0.5,1024,4,16,0.37828237757262584,,524288
14,2,0.05,0.5,4096,1,4,0.2044095232469002,,32768
14,2,0.05,0.5,4096,2,8,0.2044095232469002,,131072
14,2,0.05,0.5,4096,4,16,0.2044095232469002,,524288
15,2,0.15,0.02,16,1,4,0.29568089908140094,,524288
15,2,0.15,0.02,16,2,8,0.29568089908140094,,
15,2,0.15,0.02,16,4,16,0.29568089908140094,,
16,2,0.15,0.02,64,1,4,0.20789710152192478,,524288
16,2,0.15,0.02,64,2,8,0.20789710152192478,,
16,2,0.15,0.02,64,4,16,0.20789710152192478,,
17,2,0.15,0.02,256,1,4,0.17626705129301756,,524288
17,2,0.15,0.02,256,2,8,0.17626705129301756,,
17,2,0.15,0.02,256,4,16,0.17626705129301756,,
18,2,0.15,0.02,1024,1,4,0.16254869252638457,524288,524288
18,2,0.15,0.02,1024,2,8,0.16254869252638457,,
18,2,0.15,0.02,1024,4,16,0.16254869252638457,,
19,2,0.15,0.02,4096,1,4,0.15613697365322154,524288,524288
19,2,0.15,0.02,4096,2,8,0.15613697365322154,,
19,2,0.15,0.02,4096,4,16,0.15613697365322154,,
20,2,0.15,0.1,16,1,4,0.9973965357510517,,524288
20,2,0.15,0.1,16,2,8,0.9973965357510517,,
20,2,0.15,0.1,16,4,16,0.9973965357510517,,
21,2,0.15,0.1,64,1,4,0.4565954700970737,,524288
21,2,0.15,0.1,64,2,8,0.4565954700970737,,
21,2,0.15,0.1,64,4,16,0.4565954700970737,,
22,2,0.15,0.1,256,1,4,0.28474683785764315,,524288
22,2,0.15,0.1,256,2,8,0.28474683785764315,,
22,2,0.15,0.1,256,4,16,0.28474683785764315,,
23,2,0.15,0.1,1024,1,4,0.21351166838538477,,524288
23,2,0.15,0.1,1024,2,8,0.21351166838538477,,
23,2,0.15,0.1,1024,4,16,0.21351166838538477,,
24,2,0.15,0.1,4096,1,4,0.18086745977560992,,524288
24,2,0.15,0.1,4096,2,8,0.18086745977560992,,
24,2,0.15,0.1,4096,4,16,0.18086745977560992,,
25,2,0.15,0.5,16,1,4,1.0,,524288
25,2,0.15,0.5,16,2,8,1.0,,
25,2,0.15,0.5,16,4,16,1.0,,
26,2,0.15,0.5,64,1,4,1.0,,524288
26,2,0.15,0.5,64,2,8,1.0,,
26,2,0.15,0.5,64,4,16,1.0,,
27,2,0.15,0.5,256,1,4,0.9243015462736366,,524288
27,2,0.15,0.5,256,2,8,0.9243015462736366,,
27,2,0.15,0.5,256,4,16,0.9243015462736366,,
28,2,0.15,0.5,1024,1,4,0.4882663813609298,,524288
28,2,0.15,0.5,1024,2,8,0.4882663813609298,,
28,2,0.15,0.5,1024,4,16,0.4882663813609298,,
29,2,0.15,0.5,4096,1,4,0.3090700676165384,,524288
29,2,0.15,0.5,4096,2,8,0.3090700676165384,,
29,2,0.15,0.5,4096,4,16,0.3090700676165384,,
30,5,0.05,0.02,16,1,10,0.3000105303252628,,131072
30,5,0.05,0.02,16,2,20,0.3000105303252628,,524288
30,5,0.05,0.02,16,4,40,0.3000105303252628,,
31,5,0.05,0.02,64,1,10,0.15612281292796407,,131072
31,5,0.05,0.02,64,2,20,0.15612281292796407,,524288
31,5,0.05,0.02,64,4,40,0.15612281292796407,,
32,5,0.05,0.02,256,1,10,0.09945877250978857,524288,131072
32,5,0.05,0.02,256,2,20,0.09945877250978857,,524288
32,5,0.05,0.02,256,4,40,0.09945877250978857,,
33,5,0.05,0.02,1024,1,10,0.07392689356338362,131072,131072
33,5,0.05,0.02,1024,2,20,0.07392689356338362,524288,524288
33,5,0.05,0.02,1024,4,40,0.07392689356338362,,
34,5,0.05,0.02,4096,1,10,0.061773297634490236,131072,131072
34,5,0.05,0.02,4096,2,20,0.061773297634490236,524288,524288
34,5,0.05,0.02,4096,4,40,0.061773297634490236,,
35,5,0.05,0.1,16,1,10,1.0,,131072
35,5,0.05,0.1,16,2,20,1.0,,524288
35,5,0.05,0.1,16,4,40,1.0,,
36,5,0.05,0.1,64,1,10,0.6427408334406683,,131072
36,5,0.05,0.1,64,2,20,0.6427408334406683,,524288
36,5,0.05,0.1,64,4,40,0.6427408334406683,,
37,5,0.05,0.1,256,1,10,0.30999410417735385,,131072
37,5,0.05,0.1,256,2,20,0.30999410417735385,,524288
37,5,0.05,0.1,256,4,40,0.30999410417735385,,
38,5,0.05,0.1,1024,1,10,0.17253003754565965,,131072
38,5,0.05,0.1,1024,2,20,0.17253003754565965,,524288
38,5,0.05,0.1,1024,4,40,0.17253003754565965,,
39,5,0.05,0.1,4096,1,10,0.10955903785890997,524288,131072
39,5,0.05,0.1,4096,2,20,0.10955903785890997,,524288
39,5,0.05,0.1,4096,4,40,0.10955903785890997,,
40,5,0.05,0.5,16,1,10,1.0,,131072
40,5,0.05,0.5,16,2,20,1.0,,524288
40,5,0.05,0.5,16,4,40,1.0,,
41,5,0.05,0.5,64,1,10,1.0,,131072
41,5,0.05,0.5,64,2,20,1.0,,524288
41,5,0.05,0.5,64,4,40,1.0,,
42,5,0.05,0.5,256,1,10,1.0,,131072
42,5,0.05,0.5,256,2,20,1.0,,524288
42,5,0.05,0.5,256,4,40,1.0,,
43,5,0.05,0.5,1024,1,10,0.746999203817927,,131072
43,5,0.05,0.5,1024,2,20,0.746999203817927,,524288
43,5,0.05,0.5,1024,4,40,0.746999203817927,,
44,5,0.05,0.5,4096,1,10,0.3664074682181155,,131072
44,5,0.05,0.5,4096,2,20,0.3664074682181155,,524288
44,5,0.05,0.5,4096,4,40,0.3664074682181155,,
45,5,0.15,0.02,16,1,10,0.4075881891791524,,
45,5,0.15,0.02,16,2,20,0.4075881891791524,,
45,5,0.15,0.02,16,4,40,0.4075881891791524,,
46,5,0.15,0.02,64,1,10,0.25931914928610283,,
46,5,0.15,0.02,64,2,20,0.25931914928610283,,
46,5,0.15,0.02,64,4,40,0.25931914928610283,,
47,5,0.15,0.02,256,1,10,0.2009447308302081,,
47,5,0.15,0.02,256,2,20,0.2009447308302081,,
47,5,0.15,0.02,256,4,40,0.2009447308302081,,
48,5,0.15,0.02,1024,1,10,0.1746449556880852,,
48,5,0.15,0.02,1024,2,20,0.1746449556880852,,
48,5,0.15,0.02,1024,4,40,0.1746449556880852,,
49,5,0.15,0.02,4096,1,10,0.16212643327804155,,
49,5,0.15,0.02,4096,2,20,0.16212643327804155,,
49,5,0.15,0.02,4096,4,40,0.16212643327804155,,
50,5,0.15,0.1,16,1,10,1.0,,
50,5,0.15,0.1,16,2,20,1.0,,
50,5,0.15,0.1,16,4,40,1.0,,
51,5,0.15,0.1,64,1,10,0.760975237801505,,
51,5,0.15,0.1,64,2,20,0.760975237801505,,
51,5,0.15,0.1,64,4,40,0.760975237801505,,
52,5,0.15,0.1,256,1,10,0.4178777902202774,,
52,5,0.15,0.1,256,2,20,0.4178777902202774,,
52,5,0.15,0.1,256,4,40,0.4178777902202774,,
53,5,0.15,0.1,1024,1,10,0.2762232023716349,,
53,5,0.15,0.1,1024,2,20,0.2762232023716349,,
53,5,0.15,0.1,1024,4,40,0.2762232023716349,,
54,5,0.15,0.1,4096,1,10,0.21134924681048442,,
54,5,0.15,0.1,4096,2,20,0.21134924681048442,,
54,5,0.15,0.1,4096,4,40,0.21134924681048442,,
55,5,0.15,0.5,16,1,10,1.0,,
55,5,0.15,0.5,16,2,20,1.0,,
55,5,0.15,0.5,16,4,40,1.0,,
56,5,0.15,0.5,64,1,10,1.0,,
56,5,0.15,0.5,64,2,20,1.0,,
56,5,0.15,0.5,64,4,40,1.0,,
57,5,0.15,0.5,256,1,10,1.0,,
57,5,0.15,0.5,256,2,20,1.0,,
57,5,0.15,0.5,256,4,40,1.0,,
58,5,0.15,0.5,1024,1,10,0.8685371670856245,,
58,5,0.15,0.5,1024,2,20,0.8685371670856245,,
58,5,0.15,0.5,1024,4,40,0.8685371670856245,,
59,5,0.15,0.5,4096,1,10,0.47602535313962907,,
59,5,0.15,0.5,4096,2,20,0.47602535313962907,,
59,5,0.15,0.5,4096,4,40,0.47602535313962907,,
60,9,0.05,0.02,16,1,18,0.4361997970834775,,524288
60,9,0.05,0.02,16,2,36,0.4361997970834775,,
60,9,0.05,0.02,16,4,72,0.4361997970834775,,
61,9,0.05,0.02,64,1,18,0.21672411099682298,,524288
61,9,0.05,0.02,64,2,36,0.21672411099682298,,
61,9,0.05,0.02,64,4,72,0.21672411099682298,,
62,9,0.05,0.02,256,1,18,0.12824527000025615,,524288
62,9,0.05,0.02,256,2,36,0.12824527000025615,,
62,9,0.05,0.02,256,4,72,0.12824527000025615,,
63,9,0.05,0.02,1024,1,18,0.08797644359686263,524288,524288
63,9,0.05,0.02,1024,2,36,0.08797644359686263,,
63,9,0.05,0.02,1024,4,72,0.08797644359686263,,
64,9,0.05,0.02,4096,1,18,0.06871602215685803,524288,524288
64,9,0.05,0.02,4096,2,36,0.06871602215685803,,
64,9,0.05,0.02,4096,4,72,0.06871602215685803,,
65,9,0.05,0.1,16,1,18,1.0,,524288
65,9,0.05,0.1,16,2,36,1.0,,
65,9,0.05,0.1,16,4,72,1.0,,
66,9,0.05,0.1,64,1,18,1.0,,524288
66,9,0.05,0.1,64,2,36,1.0,,
66,9,0.05,0.1,64,4,72,1.0,,
67,9,0.05,0.1,256,1,18,0.4739921738795261,,524288
67,9,0.05,0.1,256,2,36,0.4739921738795261,,
67,9,0.05,0.1,256,4,72,0.4739921738795261,,
68,9,0.05,0.1,1024,1,18,0.2472817871210696,,524288
68,9,0.05,0.1,1024,2,36,0.2472817871210696,,
68,9,0.05,0.1,1024,4,72,0.2472817871210696,,
69,9,0.05,0.1,4096,1,18,0.14534251406384735,,524288
69,9,0.05,0.1,4096,2,36,0.14534251406384735,,
69,9,0.05,0.1,4096,4,72,0.14534251406384735,,
70,9,0.05,0.5,16,1,18,1.0,,524288
70,9,0.05,0.5,16,2,36,1.0,,
70,9,0.05,0.5,16,4,72,1.0,,
71,9,0.05,0.5,64,1,18,1.0,,524288
71,9,0.05,0.5,64,2,36,1.0,,
71,9,0.05,0.5,64,4,72,1.0,,
72,9,0.05,0.5,256,1,18,1.0,,524288
72,9,0.05,0.5,256,2,36,1.0,,
72,9,0.05,0.5,256,4,72,1.0,,
73,9,0.05,0.5,1024,1,18,1.0,,524288
73,9,0.05,0.5,1024,2,36,1.0,,
73,9,0.05,0.5,1024,4,72,1.0,,
74,9,0.05,0.5,4096,1,18,0.5762689423107348,,524288
74,9,0.05,0.5,4096,2,36,0.5762689423107348,,
74,9,0.05,0.5,4096,4,72,0.5762689423107348,,
75,9,0.15,0.02,16,1,18,0.5479748215003364,,
75,9,0.15,0.02,16,2,36,0.5479748215003364,,
75,9,0.15,0.02,16,4,72,0.5479748215003364,,
76,9,0.15,0.02,64,1,18,0.3217590595404399,,
76,9,0.15,0.02,64,2,36,0.3217590595404399,,
76,9,0.15,0.02,64,4,72,0.3217590595404399,,
77,9,0.15,0.02,256,1,18,0.23059907543436658,,
77,9,0.15,0.02,256,2,36,0.23059907543436658,,
77,9,0.15,0.02,256,4,72,0.23059907543436658,,
78,9,0.15,0.02,1024,1,18,0.18911684662763895,,
78,9,0.15,0.02,1024,2,36,0.18911684662763895,,
78,9,0.15,0.02,1024,4,72,0.18911684662763895,,
79,9,0.15,0.02,4096,1,18,0.16927757377086824,,
79,9,0.15,0.02,4096,2,36,0.16927757377086824,,
79,9,0.15,0.02,4096,4,72,0.16927757377086824,,
80,9,0.15,0.1,16,1,18,1.0,,
80,9,0.15,0.1,16,2,36,1.0,,
80,9,0.15,0.1,16,4,72,1.0,,
81,9,0.15,0.1,64,1,18,1.0,,
81,9,0.15,0.1,64,2,36,1.0,,
81,9,0.15,0.1,64,4,72,1.0,,
82,9,0.15,0.1,256,1,18,0.5869406682997617,,
82,9,0.15,0.1,256,2,36,0.5869406682997617,,
82,9,0.15,0.1,256,4,72,0.5869406682997617,,
83,9,0.15,0.1,1024,1,18,0.3532475219854251,,
83,9,0.15,0.1,1024,2,36,0.3532475219854251,,
83,9,0.15,0.1,1024,4,72,0.3532475219854251,,
84,9,0.15,0.1,4096,1,18,0.24821279860392062,,
84,9,0.15,0.1,4096,2,36,0.24821279860392062,,
84,9,0.15,0.1,4096,4,72,0.24821279860392062,,
85,9,0.15,0.5,16,1,18,1.0,,
85,9,0.15,0.5,16,2,36,1.0,,
85,9,0.15,0.5,16,4,72,1.0,,
86,9,0.15,0.5,64,1,18,1.0,,
86,9,0.15,0.5,64,2,36,1.0,,
86,9,0.15,0.5,64,4,72,1.0,,
87,9,0.15,0.5,256,1,18,1.0,,
87,9,0.15,0.5,256,2,36,1.0,,
87,9,0.15,0.5,256,4,72,1.0,,
88,9,0.15,0.5,1024,1,18,1.0,,
88,9,0.15,0.5,1024,2,36,1.0,,
88,9,0.15,0.5,1024,4,72,1.0,,
89,9,0.15,0.5,4096,1,18,0.6924121573538053,,
89,9,0.15,0.5,4096,2,36,0.6924121573538053,,
89,9,0.15,0.5,4096,4,72,0.6924121573538053,,
