calibration_case,common_response,delta,length,calibration_noise,impulse_blocks,calibration_observations_per_channel,l1_error_upper,l2_error_upper,phase_upper,exact_phase,separate_channel_phase_upper,separate_channel_disk_failure,failed_planning_product_cells,shape_upper,exact_shape,shape_denominator_fallbacks,signal,population_gap,first_coefficients,second_coefficients
0,identity,0,2,0.02,64,128,0.013679860422350568,0.009673122070329554,0.05873141622086679,0.0,0.05547837815907682,False,0,1.0975287230335766,1.0,0,0.4,0.2825371675582664,"[1.0, 0.0]","[1.0, 0.0]"
1,identity,0,2,0.02,256,512,0.006253355483061689,0.004421790067242999,0.02582227305187392,0.0,0.025170824042787907,False,0,1.043548054815833,1.0,0,0.4,0.34835545389625217,"[1.0, 0.0]","[1.0, 0.0]"
2,identity,0,2,0.02,1024,2048,0.0029972933696061463,0.002119406466853983,0.012172656478188592,0.0,0.012025216580348944,False,0,1.0206607057307193,1.0,0,0.4,0.3756546870436228,"[1.0, 0.0]","[1.0, 0.0]"
3,identity,0,2,0.02,4096,8192,0.0014680962489625597,0.0010381008130759598,0.0059163684235285265,0.0,0.005881018897633933,False,0,1.0100714407917994,1.0,0,0.4,0.388167263152943,"[1.0, 0.0]","[1.0, 0.0]"
4,identity,0,2,0.02,16384,32768,0.0007266161775072564,0.0005137952264352291,0.0029173417792154165,0.0,0.0029085781299517926,False,0,1.0049731961831199,1.0,0,0.4,0.3941653164415692,"[1.0, 0.0]","[1.0, 0.0]"
5,identity,0,2,0.1,64,128,0.06839930211175284,0.04836561035164777,0.41310975870112937,0.0,0.29368506170852127,False,0,1.5839558980188606,1.0,0,0.4,-0.4262195174022587,"[1.0, 0.0]","[1.0, 0.0]"
6,identity,0,2,0.1,256,512,0.03126677741530844,0.022108950336214992,0.1480928341106606,0.0,0.12910376845292904,False,0,1.235868958243238,1.0,0,0.4,0.10381433177867883,"[1.0, 0.0]","[1.0, 0.0]"
7,identity,0,2,0.1,1024,2048,0.014986466848030735,0.010597032334269917,0.06479281718362112,0.0,0.060857912479943974,False,0,1.1072886781530005,1.0,0,0.4,0.2704143656327578,"[1.0, 0.0]","[1.0, 0.0]"
8,identity,0,2,0.1,4096,8192,0.0073404812448128,0.0051905040653798,0.03048197844052217,0.0,0.02957904943688202,False,0,1.0512940021306476,1.0,0,0.4,0.3390360431189557,"[1.0, 0.0]","[1.0, 0.0]"
9,identity,0,2,0.1,16384,32768,0.0036330808875362822,0.0025689761321761456,0.014802440200347395,0.0,0.014585313172671494,False,0,1.025093223166377,1.0,0,0.4,0.3703951195993052,"[1.0, 0.0]","[1.0, 0.0]"
10,identity,0.025,2,0.02,64,128,0.013679860422350568,0.009673122070329554,0.0858998892581458,0.025636811139883618,0.0814843966689613,False,0,1.1522697620988667,1.0512483574244413,0,0.39986857236379253,0.22806879384750092,"[0.9996714309094813, 0.025632600792550805]","[1.0, 0.0]"
11,identity,0.025,2,0.02,256,512,0.006253355483061689,0.004421790067242999,0.05213715008553354,0.025636811139883618,0.05097741706147044,False,0,1.09636974969411,1.0512483574244413,0,0.39986857236379253,0.29559427219272544,"[0.9996714309094813, 0.025632600792550805]","[1.0, 0.0]"
12,identity,0.025,2,0.02,1024,2048,0.0029972933696061463,0.002119406466853983,0.038133697326139415,0.025636811139883618,0.03774533450481225,False,0,1.0726625219382424,1.0512483574244413,0,0.39986857236379253,0.3236011777115137,"[0.9996714309094813, 0.025632600792550805]","[1.0, 0.0]"
13,identity,0.025,2,0.02,4096,8192,0.0014680962489625597,0.0010381008130759598,0.03171526955472985,0.025636811139883618,0.031560723686221766,False,0,1.061692644621372,1.0512483574244413,0,0.39986857236379253,0.33643803325433286,"[0.9996714309094813, 0.025632600792550805]","[1.0, 0.0]"
14,identity,0.025,2,0.02,16384,32768,0.0007266161775072564,0.0005137952264352291,0.028638528394094694,0.025636811139883618,0.028568732974305056,False,0,1.0564108583478795,1.0512483574244413,0,0.39986857236379253,0.34259151557560313,"[0.9996714309094813, 0.025632600792550805]","[1.0, 0.0]"
15,identity,0.025,2,0.1,64,128,0.06839930211175284,0.04836561035164777,0.4495139230958772,0.025636811139883618,0.32126115672439703,False,0,1.6552684979740577,1.0512483574244413,0,0.39986857236379253,-0.4991592738279618,"[0.9996714309094813, 0.025632600792550805]","[1.0, 0.0]"
16,identity,0.025,2,0.1,256,512,0.03126677741530844,0.022108950336214992,0.17758268637608818,0.025636811139883618,0.15559456489208176,False,0,1.295445202791091,1.0512483574244413,0,0.39986857236379253,0.04470319961161617,"[0.9996714309094813, 0.025632600792550805]","[1.0, 0.0]"
17,identity,0.025,2,0.1,1024,2048,0.014986466848030735,0.010597032334269917,0.09211858722763892,0.025636811139883618,0.08689933663377897,False,0,1.1623746749031751,1.0512483574244413,0,0.39986857236379253,0.21563139790851468,"[0.9996714309094813, 0.025632600792550805]","[1.0, 0.0]"
18,identity,0.025,2,0.1,4096,8192,0.0073404812448128,0.0051905040653798,0.056917675905766074,0.025636811139883618,0.0554146440859255,False,0,1.1043923352323257,1.0512483574244413,0,0.39986857236379253,0.2860332205522604,"[0.9996714309094813, 0.025632600792550805]","[1.0, 0.0]"
19,identity,0.025,2,0.1,16384,32768,0.0036330808875362822,0.0025689761321761456,0.04083164291386438,0.025636811139883618,0.04032227092487857,False,0,1.0772541157770692,1.0512483574244413,0,0.39986857236379253,0.3182052865360638,"[0.9996714309094813, 0.025632600792550805]","[1.0, 0.0]"
20,identity,0.05,2,0.02,64,128,0.013679860422350568,0.009673122070329554,0.11447538595311789,0.05259513050299786,0.10887988675808892,False,0,1.2096185463135496,1.1049723756906078,0,0.39944713173300395,0.17049635982676817,"[0.9986178293325098, 0.052558833122763673]","[1.0, 0.0]"
21,identity,0.05,2,0.02,256,512,0.006253355483061689,0.004421790067242999,0.07981262930651557,0.05259513050299786,0.07815158836433928,False,0,1.1517270145170835,1.1049723756906078,0,0.39944713173300395,0.2398218731199728,"[0.9986178293325098, 0.052558833122763673]","[1.0, 0.0]"
22,identity,0.05,2,0.02,1024,2048,0.0029972933696061463,0.002119406466853983,0.06543628853506739,0.05259513050299786,0.06482358872595533,False,0,1.1271690387577418,1.1049723756906078,0,0.39944713173300395,0.26857455466286917,"[0.9986178293325098, 0.052558833122763673]","[1.0, 0.0]"
23,identity,0.05,2,0.02,4096,8192,0.0014680962489625597,0.0010381008130759598,0.05884702487188699,0.05259513050299786,0.05859416283653651,False,0,1.115804210553227,1.1049723756906078,0,0.39944713173300395,0.28175308198923,"[0.9986178293325098, 0.052558833122763673]","[1.0, 0.0]"
24,identity,0.05,2,0.02,16384,32768,0.0007266161775072564,0.0005137952264352291,0.055688408156625215,0.05259513050299786,0.055580495174166765,False,0,1.1103319663534013,1.1049723756906078,0,0.39944713173300395,0.28807031541975353,"[0.9986178293325098, 0.052558833122763673]","[1.0, 0.0]"
25,identity,0.05,2,0.1,64,128,0.06839930211175284,0.04836561035164777,0.48789547371590647,0.05259513050299786,0.35040484638028924,False,0,1.7298074231225333,1.1049723756906078,0,0.39944713173300395,-0.576343815698809,"[0.9986178293325098, 0.052558833122763673]","[1.0, 0.0]"
26,identity,0.05,2,0.1,256,512,0.03126677741530844,0.022108950336214992,0.20860980364410336,0.05259513050299786,0.183528741413189,False,0,1.3578104870289451,1.1049723756906078,0,0.39944713173300395,-0.017772475555202782,"[0.9986178293325098, 0.052558833122763673]","[1.0, 0.0]"
27,identity,0.05,2,0.1,1024,2048,0.014986466848030735,0.010597032334269917,0.12086001324906108,0.05259513050299786,0.11433413654081606,False,0,1.2200813755413462,1.1049723756906078,0,0.39944713173300395,0.1577271052348818,"[0.9986178293325098, 0.052558833122763673]","[1.0, 0.0]"
28,identity,0.05,2,0.1,4096,8192,0.0073404812448128,0.0051905040653798,0.08472050626323457,0.05259513050299786,0.08262099059638485,False,0,1.1600366487395517,1.1049723756906078,0,0.39944713173300395,0.2300061192065348,"[0.9986178293325098, 0.052558833122763673]","[1.0, 0.0]"
29,identity,0.05,2,0.1,16384,32768,0.0036330808875362822,0.0025689761321761456,0.06820605773265706,0.05259513050299786,0.067419201230698,False,0,1.1319257002417396,1.1049723756906078,0,0.39944713173300395,0.2630350162676898,"[0.9986178293325098, 0.052558833122763673]","[1.0, 0.0]"
30,identity,0.1,2,0.02,64,128,0.013679860422350568,0.009673122070329554,0.1761912439107881,0.110768178869954,0.16831325794332447,False,0,1.3317732982750665,1.2195121951219512,0,0.3975534938694476,0.04517100604787139,"[0.9938837346736189, 0.11043152607484655]","[1.0, 0.0]"
31,identity,0.1,2,0.02,256,512,0.006253355483061689,0.004421790067242999,0.13955387138252984,0.110768178869954,0.13706339450480817,False,0,1.2696993670524501,1.2195121951219512,0,0.3975534938694476,0.11844575110438793,"[0.9938837346736189, 0.11043152607484655]","[1.0, 0.0]"
32,identity,0.1,2,0.02,1024,2048,0.0029972933696061463,0.002119406466853983,0.12436079235178034,0.110768178869954,0.12350953625382827,False,0,1.2433546109158917,1.2195121951219512,0,0.3975534938694476,0.14883190916588693,"[0.9938837346736189, 0.11043152607484655]","[1.0, 0.0]"
33,identity,0.1,2,0.02,4096,8192,0.0014680962489625597,0.0010381008130759598,0.11739762007348838,0.110768178869954,0.11717462082651518,False,0,1.2311602634488572,1.2195121951219512,0,0.3975534938694476,0.16275825372247085,"[0.9938837346736189, 0.11043152607484655]","[1.0, 0.0]"
34,identity,0.1,2,0.02,16384,32768,0.0007266161775072564,0.0005137952264352291,0.11405985959421866,0.110768178869954,0.114109936742639,False,0,1.2252879928261946,1.2195121951219512,0,0.3975534938694476,0.16943377468101029,"[0.9938837346736189, 0.11043152607484655]","[1.0, 0.0]"
35,identity,0.1,2,0.1,64,128,0.06839930211175284,0.04836561035164777,0.5714520274637125,0.110768178869954,0.4139784454087451,False,0,1.8880489657075727,1.2195121951219512,0,0.3975534938694476,-0.7453505610579774,"[0.9938837346736189, 0.11043152607484655]","[1.0, 0.0]"
36,identity,0.1,2,0.1,256,512,0.03126677741530844,0.022108950336214992,0.27572871301358626,0.110768178869954,0.24423403048544595,False,0,1.4904987617712118,1.2195121951219512,0,0.3975534938694476,-0.1539039321577249,"[0.9938837346736189, 0.11043152607484655]","[1.0, 0.0]"
37,identity,0.1,2,0.1,1024,2048,0.014986466848030735,0.010597032334269917,0.18294042847297218,0.110768178869954,0.17386020728716986,False,0,1.3429877486174675,1.2195121951219512,0,0.3975534938694476,0.03167263692350325,"[0.9938837346736189, 0.11043152607484655]","[1.0, 0.0]"
38,identity,0.1,2,0.1,4096,8192,0.0073404812448128,0.0051905040653798,0.14474086635082214,0.110768178869954,0.1416085852407589,False,0,1.2786118577487466,1.2195121951219512,0,0.3975534938694476,0.10807176116780332,"[0.9938837346736189, 0.11043152607484655]","[1.0, 0.0]"
39,identity,0.1,2,0.1,16384,32768,0.0036330808875362822,0.0025689761321761456,0.1272878179682045,0.110768178869954,0.12614911722074051,False,0,1.2484579608681898,1.2195121951219512,0,0.3975534938694476,0.14297785793303863,"[0.9938837346736189, 0.11043152607484655]","[1.0, 0.0]"
40,two_tap,0,3,0.02,64,192,0.01786477951318945,0.010314235260953241,0.09080536811363238,0.0,1.0,False,0,1.9781758800523854,1.8000000000000003,0,0.39999999999999997,0.2183892637727352,"[0.8944271909999159, 0.4472135954999579, 0.0]","[0.8944271909999159, 0.4472135954999579, 0.0]"
41,two_tap,0,3,0.02,256,768,0.008302514184386937,0.004793458799306484,0.03948032192922136,0.0,1.0,False,0,1.880965745259952,1.8000000000000003,0,0.39999999999999997,0.32103935614155726,"[0.8944271909999159, 0.4472135954999579, 0.0]","[0.8944271909999159, 0.4472135954999579, 0.0]"
42,two_tap,0,3,0.02,1024,3072,0.004010410929266451,0.0023154118295730026,0.01862337831647093,0.0,1.0,False,0,1.8388130947964274,1.8000000000000003,0,0.39999999999999997,0.3627532433670581,"[0.8944271909999159, 0.4472135954999579, 0.0]","[0.8944271909999159, 0.4472135954999579, 0.0]"
43,two_tap,0,3,0.02,4096,12288,0.0019717544583598002,0.0011383929673098754,0.009132379573982488,0.0,1.0,False,0,1.819103902522148,1.8000000000000003,0,0.39999999999999997,0.381735240852035,"[0.8944271909999159, 0.4472135954999579, 0.0]","[0.8944271909999159, 0.4472135954999579, 0.0]"
44,two_tap,0,3,0.02,16384,49152,0.0009777177549931974,0.0005644856090367992,0.004596397482441052,0.0,1.0,False,0,1.80956584434547,1.8000000000000003,0,0.39999999999999997,0.39080720503511784,"[0.8944271909999159, 0.4472135954999579, 0.0]","[0.8944271909999159, 0.4472135954999579, 0.0]"
45,two_tap,0,3,0.1,64,192,0.08932389756594727,0.051571176304766216,0.8885367809080821,0.0,1.0,False,0,2.873912870674592,1.8000000000000003,0,0.39999999999999997,-1.3770735618161642,"[0.8944271909999159, 0.4472135954999579, 0.0]","[0.8944271909999159, 0.4472135954999579, 0.0]"
46,two_tap,0,3,0.1,256,768,0.041512570921934694,0.023967293996532427,0.2595028435669664,0.0,1.0,False,0,2.239517629739329,1.8000000000000003,0,0.39999999999999997,-0.11900568713393284,"[0.8944271909999159, 0.4472135954999579, 0.0]","[0.8944271909999159, 0.4472135954999579, 0.0]"
47,two_tap,0,3,0.1,1024,3072,0.020052054646332255,0.011577059147865014,0.10362617557888731,0.0,1.0,False,0,2.0010704346540096,1.8000000000000003,0,0.39999999999999997,0.19274764884222534,"[0.8944271909999159, 0.4472135954999579, 0.0]","[0.8944271909999159, 0.4472135954999579, 0.0]"
48,two_tap,0,3,0.1,4096,12288,0.009858772291799,0.0056919648365493765,0.047354513750944134,0.0,1.0,False,0,1.8964731490582867,1.8000000000000003,0,0.39999999999999997,0.3052909724981117,"[0.8944271909999159, 0.4472135954999579, 0.0]","[0.8944271909999159, 0.4472135954999579, 0.0]"
49,two_tap,0,3,0.1,16384,49152,0.004888588774965987,0.002822428045183996,0.022792060725522326,0.0,1.0,False,0,1.8473647130579327,1.8000000000000003,0,0.39999999999999997,0.3544158785489553,"[0.8944271909999159, 0.4472135954999579, 0.0]","[0.8944271909999159, 0.4472135954999579, 0.0]"
50,two_tap,0.025,3,0.02,64,192,0.01786477951318945,0.010314235260953241,0.11428498441742334,0.025636811139883618,1.0,False,0,2.036242443220514,1.8542364151429305,0,0.39989182158090375,0.17132185274605707,"[0.8851072733843556, 0.4652486949840843, 0.011347529145953278]","[0.8944271909999159, 0.4472135954999579, 0.0]"
51,two_tap,0.025,3,0.02,256,768,0.008302514184386937,0.004793458799306484,0.06342766520528936,0.025636811139883618,1.0,False,0,1.936962060713305,1.8542364151429305,0,0.39989182158090375,0.273036491170325,"[0.8851072733843556, 0.4652486949840843, 0.011347529145953278]","[0.8944271909999159, 0.4472135954999579, 0.0]"
52,two_tap,0.025,3,0.02,1024,3072,0.004010410929266451,0.0023154118295730026,0.043224674595472835,0.025636811139883618,1.0,False,0,1.8939053108741446,1.8542364151429305,0,0.39989182158090375,0.3134424723899581,"[0.8851072733843556, 0.4652486949840843, 0.011347529145953278]","[0.8944271909999159, 0.4472135954999579, 0.0]"
53,two_tap,0.025,3,0.02,4096,12288,0.0019717544583598002,0.0011383929673098754,0.0341967768425037,0.025636811139883618,1.0,False,0,1.8737720081406999,1.8542364151429305,0,0.39989182158090375,0.33149826789589637,"[0.8851072733843556, 0.4652486949840843, 0.011347529145953278]","[0.8944271909999159, 0.4472135954999579, 0.0]"
54,two_tap,0.025,3,0.02,16384,49152,0.0009777177549931974,0.0005644856090367992,0.02993200281158409,0.025636811139883618,1.0,False,0,1.8640283834237568,1.8542364151429305,0,0.39989182158090375,0.34002781595773557,"[0.8851072733843556, 0.4652486949840843, 0.011347529145953278]","[0.8944271909999159, 0.4472135954999579, 0.0]"
55,two_tap,0.025,3,0.1,64,192,0.08932389756594727,0.051571176304766216,0.9137787955437366,0.025636811139883618,1.0,False,0,2.950289239947857,1.8542364151429305,0,0.39989182158090375,-1.4276657695065695,"[0.8851072733843556, 0.4652486949840843, 0.011347529145953278]","[0.8944271909999159, 0.4472135954999579, 0.0]"
56,two_tap,0.025,3,0.1,256,768,0.041512570921934694,0.023967293996532427,0.2849720404196845,0.025636811139883618,1.0,False,0,2.303057642640296,1.8542364151429305,0,0.39989182158090375,-0.17005225925846523,"[0.8851072733843556, 0.4652486949840843, 0.011347529145953278]","[0.8944271909999159, 0.4472135954999579, 0.0]"
57,two_tap,0.025,3,0.1,1024,3072,0.020052054646332255,0.011577059147865014,0.12712504883601092,0.025636811139883618,1.0,False,0,2.0596217070763307,1.8542364151429305,0,0.39989182158090375,0.14564172390888191,"[0.8851072733843556, 0.4652486949840843, 0.011347529145953278]","[0.8944271909999159, 0.4472135954999579, 0.0]"
58,two_tap,0.025,3,0.1,4096,12288,0.009858772291799,0.0056919648365493765,0.0711481389250765,0.025636811139883618,1.0,False,0,1.9528010771433082,1.8542364151429305,0,0.39989182158090375,0.2575955437307508,"[0.8851072733843556, 0.4652486949840843, 0.011347529145953278]","[0.8944271909999159, 0.4472135954999579, 0.0]"
59,two_tap,0.025,3,0.1,16384,49152,0.004888588774965987,0.002822428045183996,0.04722753651038033,0.025636811139883618,1.0,False,0,1.9026406696581264,1.8542364151429305,0,0.39989182158090375,0.3054367485601431,"[0.8851072733843556, 0.4652486949840843, 0.011347529145953278]","[0.8944271909999159, 0.4472135954999579, 0.0]"
60,two_tap,0.05,3,0.02,64,192,0.01786477951318945,0.010314235260953241,0.14237808233856683,0.05259513050299786,1.0,False,0,2.0946401808739723,1.9088016967126187,0,0.39955436469890676,0.1147982000217731,"[0.8750094682111575, 0.4835578640114292, 0.0230265649529252]","[0.8944271909999159, 0.4472135954999579, 0.0]"
61,two_tap,0.05,3,0.02,256,768,0.008302514184386937,0.004793458799306484,0.09116360977187711,0.05259513050299786,1.0,False,0,1.9932889208991422,1.9088016967126187,0,0.39955436469890676,0.21722714515515254,"[0.8750094682111575, 0.4835578640114292, 0.0230265649529252]","[0.8944271909999159, 0.4472135954999579, 0.0]"
62,two_tap,0.05,3,0.02,1024,3072,0.004010410929266451,0.0023154118295730026,0.07067525349680703,0.05259513050299786,1.0,False,0,1.949327771575711,1.9088016967126187,0,0.39955436469890676,0.2582038577052927,"[0.8750094682111575, 0.4835578640114292, 0.0230265649529252]","[0.8944271909999159, 0.4472135954999579, 0.0]"
63,two_tap,0.05,3,0.02,4096,12288,0.0019717544583598002,0.0011383929673098754,0.06144168304511071,0.05259513050299786,1.0,False,0,1.9287702122101986,1.9088016967126187,0,0.39955436469890676,0.2766709986086853,"[0.8750094682111575, 0.4835578640114292, 0.0230265649529252]","[0.8944271909999159, 0.4472135954999579, 0.0]"
64,two_tap,0.05,3,0.02,16384,49152,0.0009777177549931974,0.0005644856090367992,0.057052542030140756,0.05259513050299786,1.0,False,0,1.9188209488489962,1.9088016967126187,0,0.39955436469890676,0.28544928063862524,"[0.8750094682111575, 0.4835578640114292, 0.0230265649529252]","[0.8944271909999159, 0.4472135954999579, 0.0]"
65,two_tap,0.05,3,0.1,64,192,0.08932389756594727,0.051571176304766216,0.9382136304622261,0.05259513050299786,1.0,False,283,3.0,1.9088016967126187,0,0.39955436469890676,-1.4768728962255453,"[0.8750094682111575, 0.4835578640114292, 0.0230265649529252]","[0.8944271909999159, 0.4472135954999579, 0.0]"
66,two_tap,0.05,3,0.1,256,768,0.041512570921934694,0.023967293996532427,0.3148590845097562,0.05259513050299786,1.0,False,0,2.3669301328315,1.9088016967126187,0,0.39955436469890676,-0.23016380432060562,"[0.8750094682111575, 0.4835578640114292, 0.0230265649529252]","[0.8944271909999159, 0.4472135954999579, 0.0]"
67,two_tap,0.05,3,0.1,1024,3072,0.020052054646332255,0.011577059147865014,0.15529598120716326,0.05259513050299786,1.0,False,0,2.118504290170603,1.9088016967126187,0,0.39955436469890676,0.08896240228458024,"[0.8750094682111575, 0.4835578640114292, 0.0230265649529252]","[0.8944271909999159, 0.4472135954999579, 0.0]"
68,two_tap,0.05,3,0.1,4096,12288,0.009858772291799,0.0056919648365493765,0.09895672737543412,0.05259513050299786,1.0,False,0,2.009459656163589,1.9088016967126187,0,0.39955436469890676,0.20164090994803852,"[0.8750094682111575, 0.4835578640114292, 0.0230265649529252]","[0.8944271909999159, 0.4472135954999579, 0.0]"
69,two_tap,0.05,3,0.1,16384,49152,0.004888588774965987,0.002822428045183996,0.07475014208773771,0.05259513050299786,1.0,False,0,1.95824693313459,1.9088016967126187,0,0.39955436469890676,0.25005408052343137,"[0.8750094682111575, 0.4835578640114292, 0.0230265649529252]","[0.8944271909999159, 0.4472135954999579, 0.0]"
70,two_tap,0.1,3,0.02,64,192,0.01786477951318945,0.010314235260953241,0.20627028047928528,0.110768178869954,1.0,False,0,2.2113820280537935,2.0179372197309426,0,0.3981121368943692,-0.014428424064201362,"[0.8523247028586812, 0.5208650961914163, 0.04735137238103784]","[0.8944271909999159, 0.4472135954999579, 0.0]"
71,two_tap,0.1,3,0.02,256,768,0.008302514184386937,0.004793458799306484,0.1521068834735693,0.110768178869954,1.0,False,0,2.1059226905861674,2.0179372197309426,0,0.3981121368943692,0.09389836994723061,"[0.8523247028586812, 0.5208650961914163, 0.04735137238103784]","[0.8944271909999159, 0.4472135954999579, 0.0]"
72,two_tap,0.1,3,0.02,1024,3072,0.004010410929266451,0.0023154118295730026,0.1302486896488953,0.110768178869954,1.0,False,0,2.060167378295013,2.0179372197309426,0,0.3981121368943692,0.1376147575965786,"[0.8523247028586812, 0.5208650961914163, 0.04735137238103784]","[0.8944271909999159, 0.4472135954999579, 0.0]"
73,two_tap,0.1,3,0.02,4096,12288,0.0019717544583598002,0.0011383929673098754,0.12033870788414766,0.110768178869954,1.0,False,0,2.038768156046279,2.0179372197309426,0,0.3981121368943692,0.15743472112607387,"[0.8523247028586812, 0.5208650961914163, 0.04735137238103784]","[0.8944271909999159, 0.4472135954999579, 0.0]"
74,two_tap,0.1,3,0.02,16384,49152,0.0009777177549931974,0.0005644856090367992,0.11561157525484485,0.110768178869954,1.0,False,0,2.028410932215944,2.0179372197309426,0,0.3981121368943692,0.1668889863846795,"[0.8523247028586812, 0.5208650961914163, 0.04735137238103784]","[0.8944271909999159, 0.4472135954999579, 0.0]"
75,two_tap,0.1,3,0.1,64,192,0.08932389756594727,0.051571176304766216,0.9792181257375333,0.110768178869954,1.0,False,1175,3.0,2.0179372197309426,0,0.3981121368943692,-1.5603241145806974,"[0.8523247028586812, 0.5208650961914163, 0.04735137238103784]","[0.8944271909999159, 0.4472135954999579, 0.0]"
76,two_tap,0.1,3,0.1,256,768,0.041512570921934694,0.023967293996532427,0.3873072177518854,0.110768178869954,1.0,False,0,2.4945314173113826,2.0179372197309426,0,0.3981121368943692,-0.37650229860940165,"[0.8523247028586812, 0.5208650961914163, 0.04735137238103784]","[0.8944271909999159, 0.4472135954999579, 0.0]"
77,two_tap,0.1,3,0.1,1024,3072,0.020052054646332255,0.011577059147865014,0.21986858197066622,0.110768178869954,1.0,False,0,2.23620791130329,2.0179372197309426,0,0.3981121368943692,-0.04162502704696325,"[0.8523247028586812, 0.5208650961914163, 0.04735137238103784]","[0.8944271909999159, 0.4472135954999579, 0.0]"
78,two_tap,0.1,3,0.1,4096,12288,0.009858772291799,0.0056919648365493765,0.16038459100674105,0.110768178869954,1.0,False,0,2.1227514842049975,2.0179372197309426,0,0.3981121368943692,0.0773429548808871,"[0.8523247028586812, 0.5208650961914163, 0.04735137238103784]","[0.8944271909999159, 0.4472135954999579, 0.0]"
79,two_tap,0.1,3,0.1,16384,49152,0.004888588774965987,0.002822428045183996,0.13460903732083634,0.110768178869954,1.0,False,0,2.069451174506868,2.0179372197309426,0,0.3981121368943692,0.1288940622526965,"[0.8523247028586812, 0.5208650961914163, 0.04735137238103784]","[0.8944271909999159, 0.4472135954999579, 0.0]"
80,no_dominant_tap,0,4,0.02,64,256,0.021777545007848505,0.010888772503924253,0.2810997356264835,0.0,1.0,True,0,2.7103682051957243,2.454545454545454,0,0.35151515151515167,-0.21068431973781532,"[0.6963106238227914, 0.6963106238227914, 0.17407765595569785, 0.0]","[0.6963106238227914, 0.6963106238227914, 0.17407765595569785, 0.0]"
81,no_dominant_tap,0,4,0.02,256,1024,0.010220996784083293,0.005110498392041646,0.09575314413697825,0.0,1.0,True,0,2.571978332012759,2.454545454545454,0,0.35151515151515167,0.16000886324119518,"[0.6963106238227914, 0.6963106238227914, 0.17407765595569785, 0.0]","[0.6963106238227914, 0.6963106238227914, 0.17407765595569785, 0.0]"
82,no_dominant_tap,0,4,0.02,1024,4096,0.004959973589125274,0.002479986794562637,0.04228043037734828,0.0,1.0,True,0,2.5112169094832923,2.454545454545454,0,0.35151515151515167,0.2669542907604551,"[0.6963106238227914, 0.6963106238227914, 0.17407765595569785, 0.0]","[0.6963106238227914, 0.6963106238227914, 0.17407765595569785, 0.0]"
83,no_dominant_tap,0,4,0.02,4096,16384,0.002444112102890971,0.0012220560514454855,0.02033483386278171,0.0,1.0,True,0,2.4826409306753154,2.454545454545454,0,0.35151515151515167,0.31084548378958826,"[0.6963106238227914, 0.6963106238227914, 0.17407765595569785, 0.0]","[0.6963106238227914, 0.6963106238227914, 0.17407765595569785, 0.0]"
84,no_dominant_tap,0,4,0.02,16384,65536,0.0012132911216164012,0.0006066455608082006,0.010282890164778796,0.0,1.0,True,0,2.4687725760511174,2.454545454545454,0,0.35151515151515167,0.3309493711855941,"[0.6963106238227914, 0.6963106238227914, 0.17407765595569785, 0.0]","[0.6963106238227914, 0.6963106238227914, 0.17407765595569785, 0.0]"
85,no_dominant_tap,0,4,0.1,64,256,0.10888772503924252,0.05444386251962126,1.0,0.0,1.0,True,5497,4.0,2.454545454545454,0,0.35151515151515167,-1.6484848484848484,"[0.6963106238227914, 0.6963106238227914, 0.17407765595569785, 0.0]","[0.6963106238227914, 0.6963106238227914, 0.17407765595569785, 0.0]"
86,no_dominant_tap,0,4,0.1,256,1024,0.05110498392041647,0.025552491960208236,0.8036008299563463,0.0,1.0,True,2413,3.094200417903015,2.454545454545454,0,0.35151515151515167,-1.2556865083975408,"[0.6963106238227914, 0.6963106238227914, 0.17407765595569785, 0.0]","[0.6963106238227914, 0.6963106238227914, 0.17407765595569785, 0.0]"
87,no_dominant_tap,0,4,0.1,1024,4096,0.024799867945626372,0.012399933972813186,0.3635265438883472,0.0,1.0,True,0,2.747710647210511,2.454545454545454,0,0.35151515151515167,-0.37553793626154275,"[0.6963106238227914, 0.6963106238227914, 0.17407765595569785, 0.0]","[0.6963106238227914, 0.6963106238227914, 0.17407765595569785, 0.0]"
88,no_dominant_tap,0,4,0.1,4096,16384,0.012220560514454856,0.006110280257227428,0.11956445062931848,0.0,1.0,True,0,2.5954340287965523,2.454545454545454,0,0.35151515151515167,0.11238625025651472,"[0.6963106238227914, 0.6963106238227914, 0.17407765595569785, 0.0]","[0.6963106238227914, 0.6963106238227914, 0.17407765595569785, 0.0]"
89,no_dominant_tap,0,4,0.1,16384,65536,0.006066455608082007,0.0030332278040410034,0.0525974732655061,0.0,1.0,True,0,2.523882516516932,2.454545454545454,0,0.35151515151515167,0.24632020498413948,"[0.6963106238227914, 0.6963106238227914, 0.17407765595569785, 0.0]","[0.6963106238227914, 0.6963106238227914, 0.17407765595569785, 0.0]"
90,no_dominant_tap,0.025,4,0.02,64,256,0.021777545007848505,0.010888772503924253,0.2992099288966678,0.025636811139883618,1.0,True,0,2.7620220794430685,2.502606882168925,0,0.35218605960490945,-0.24623379818842617,"[0.6855172929876051, 0.7030946594744668, 0.18895668973376295, 0.004394341621715417]","[0.6963106238227914, 0.6963106238227914, 0.17407765595569785, 0.0]"
91,no_dominant_tap,0.025,4,0.02,256,1024,0.010220996784083293,0.005110498392041646,0.10764631081237148,0.025636811139883618,1.0,True,0,2.621712132826208,2.502606882168925,0,0.35218605960490945,0.13689343798016648,"[0.6855172929876051, 0.7030946594744668, 0.18895668973376295, 0.004394341621715417]","[0.6963106238227914, 0.6963106238227914, 0.17407765595569785, 0.0]"
92,no_dominant_tap,0.025,4,0.02,1024,4096,0.004959973589125274,0.002479986794562637,0.056149024128699675,0.025636811139883618,1.0,True,0,2.5601014656633807,2.502606882168925,0,0.35218605960490945,0.2398880113475101,"[0.6855172929876051, 0.7030946594744668, 0.18895668973376295, 0.004394341621715417]","[0.6963106238227914, 0.6963106238227914, 0.17407765595569785, 0.0]"
93,no_dominant_tap,0.025,4,0.02,4096,16384,0.002444112102890971,0.0012220560514454855,0.03916131563836572,0.025636811139883618,1.0,True,0,2.5311247178542744,2.502606882168925,0,0.35218605960490945,0.273863428328178,"[0.6855172929876051, 0.7030946594744668, 0.18895668973376295, 0.004394341621715417]","[0.6963106238227914, 0.6963106238227914, 0.17407765595569785, 0.0]"
94,no_dominant_tap,0.025,4,0.02,16384,65536,0.0012132911216164012,0.0006066455608082006,0.03228181916739907,0.025636811139883618,1.0,True,0,2.51706154132476,2.502606882168925,0,0.35218605960490945,0.2876224212701113,"[0.6855172929876051, 0.7030946594744668, 0.18895668973376295, 0.004394341621715417]","[0.6963106238227914, 0.6963106238227914, 0.17407765595569785, 0.0]"
95,no_dominant_tap,0.025,4,0.1,64,256,0.10888772503924252,0.05444386251962126,1.0,0.025636811139883618,1.0,True,5561,4.0,2.502606882168925,0,0.35218605960490945,-1.6478139403950904,"[0.6855172929876051, 0.7030946594744668, 0.18895668973376295, 0.004394341621715417]","[0.6963106238227914, 0.6963106238227914, 0.17407765595569785, 0.0]"
96,no_dominant_tap,0.025,4,0.1,256,1024,0.05110498392041647,0.025552491960208236,0.8201982954082455,0.025636811139883618,1.0,True,2493,3.15108707081538,2.502606882168925,0,0.35218605960490945,-1.2882105312115817,"[0.6855172929876051, 0.7030946594744668, 0.18895668973376295, 0.004394341621715417]","[0.6963106238227914, 0.6963106238227914, 0.17407765595569785, 0.0]"
97,no_dominant_tap,0.025,4,0.1,1024,4096,0.024799867945626372,0.012399933972813186,0.38683379409781854,0.025636811139883618,1.0,True,0,2.7998794009301724,2.502606882168925,0,0.35218605960490945,-0.4214815285907276,"[0.6855172929876051, 0.7030946594744668, 0.18895668973376295, 0.004394341621715417]","[0.6963106238227914, 0.6963106238227914, 0.17407765595569785, 0.0]"
98,no_dominant_tap,0.025,4,0.1,4096,16384,0.012220560514454856,0.006110280257227428,0.13170904983442078,0.025636811139883618,1.0,True,0,2.645494625554384,2.502606882168925,0,0.35218605960490945,0.0887679599360679,"[0.6855172929876051, 0.7030946594744668, 0.18895668973376295, 0.004394341621715417]","[0.6963106238227914, 0.6963106238227914, 0.17407765595569785, 0.0]"
99,no_dominant_tap,0.025,4,0.1,16384,65536,0.006066455608082007,0.0030332278040410034,0.06537335417046916,0.025636811139883618,1.0,True,0,2.5729444206277026,2.502606882168925,0,0.35218605960490945,0.22143935126397113,"[0.6855172929876051, 0.7030946594744668, 0.18895668973376295, 0.004394341621715417]","[0.6963106238227914, 0.6963106238227914, 0.17407765595569785, 0.0]"
100,no_dominant_tap,0.05,4,0.02,64,256,0.021777545007848505,0.010888772503924253,0.3200416634575018,0.05259513050299786,1.0,True,0,2.8129206459593843,2.5499763891075085,0,0.35272375086834873,-0.28735957604665485,"[0.6742316986325205, 0.7097175775079164, 0.20404380353352594, 0.008871469718848956]","[0.6963106238227914, 0.6963106238227914, 0.17407765595569785, 0.0]"
101,no_dominant_tap,0.05,4,0.02,256,1024,0.010220996784083293,0.005110498392041646,0.1242362038084247,0.05259513050299786,1.0,True,0,2.670725266636721,2.5499763891075085,0,0.35272375086834873,0.10425134325149932,"[0.6742316986325205, 0.7097175775079164, 0.20404380353352594, 0.008871469718848956]","[0.6963106238227914, 0.6963106238227914, 0.17407765595569785, 0.0]"
102,no_dominant_tap,0.05,4,0.02,1024,4096,0.004959973589125274,0.002479986794562637,0.08142517726807015,0.05259513050299786,1.0,True,0,2.608280660584023,2.5499763891075085,0,0.35272375086834873,0.18987339633220843,"[0.6742316986325205, 0.7097175775079164, 0.20404380353352594, 0.008871469718848956]","[0.6963106238227914, 0.6963106238227914, 0.17407765595569785, 0.0]"
103,no_dominant_tap,0.05,4,0.02,4096,16384,0.002444112102890971,0.0012220560514454855,0.0661855679450445,0.05259513050299786,1.0,True,0,2.578910363288609,2.5499763891075085,0,0.35272375086834873,0.22035261497825973,"[0.6742316986325205, 0.7097175775079164, 0.20404380353352594, 0.008871469718848956]","[0.6963106238227914, 0.6963106238227914, 0.17407765595569785, 0.0]"
104,no_dominant_tap,0.05,4,0.02,16384,65536,0.0012132911216164012,0.0006066455608082006,0.05942636477177731,0.05259513050299786,1.0,True,0,2.5646558735955964,2.5499763891075085,0,0.35272375086834873,0.2338710213247941,"[0.6742316986325205, 0.7097175775079164, 0.20404380353352594, 0.008871469718848956]","[0.6963106238227914, 0.6963106238227914, 0.17407765595569785, 0.0]"
105,no_dominant_tap,0.05,4,0.1,64,256,0.10888772503924252,0.05444386251962126,1.0,0.05259513050299786,1.0,True,5627,4.0,2.5499763891075085,0,0.35272375086834873,-1.6472762491316513,"[0.6742316986325205, 0.7097175775079164, 0.20404380353352594, 0.008871469718848956]","[0.6963106238227914, 0.6963106238227914, 0.17407765595569785, 0.0]"
106,no_dominant_tap,0.05,4,0.1,256,1024,0.05110498392041647,0.025552491960208236,0.8379979476136368,0.05259513050299786,1.0,True,2579,3.2071237744071937,2.5499763891075085,0,0.35272375086834873,-1.3232721443589248,"[0.6742316986325205, 0.7097175775079164, 0.20404380353352594, 0.008871469718848956]","[0.6963106238227914, 0.6963106238227914, 0.17407765595569785, 0.0]"
107,no_dominant_tap,0.05,4,0.1,1024,4096,0.024799867945626372,0.012399933972813186,0.4121255128205127,0.05259513050299786,1.0,True,0,2.8512835496129454,2.5499763891075085,0,0.35272375086834873,-0.47152727477267664,"[0.6742316986325205, 0.7097175775079164, 0.20404380353352594, 0.008871469718848956]","[0.6963106238227914, 0.6963106238227914, 0.17407765595569785, 0.0]"
108,no_dominant_tap,0.05,4,0.1,4096,16384,0.012220560514454856,0.006110280257227428,0.14720813362378946,0.05259513050299786,1.0,True,0,2.694828662926131,2.5499763891075085,0,0.35272375086834873,0.05830748362076982,"[0.6742316986325205, 0.7097175775079164, 0.20404380353352594, 0.008871469718848956]","[0.6963106238227914, 0.6963106238227914, 0.17407765595569785, 0.0]"
109,no_dominant_tap,0.05,4,0.1,16384,65536,0.006066455608082007,0.0030332278040410034,0.0888904735708582,0.05259513050299786,1.0,True,0,2.6212977679949288,2.5499763891075085,0,0.35272375086834873,0.17494280372663232,"[0.6742316986325205, 0.7097175775079164, 0.20404380353352594, 0.008871469718848956]","[0.6963106238227914, 0.6963106238227914, 0.17407765595569785, 0.0]"
110,no_dominant_tap,0.1,4,0.02,64,256,0.021777545007848505,0.010888772503924253,0.37227350610845567,0.110768178869954,1.0,True,0,2.9116385982875697,2.64187866927593,0,0.35336478406894956,-0.3911822281479618,"[0.6501542794476929, 0.7223936438307699, 0.2347779342450002, 0.018059841095769247]","[0.6963106238227914, 0.6963106238227914, 0.17407765595569785, 0.0]"
111,no_dominant_tap,0.1,4,0.02,256,1024,0.010220996784083293,0.005110498392041646,0.17986168916443587,0.110768178869954,1.0,True,0,2.7658043355673403,2.64187866927593,0,0.35336478406894956,-0.00635859425992219,"[0.6501542794476929, 0.7223936438307699, 0.2347779342450002, 0.018059841095769247]","[0.6963106238227914, 0.6963106238227914, 0.17407765595569785, 0.0]"
112,no_dominant_tap,0.1,4,0.02,1024,4096,0.004959973589125274,0.002479986794562637,0.14123319919804872,0.110768178869954,1.0,True,0,2.701750184989804,2.64187866927593,0,0.35336478406894956,0.07089838567285212,"[0.6501542794476929, 0.7223936438307699, 0.2347779342450002, 0.018059841095769247]","[0.6963106238227914, 0.6963106238227914, 0.17407765595569785, 0.0]"
113,no_dominant_tap,0.1,4,0.02,4096,16384,0.002444112102890971,0.0012220560514454855,0.12548197691013427,0.110768178869954,1.0,True,0,2.6716203076831295,2.64187866927593,0,0.35336478406894956,0.10240083024868102,"[0.6501542794476929, 0.7223936438307699, 0.2347779342450002, 0.018059841095769247]","[0.6963106238227914, 0.6963106238227914, 0.17407765595569785, 0.0]"
114,no_dominant_tap,0.1,4,0.02,16384,65536,0.0012132911216164012,0.0006066455608082006,0.11825335848009404,0.110768178869954,1.0,True,0,2.656996567023446,2.64187866927593,0,0.35336478406894956,0.11685806710876148,"[0.6501542794476929, 0.7223936438307699, 0.2347779342450002, 0.018059841095769247]","[0.6963106238227914, 0.6963106238227914, 0.17407765595569785, 0.0]"
115,no_dominant_tap,0.1,4,0.1,64,256,0.10888772503924252,0.05444386251962126,1.0,0.110768178869954,1.0,True,5767,4.0,2.64187866927593,0,0.35336478406894956,-1.6466352159310504,"[0.6501542794476929, 0.7223936438307699, 0.2347779342450002, 0.018059841095769247]","[0.6963106238227914, 0.6963106238227914, 0.17407765595569785, 0.0]"
116,no_dominant_tap,0.1,4,0.1,256,1024,0.05110498392041647,0.025552491960208236,0.8760768622165895,0.110768178869954,1.0,True,2765,3.3157576823833956,2.64187866927593,0,0.35336478406894956,-1.3987889403642295,"[0.6501542794476929, 0.7223936438307699, 0.2347779342450002, 0.018059841095769247]","[0.6963106238227914, 0.6963106238227914, 0.17407765595569785, 0.0]"
117,no_dominant_tap,0.1,4,0.1,1024,4096,0.024799867945626372,0.012399933972813186,0.4697571213728784,0.110768178869954,1.0,True,0,2.950977252646302,2.64187866927593,0,0.35336478406894956,-0.5861494586768072,"[0.6501542794476929, 0.7223936438307699, 0.2347779342450002, 0.018059841095769247]","[0.6963106238227914, 0.6963106238227914, 0.17407765595569785, 0.0]"
118,no_dominant_tap,0.1,4,0.1,4096,16384,0.012220560514454856,0.006110280257227428,0.1976692148369454,0.110768178869954,1.0,True,0,2.7905270849112176,2.64187866927593,0,0.35336478406894956,-0.04197364560494127,"[0.6501542794476929, 0.7223936438307699, 0.2347779342450002, 0.018059841095769247]","[0.6963106238227914, 0.6963106238227914, 0.17407765595569785, 0.0]"
119,no_dominant_tap,0.1,4,0.1,16384,65536,0.006066455608082007,0.0030332278040410034,0.14863580869666393,0.110768178869954,1.0,True,0,2.715103417730371,2.64187866927593,0,0.35336478406894956,0.0560931666756217,"[0.6501542794476929, 0.7223936438307699, 0.2347779342450002, 0.018059841095769247]","[0.6963106238227914, 0.6963106238227914, 0.17407765595569785, 0.0]"
