calibration_case,common_response,delta,length,calibration_noise,impulse_blocks,calibration_observations_per_channel,spectral_ratio,phase_upper,separate_channel_phase_upper,exact_phase,signal,population_gap,rho_upper,coarse_rho,exact_rho,first_sufficient_grid_length,pair_coarse_first_grid_length,separate_first_grid_length,exact_first_grid_length
0,identity,0,2,0.02,64,128,1,0.05873141622086679,0.05547837815907682,0.0,0.4,0.2825371675582664,2.1950574460671533,4,2.0,8192,32768,32768,8192
0,identity,0,2,0.02,64,128,2,0.05873141622086679,0.05547837815907682,0.0,0.4,0.2825371675582664,4.3901148921343065,8,4.0,32768,131072,131072,32768
0,identity,0,2,0.02,64,128,4,0.05873141622086679,0.05547837815907682,0.0,0.4,0.2825371675582664,8.780229784268613,16,8.0,131072,524288,524288,32768
1,identity,0,2,0.02,256,512,1,0.02582227305187392,0.025170824042787907,0.0,0.4,0.34835545389625217,2.087096109631666,4,2.0,8192,32768,32768,8192
1,identity,0,2,0.02,256,512,2,0.02582227305187392,0.025170824042787907,0.0,0.4,0.34835545389625217,4.174192219263332,8,4.0,32768,131072,131072,32768
1,identity,0,2,0.02,256,512,4,0.02582227305187392,0.025170824042787907,0.0,0.4,0.34835545389625217,8.348384438526663,16,8.0,131072,524288,524288,32768
2,identity,0,2,0.02,1024,2048,1,0.012172656478188592,0.012025216580348944,0.0,0.4,0.3756546870436228,2.0413214114614386,4,2.0,8192,32768,32768,8192
2,identity,0,2,0.02,1024,2048,2,0.012172656478188592,0.012025216580348944,0.0,0.4,0.3756546870436228,4.082642822922877,8,4.0,32768,131072,131072,32768
2,identity,0,2,0.02,1024,2048,4,0.012172656478188592,0.012025216580348944,0.0,0.4,0.3756546870436228,8.165285645845755,16,8.0,131072,524288,524288,32768
3,identity,0,2,0.02,4096,8192,1,0.0059163684235285265,0.005881018897633933,0.0,0.4,0.388167263152943,2.020142881583599,4,2.0,8192,32768,32768,8192
3,identity,0,2,0.02,4096,8192,2,0.0059163684235285265,0.005881018897633933,0.0,0.4,0.388167263152943,4.040285763167198,8,4.0,32768,131072,131072,32768
3,identity,0,2,0.02,4096,8192,4,0.0059163684235285265,0.005881018897633933,0.0,0.4,0.388167263152943,8.080571526334396,16,8.0,131072,131072,131072,32768
4,identity,0,2,0.02,16384,32768,1,0.0029173417792154165,0.0029085781299517926,0.0,0.4,0.3941653164415692,2.0099463923662397,4,2.0,8192,32768,32768,8192
4,identity,0,2,0.02,16384,32768,2,0.0029173417792154165,0.0029085781299517926,0.0,0.4,0.3941653164415692,4.0198927847324795,8,4.0,32768,32768,32768,32768
4,identity,0,2,0.02,16384,32768,4,0.0029173417792154165,0.0029085781299517926,0.0,0.4,0.3941653164415692,8.039785569464959,16,8.0,131072,131072,131072,32768
5,identity,0,2,0.1,64,128,1,0.41310975870112937,0.29368506170852127,0.0,0.4,-0.4262195174022587,3.167911796037721,4,2.0,,,,8192
5,identity,0,2,0.1,64,128,2,0.41310975870112937,0.29368506170852127,0.0,0.4,-0.4262195174022587,6.335823592075442,8,4.0,,,,32768
5,identity,0,2,0.1,64,128,4,0.41310975870112937,0.29368506170852127,0.0,0.4,-0.4262195174022587,12.671647184150885,16,8.0,,,,32768
6,identity,0,2,0.1,256,512,1,0.1480928341106606,0.12910376845292904,0.0,0.4,0.10381433177867883,2.471737916486476,4,2.0,131072,524288,131072,8192
6,identity,0,2,0.1,256,512,2,0.1480928341106606,0.12910376845292904,0.0,0.4,0.10381433177867883,4.943475832972952,8,4.0,524288,524288,524288,32768
6,identity,0,2,0.1,256,512,4,0.1480928341106606,0.12910376845292904,0.0,0.4,0.10381433177867883,9.886951665945904,16,8.0,,,,32768
7,identity,0,2,0.1,1024,2048,1,0.06479281718362112,0.060857912479943974,0.0,0.4,0.2704143656327578,2.214577356306001,4,2.0,8192,32768,32768,8192
7,identity,0,2,0.1,1024,2048,2,0.06479281718362112,0.060857912479943974,0.0,0.4,0.2704143656327578,4.429154712612002,8,4.0,32768,131072,131072,32768
7,identity,0,2,0.1,1024,2048,4,0.06479281718362112,0.060857912479943974,0.0,0.4,0.2704143656327578,8.858309425224004,16,8.0,131072,524288,524288,32768
8,identity,0,2,0.1,4096,8192,1,0.03048197844052217,0.02957904943688202,0.0,0.4,0.3390360431189557,2.102588004261295,4,2.0,8192,32768,32768,8192
8,identity,0,2,0.1,4096,8192,2,0.03048197844052217,0.02957904943688202,0.0,0.4,0.3390360431189557,4.20517600852259,8,4.0,32768,131072,131072,32768
8,identity,0,2,0.1,4096,8192,4,0.03048197844052217,0.02957904943688202,0.0,0.4,0.3390360431189557,8.41035201704518,16,8.0,131072,524288,524288,32768
9,identity,0,2,0.1,16384,32768,1,0.014802440200347395,0.014585313172671494,0.0,0.4,0.3703951195993052,2.050186446332754,4,2.0,8192,32768,32768,8192
9,identity,0,2,0.1,16384,32768,2,0.014802440200347395,0.014585313172671494,0.0,0.4,0.3703951195993052,4.100372892665508,8,4.0,32768,131072,131072,32768
9,identity,0,2,0.1,16384,32768,4,0.014802440200347395,0.014585313172671494,0.0,0.4,0.3703951195993052,8.200745785331016,16,8.0,131072,524288,524288,32768
10,identity,0.025,2,0.02,64,128,1,0.0858998892581458,0.0814843966689613,0.025636811139883618,0.39986857236379253,0.22806879384750092,2.3045395241977333,4,2.1024967148488827,32768,32768,32768,8192
10,identity,0.025,2,0.02,64,128,2,0.0858998892581458,0.0814843966689613,0.025636811139883618,0.39986857236379253,0.22806879384750092,4.609079048395467,8,4.204993429697765,131072,131072,131072,32768
10,identity,0.025,2,0.02,64,128,4,0.0858998892581458,0.0814843966689613,0.025636811139883618,0.39986857236379253,0.22806879384750092,9.218158096790933,16,8.40998685939553,524288,524288,524288,131072
11,identity,0.025,2,0.02,256,512,1,0.05213715008553354,0.05097741706147044,0.025636811139883618,0.39986857236379253,0.29559427219272544,2.19273949938822,4,2.1024967148488827,8192,32768,32768,8192
11,identity,0.025,2,0.02,256,512,2,0.05213715008553354,0.05097741706147044,0.025636811139883618,0.39986857236379253,0.29559427219272544,4.38547899877644,8,4.204993429697765,32768,131072,131072,32768
11,identity,0.025,2,0.02,256,512,4,0.05213715008553354,0.05097741706147044,0.025636811139883618,0.39986857236379253,0.29559427219272544,8.77095799755288,16,8.40998685939553,131072,524288,524288,131072
12,identity,0.025,2,0.02,1024,2048,1,0.038133697326139415,0.03774533450481225,0.025636811139883618,0.39986857236379253,0.3236011777115137,2.145325043876485,4,2.1024967148488827,8192,32768,32768,8192
12,identity,0.025,2,0.02,1024,2048,2,0.038133697326139415,0.03774533450481225,0.025636811139883618,0.39986857236379253,0.3236011777115137,4.29065008775297,8,4.204993429697765,32768,131072,131072,32768
12,identity,0.025,2,0.02,1024,2048,4,0.038133697326139415,0.03774533450481225,0.025636811139883618,0.39986857236379253,0.3236011777115137,8.58130017550594,16,8.40998685939553,131072,524288,524288,131072
13,identity,0.025,2,0.02,4096,8192,1,0.03171526955472985,0.031560723686221766,0.025636811139883618,0.39986857236379253,0.33643803325433286,2.123385289242744,4,2.1024967148488827,8192,32768,32768,8192
13,identity,0.025,2,0.02,4096,8192,2,0.03171526955472985,0.031560723686221766,0.025636811139883618,0.39986857236379253,0.33643803325433286,4.246770578485488,8,4.204993429697765,32768,131072,131072,32768
13,identity,0.025,2,0.02,4096,8192,4,0.03171526955472985,0.031560723686221766,0.025636811139883618,0.39986857236379253,0.33643803325433286,8.493541156970975,16,8.40998685939553,131072,524288,524288,131072
14,identity,0.025,2,0.02,16384,32768,1,0.028638528394094694,0.028568732974305056,0.025636811139883618,0.39986857236379253,0.34259151557560313,2.112821716695759,4,2.1024967148488827,8192,32768,32768,8192
14,identity,0.025,2,0.02,16384,32768,2,0.028638528394094694,0.028568732974305056,0.025636811139883618,0.39986857236379253,0.34259151557560313,4.225643433391518,8,4.204993429697765,32768,131072,131072,32768
14,identity,0.025,2,0.02,16384,32768,4,0.028638528394094694,0.028568732974305056,0.025636811139883618,0.39986857236379253,0.34259151557560313,8.451286866783036,16,8.40998685939553,131072,524288,524288,131072
15,identity,0.025,2,0.1,64,128,1,0.4495139230958772,0.32126115672439703,0.025636811139883618,0.39986857236379253,-0.4991592738279618,3.3105369959481155,4,2.1024967148488827,,,,8192
15,identity,0.025,2,0.1,64,128,2,0.4495139230958772,0.32126115672439703,0.025636811139883618,0.39986857236379253,-0.4991592738279618,6.621073991896231,8,4.204993429697765,,,,32768
15,identity,0.025,2,0.1,64,128,4,0.4495139230958772,0.32126115672439703,0.025636811139883618,0.39986857236379253,-0.4991592738279618,13.242147983792462,16,8.40998685939553,,,,131072
16,identity,0.025,2,0.1,256,512,1,0.17758268637608818,0.15559456489208176,0.025636811139883618,0.39986857236379253,0.04470319961161617,2.590890405582182,4,2.1024967148488827,524288,,524288,8192
16,identity,0.025,2,0.1,256,512,2,0.17758268637608818,0.15559456489208176,0.025636811139883618,0.39986857236379253,0.04470319961161617,5.181780811164364,8,4.204993429697765,,,,32768
16,identity,0.025,2,0.1,256,512,4,0.17758268637608818,0.15559456489208176,0.025636811139883618,0.39986857236379253,0.04470319961161617,10.363561622328728,16,8.40998685939553,,,,131072
17,identity,0.025,2,0.1,1024,2048,1,0.09211858722763892,0.08689933663377897,0.025636811139883618,0.39986857236379253,0.21563139790851468,2.3247493498063503,4,2.1024967148488827,32768,32768,32768,8192
17,identity,0.025,2,0.1,1024,2048,2,0.09211858722763892,0.08689933663377897,0.025636811139883618,0.39986857236379253,0.21563139790851468,4.649498699612701,8,4.204993429697765,131072,131072,131072,32768
17,identity,0.025,2,0.1,1024,2048,4,0.09211858722763892,0.08689933663377897,0.025636811139883618,0.39986857236379253,0.21563139790851468,9.298997399225401,16,8.40998685939553,524288,524288,524288,131072
18,identity,0.025,2,0.1,4096,8192,1,0.056917675905766074,0.0554146440859255,0.025636811139883618,0.39986857236379253,0.2860332205522604,2.2087846704646514,4,2.1024967148488827,8192,32768,32768,8192
18,identity,0.025,2,0.1,4096,8192,2,0.056917675905766074,0.0554146440859255,0.025636811139883618,0.39986857236379253,0.2860332205522604,4.417569340929303,8,4.204993429697765,32768,131072,131072,32768
18,identity,0.025,2,0.1,4096,8192,4,0.056917675905766074,0.0554146440859255,0.025636811139883618,0.39986857236379253,0.2860332205522604,8.835138681858606,16,8.40998685939553,131072,524288,524288,131072
19,identity,0.025,2,0.1,16384,32768,1,0.04083164291386438,0.04032227092487857,0.025636811139883618,0.39986857236379253,0.3182052865360638,2.1545082315541384,4,2.1024967148488827,8192,32768,32768,8192
19,identity,0.025,2,0.1,16384,32768,2,0.04083164291386438,0.04032227092487857,0.025636811139883618,0.39986857236379253,0.3182052865360638,4.309016463108277,8,4.204993429697765,32768,131072,131072,32768
19,identity,0.025,2,0.1,16384,32768,4,0.04083164291386438,0.04032227092487857,0.025636811139883618,0.39986857236379253,0.3182052865360638,8.618032926216554,16,8.40998685939553,131072,524288,524288,131072
20,identity,0.05,2,0.02,64,128,1,0.11447538595311789,0.10887988675808892,0.05259513050299786,0.39944713173300395,0.17049635982676817,2.419237092627099,4,2.2099447513812156,32768,131072,131072,8192
20,identity,0.05,2,0.02,64,128,2,0.11447538595311789,0.10887988675808892,0.05259513050299786,0.39944713173300395,0.17049635982676817,4.838474185254198,8,4.419889502762431,131072,524288,524288,32768
20,identity,0.05,2,0.02,64,128,4,0.11447538595311789,0.10887988675808892,0.05259513050299786,0.39944713173300395,0.17049635982676817,9.676948370508397,16,8.839779005524862,524288,,,131072
21,identity,0.05,2,0.02,256,512,1,0.07981262930651557,0.07815158836433928,0.05259513050299786,0.39944713173300395,0.2398218731199728,2.303454029034167,4,2.2099447513812156,32768,32768,32768,8192
21,identity,0.05,2,0.02,256,512,2,0.07981262930651557,0.07815158836433928,0.05259513050299786,0.39944713173300395,0.2398218731199728,4.606908058068334,8,4.419889502762431,131072,131072,131072,32768
21,identity,0.05,2,0.02,256,512,4,0.07981262930651557,0.07815158836433928,0.05259513050299786,0.39944713173300395,0.2398218731199728,9.213816116136668,16,8.839779005524862,131072,524288,524288,131072
22,identity,0.05,2,0.02,1024,2048,1,0.06543628853506739,0.06482358872595533,0.05259513050299786,0.39944713173300395,0.26857455466286917,2.2543380775154835,4,2.2099447513812156,8192,32768,32768,8192
22,identity,0.05,2,0.02,1024,2048,2,0.06543628853506739,0.06482358872595533,0.05259513050299786,0.39944713173300395,0.26857455466286917,4.508676155030967,8,4.419889502762431,32768,131072,131072,32768
22,identity,0.05,2,0.02,1024,2048,4,0.06543628853506739,0.06482358872595533,0.05259513050299786,0.39944713173300395,0.26857455466286917,9.017352310061934,16,8.839779005524862,131072,524288,524288,131072
23,identity,0.05,2,0.02,4096,8192,1,0.05884702487188699,0.05859416283653651,0.05259513050299786,0.39944713173300395,0.28175308198923,2.231608421106454,4,2.2099447513812156,8192,32768,32768,8192
23,identity,0.05,2,0.02,4096,8192,2,0.05884702487188699,0.05859416283653651,0.05259513050299786,0.39944713173300395,0.28175308198923,4.463216842212908,8,4.419889502762431,32768,131072,131072,32768
23,identity,0.05,2,0.02,4096,8192,4,0.05884702487188699,0.05859416283653651,0.05259513050299786,0.39944713173300395,0.28175308198923,8.926433684425817,16,8.839779005524862,131072,524288,524288,131072
24,identity,0.05,2,0.02,16384,32768,1,0.055688408156625215,0.055580495174166765,0.05259513050299786,0.39944713173300395,0.28807031541975353,2.2206639327068025,4,2.2099447513812156,8192,32768,32768,8192
24,identity,0.05,2,0.02,16384,32768,2,0.055688408156625215,0.055580495174166765,0.05259513050299786,0.39944713173300395,0.28807031541975353,4.441327865413605,8,4.419889502762431,32768,131072,131072,32768
24,identity,0.05,2,0.02,16384,32768,4,0.055688408156625215,0.055580495174166765,0.05259513050299786,0.39944713173300395,0.28807031541975353,8.88265573082721,16,8.839779005524862,131072,524288,524288,131072
25,identity,0.05,2,0.1,64,128,1,0.48789547371590647,0.35040484638028924,0.05259513050299786,0.39944713173300395,-0.576343815698809,3.4596148462450667,4,2.2099447513812156,,,,8192
25,identity,0.05,2,0.1,64,128,2,0.48789547371590647,0.35040484638028924,0.05259513050299786,0.39944713173300395,-0.576343815698809,6.919229692490133,8,4.419889502762431,,,,32768
25,identity,0.05,2,0.1,64,128,4,0.48789547371590647,0.35040484638028924,0.05259513050299786,0.39944713173300395,-0.576343815698809,13.838459384980267,16,8.839779005524862,,,,131072
26,identity,0.05,2,0.1,256,512,1,0.20860980364410336,0.183528741413189,0.05259513050299786,0.39944713173300395,-0.017772475555202782,2.7156209740578903,4,2.2099447513812156,,,,8192
26,identity,0.05,2,0.1,256,512,2,0.20860980364410336,0.183528741413189,0.05259513050299786,0.39944713173300395,-0.017772475555202782,5.4312419481157805,8,4.419889502762431,,,,32768
26,identity,0.05,2,0.1,256,512,4,0.20860980364410336,0.183528741413189,0.05259513050299786,0.39944713173300395,-0.017772475555202782,10.862483896231561,16,8.839779005524862,,,,131072
27,identity,0.05,2,0.1,1024,2048,1,0.12086001324906108,0.11433413654081606,0.05259513050299786,0.39944713173300395,0.1577271052348818,2.4401627510826924,4,2.2099447513812156,32768,131072,131072,8192
27,identity,0.05,2,0.1,1024,2048,2,0.12086001324906108,0.11433413654081606,0.05259513050299786,0.39944713173300395,0.1577271052348818,4.880325502165385,8,4.419889502762431,131072,524288,524288,32768
27,identity,0.05,2,0.1,1024,2048,4,0.12086001324906108,0.11433413654081606,0.05259513050299786,0.39944713173300395,0.1577271052348818,9.76065100433077,16,8.839779005524862,524288,,,131072
28,identity,0.05,2,0.1,4096,8192,1,0.08472050626323457,0.08262099059638485,0.05259513050299786,0.39944713173300395,0.2300061192065348,2.3200732974791034,4,2.2099447513812156,32768,32768,32768,8192
28,identity,0.05,2,0.1,4096,8192,2,0.08472050626323457,0.08262099059638485,0.05259513050299786,0.39944713173300395,0.2300061192065348,4.640146594958207,8,4.419889502762431,131072,131072,131072,32768
28,identity,0.05,2,0.1,4096,8192,4,0.08472050626323457,0.08262099059638485,0.05259513050299786,0.39944713173300395,0.2300061192065348,9.280293189916414,16,8.839779005524862,524288,524288,524288,131072
29,identity,0.05,2,0.1,16384,32768,1,0.06820605773265706,0.067419201230698,0.05259513050299786,0.39944713173300395,0.2630350162676898,2.263851400483479,4,2.2099447513812156,8192,32768,32768,8192
29,identity,0.05,2,0.1,16384,32768,2,0.06820605773265706,0.067419201230698,0.05259513050299786,0.39944713173300395,0.2630350162676898,4.527702800966958,8,4.419889502762431,32768,131072,131072,32768
29,identity,0.05,2,0.1,16384,32768,4,0.06820605773265706,0.067419201230698,0.05259513050299786,0.39944713173300395,0.2630350162676898,9.055405601933916,16,8.839779005524862,131072,524288,524288,131072
30,identity,0.1,2,0.02,64,128,1,0.1761912439107881,0.16831325794332447,0.110768178869954,0.3975534938694476,0.04517100604787139,2.663546596550133,4,2.4390243902439024,524288,,524288,32768
30,identity,0.1,2,0.02,64,128,2,0.1761912439107881,0.16831325794332447,0.110768178869954,0.3975534938694476,0.04517100604787139,5.327093193100266,8,4.878048780487805,,,,131072
30,identity,0.1,2,0.02,64,128,4,0.1761912439107881,0.16831325794332447,0.110768178869954,0.3975534938694476,0.04517100604787139,10.654186386200532,16,9.75609756097561,,,,524288
31,identity,0.1,2,0.02,256,512,1,0.13955387138252984,0.13706339450480817,0.110768178869954,0.3975534938694476,0.11844575110438793,2.5393987341049002,4,2.4390243902439024,131072,131072,131072,32768
31,identity,0.1,2,0.02,256,512,2,0.13955387138252984,0.13706339450480817,0.110768178869954,0.3975534938694476,0.11844575110438793,5.0787974682098005,8,4.878048780487805,524288,524288,524288,131072
31,identity,0.1,2,0.02,256,512,4,0.13955387138252984,0.13706339450480817,0.110768178869954,0.3975534938694476,0.11844575110438793,10.157594936419601,16,9.75609756097561,,,,524288
32,identity,0.1,2,0.02,1024,2048,1,0.12436079235178034,0.12350953625382827,0.110768178869954,0.3975534938694476,0.14883190916588693,2.4867092218317834,4,2.4390243902439024,32768,131072,131072,32768
32,identity,0.1,2,0.02,1024,2048,2,0.12436079235178034,0.12350953625382827,0.110768178869954,0.3975534938694476,0.14883190916588693,4.973418443663567,8,4.878048780487805,131072,524288,524288,131072
32,identity,0.1,2,0.02,1024,2048,4,0.12436079235178034,0.12350953625382827,0.110768178869954,0.3975534938694476,0.14883190916588693,9.946836887327134,16,9.75609756097561,524288,,,524288
33,identity,0.1,2,0.02,4096,8192,1,0.11739762007348838,0.11717462082651518,0.110768178869954,0.3975534938694476,0.16275825372247085,2.4623205268977144,4,2.4390243902439024,32768,131072,131072,32768
33,identity,0.1,2,0.02,4096,8192,2,0.11739762007348838,0.11717462082651518,0.110768178869954,0.3975534938694476,0.16275825372247085,4.924641053795429,8,4.878048780487805,131072,524288,524288,131072
33,identity,0.1,2,0.02,4096,8192,4,0.11739762007348838,0.11717462082651518,0.110768178869954,0.3975534938694476,0.16275825372247085,9.849282107590858,16,9.75609756097561,524288,,,524288
34,identity,0.1,2,0.02,16384,32768,1,0.11405985959421866,0.114109936742639,0.110768178869954,0.3975534938694476,0.16943377468101029,2.450575985652389,4,2.4390243902439024,32768,131072,131072,32768
34,identity,0.1,2,0.02,16384,32768,2,0.11405985959421866,0.114109936742639,0.110768178869954,0.3975534938694476,0.16943377468101029,4.901151971304778,8,4.878048780487805,131072,524288,524288,131072
34,identity,0.1,2,0.02,16384,32768,4,0.11405985959421866,0.114109936742639,0.110768178869954,0.3975534938694476,0.16943377468101029,9.802303942609557,16,9.75609756097561,524288,,,524288
35,identity,0.1,2,0.1,64,128,1,0.5714520274637125,0.4139784454087451,0.110768178869954,0.3975534938694476,-0.7453505610579774,3.7760979314151455,4,2.4390243902439024,,,,32768
35,identity,0.1,2,0.1,64,128,2,0.5714520274637125,0.4139784454087451,0.110768178869954,0.3975534938694476,-0.7453505610579774,7.552195862830291,8,4.878048780487805,,,,131072
35,identity,0.1,2,0.1,64,128,4,0.5714520274637125,0.4139784454087451,0.110768178869954,0.3975534938694476,-0.7453505610579774,15.104391725660582,16,9.75609756097561,,,,524288
36,identity,0.1,2,0.1,256,512,1,0.27572871301358626,0.24423403048544595,0.110768178869954,0.3975534938694476,-0.1539039321577249,2.9809975235424235,4,2.4390243902439024,,,,32768
36,identity,0.1,2,0.1,256,512,2,0.27572871301358626,0.24423403048544595,0.110768178869954,0.3975534938694476,-0.1539039321577249,5.961995047084847,8,4.878048780487805,,,,131072
36,identity,0.1,2,0.1,256,512,4,0.27572871301358626,0.24423403048544595,0.110768178869954,0.3975534938694476,-0.1539039321577249,11.923990094169694,16,9.75609756097561,,,,524288
37,identity,0.1,2,0.1,1024,2048,1,0.18294042847297218,0.17386020728716986,0.110768178869954,0.3975534938694476,0.03167263692350325,2.685975497234935,4,2.4390243902439024,,,,32768
37,identity,0.1,2,0.1,1024,2048,2,0.18294042847297218,0.17386020728716986,0.110768178869954,0.3975534938694476,0.03167263692350325,5.37195099446987,8,4.878048780487805,,,,131072
37,identity,0.1,2,0.1,1024,2048,4,0.18294042847297218,0.17386020728716986,0.110768178869954,0.3975534938694476,0.03167263692350325,10.74390198893974,16,9.75609756097561,,,,524288
38,identity,0.1,2,0.1,4096,8192,1,0.14474086635082214,0.1416085852407589,0.110768178869954,0.3975534938694476,0.10807176116780332,2.5572237154974933,4,2.4390243902439024,131072,131072,131072,32768
38,identity,0.1,2,0.1,4096,8192,2,0.14474086635082214,0.1416085852407589,0.110768178869954,0.3975534938694476,0.10807176116780332,5.1144474309949866,8,4.878048780487805,524288,524288,524288,131072
38,identity,0.1,2,0.1,4096,8192,4,0.14474086635082214,0.1416085852407589,0.110768178869954,0.3975534938694476,0.10807176116780332,10.228894861989973,16,9.75609756097561,,,,524288
39,identity,0.1,2,0.1,16384,32768,1,0.1272878179682045,0.12614911722074051,0.110768178869954,0.3975534938694476,0.14297785793303863,2.4969159217363797,4,2.4390243902439024,32768,131072,131072,32768
39,identity,0.1,2,0.1,16384,32768,2,0.1272878179682045,0.12614911722074051,0.110768178869954,0.3975534938694476,0.14297785793303863,4.993831843472759,8,4.878048780487805,131072,524288,524288,131072
39,identity,0.1,2,0.1,16384,32768,4,0.1272878179682045,0.12614911722074051,0.110768178869954,0.3975534938694476,0.14297785793303863,9.987663686945519,16,9.75609756097561,524288,,,524288
40,two_tap,0,3,0.02,64,192,1,0.09080536811363238,1.0,0.0,0.39999999999999997,0.2183892637727352,3.956351760104771,6,3.6000000000000005,32768,131072,,8192
40,two_tap,0,3,0.02,64,192,2,0.09080536811363238,1.0,0.0,0.39999999999999997,0.2183892637727352,7.912703520209542,12,7.200000000000001,131072,524288,,32768
40,two_tap,0,3,0.02,64,192,4,0.09080536811363238,1.0,0.0,0.39999999999999997,0.2183892637727352,15.825407040419083,24,14.400000000000002,524288,,,131072
41,two_tap,0,3,0.02,256,768,1,0.03948032192922136,1.0,0.0,0.39999999999999997,0.32103935614155726,3.761931490519904,6,3.6000000000000005,32768,32768,,8192
41,two_tap,0,3,0.02,256,768,2,0.03948032192922136,1.0,0.0,0.39999999999999997,0.32103935614155726,7.523862981039808,12,7.200000000000001,131072,131072,,32768
41,two_tap,0,3,0.02,256,768,4,0.03948032192922136,1.0,0.0,0.39999999999999997,0.32103935614155726,15.047725962079616,24,14.400000000000002,524288,524288,,131072
42,two_tap,0,3,0.02,1024,3072,1,0.01862337831647093,1.0,0.0,0.39999999999999997,0.3627532433670581,3.677626189592855,6,3.6000000000000005,32768,32768,,8192
42,two_tap,0,3,0.02,1024,3072,2,0.01862337831647093,1.0,0.0,0.39999999999999997,0.3627532433670581,7.35525237918571,12,7.200000000000001,131072,131072,,32768
42,two_tap,0,3,0.02,1024,3072,4,0.01862337831647093,1.0,0.0,0.39999999999999997,0.3627532433670581,14.71050475837142,24,14.400000000000002,131072,524288,,131072
43,two_tap,0,3,0.02,4096,12288,1,0.009132379573982488,1.0,0.0,0.39999999999999997,0.381735240852035,3.638207805044296,6,3.6000000000000005,8192,32768,,8192
43,two_tap,0,3,0.02,4096,12288,2,0.009132379573982488,1.0,0.0,0.39999999999999997,0.381735240852035,7.276415610088592,12,7.200000000000001,32768,131072,,32768
43,two_tap,0,3,0.02,4096,12288,4,0.009132379573982488,1.0,0.0,0.39999999999999997,0.381735240852035,14.552831220177184,24,14.400000000000002,131072,524288,,131072
44,two_tap,0,3,0.02,16384,49152,1,0.004596397482441052,1.0,0.0,0.39999999999999997,0.39080720503511784,3.61913168869094,6,3.6000000000000005,8192,32768,,8192
44,two_tap,0,3,0.02,16384,49152,2,0.004596397482441052,1.0,0.0,0.39999999999999997,0.39080720503511784,7.23826337738188,12,7.200000000000001,32768,131072,,32768
44,two_tap,0,3,0.02,16384,49152,4,0.004596397482441052,1.0,0.0,0.39999999999999997,0.39080720503511784,14.47652675476376,24,14.400000000000002,131072,524288,,131072
45,two_tap,0,3,0.1,64,192,1,0.8885367809080821,1.0,0.0,0.39999999999999997,-1.3770735618161642,5.747825741349184,6,3.6000000000000005,,,,8192
45,two_tap,0,3,0.1,64,192,2,0.8885367809080821,1.0,0.0,0.39999999999999997,-1.3770735618161642,11.495651482698367,12,7.200000000000001,,,,32768
45,two_tap,0,3,0.1,64,192,4,0.8885367809080821,1.0,0.0,0.39999999999999997,-1.3770735618161642,22.991302965396734,24,14.400000000000002,,,,131072
46,two_tap,0,3,0.1,256,768,1,0.2595028435669664,1.0,0.0,0.39999999999999997,-0.11900568713393284,4.479035259478658,6,3.6000000000000005,,,,8192
46,two_tap,0,3,0.1,256,768,2,0.2595028435669664,1.0,0.0,0.39999999999999997,-0.11900568713393284,8.958070518957316,12,7.200000000000001,,,,32768
46,two_tap,0,3,0.1,256,768,4,0.2595028435669664,1.0,0.0,0.39999999999999997,-0.11900568713393284,17.91614103791463,24,14.400000000000002,,,,131072
47,two_tap,0,3,0.1,1024,3072,1,0.10362617557888731,1.0,0.0,0.39999999999999997,0.19274764884222534,4.002140869308019,6,3.6000000000000005,131072,131072,,8192
47,two_tap,0,3,0.1,1024,3072,2,0.10362617557888731,1.0,0.0,0.39999999999999997,0.19274764884222534,8.004281738616038,12,7.200000000000001,524288,524288,,32768
47,two_tap,0,3,0.1,1024,3072,4,0.10362617557888731,1.0,0.0,0.39999999999999997,0.19274764884222534,16.008563477232077,24,14.400000000000002,,,,131072
48,two_tap,0,3,0.1,4096,12288,1,0.047354513750944134,1.0,0.0,0.39999999999999997,0.3052909724981117,3.7929462981165734,6,3.6000000000000005,32768,32768,,8192
48,two_tap,0,3,0.1,4096,12288,2,0.047354513750944134,1.0,0.0,0.39999999999999997,0.3052909724981117,7.585892596233147,12,7.200000000000001,131072,131072,,32768
48,two_tap,0,3,0.1,4096,12288,4,0.047354513750944134,1.0,0.0,0.39999999999999997,0.3052909724981117,15.171785192466293,24,14.400000000000002,524288,524288,,131072
49,two_tap,0,3,0.1,16384,49152,1,0.022792060725522326,1.0,0.0,0.39999999999999997,0.3544158785489553,3.6947294261158654,6,3.6000000000000005,32768,32768,,8192
49,two_tap,0,3,0.1,16384,49152,2,0.022792060725522326,1.0,0.0,0.39999999999999997,0.3544158785489553,7.389458852231731,12,7.200000000000001,131072,131072,,32768
49,two_tap,0,3,0.1,16384,49152,4,0.022792060725522326,1.0,0.0,0.39999999999999997,0.3544158785489553,14.778917704463462,24,14.400000000000002,524288,524288,,131072
50,two_tap,0.025,3,0.02,64,192,1,0.11428498441742334,1.0,0.025636811139883618,0.39989182158090375,0.17132185274605707,4.072484886441028,6,3.708472830285861,131072,131072,,32768
50,two_tap,0.025,3,0.02,64,192,2,0.11428498441742334,1.0,0.025636811139883618,0.39989182158090375,0.17132185274605707,8.144969772882057,12,7.416945660571722,524288,524288,,131072
50,two_tap,0.025,3,0.02,64,192,4,0.11428498441742334,1.0,0.025636811139883618,0.39989182158090375,0.17132185274605707,16.289939545764113,24,14.833891321143444,,,,524288
51,two_tap,0.025,3,0.02,256,768,1,0.06342766520528936,1.0,0.025636811139883618,0.39989182158090375,0.273036491170325,3.87392412142661,6,3.708472830285861,32768,131072,,32768
51,two_tap,0.025,3,0.02,256,768,2,0.06342766520528936,1.0,0.025636811139883618,0.39989182158090375,0.273036491170325,7.74784824285322,12,7.416945660571722,131072,524288,,131072
51,two_tap,0.025,3,0.02,256,768,4,0.06342766520528936,1.0,0.025636811139883618,0.39989182158090375,0.273036491170325,15.49569648570644,24,14.833891321143444,524288,,,524288
52,two_tap,0.025,3,0.02,1024,3072,1,0.043224674595472835,1.0,0.025636811139883618,0.39989182158090375,0.3134424723899581,3.787810621748289,6,3.708472830285861,32768,32768,,32768
52,two_tap,0.025,3,0.02,1024,3072,2,0.043224674595472835,1.0,0.025636811139883618,0.39989182158090375,0.3134424723899581,7.575621243496578,12,7.416945660571722,131072,131072,,131072
52,two_tap,0.025,3,0.02,1024,3072,4,0.043224674595472835,1.0,0.025636811139883618,0.39989182158090375,0.3134424723899581,15.151242486993157,24,14.833891321143444,524288,524288,,524288
53,two_tap,0.025,3,0.02,4096,12288,1,0.0341967768425037,1.0,0.025636811139883618,0.39989182158090375,0.33149826789589637,3.7475440162813998,6,3.708472830285861,32768,32768,,32768
53,two_tap,0.025,3,0.02,4096,12288,2,0.0341967768425037,1.0,0.025636811139883618,0.39989182158090375,0.33149826789589637,7.4950880325627995,12,7.416945660571722,131072,131072,,131072
53,two_tap,0.025,3,0.02,4096,12288,4,0.0341967768425037,1.0,0.025636811139883618,0.39989182158090375,0.33149826789589637,14.990176065125599,24,14.833891321143444,524288,524288,,524288
54,two_tap,0.025,3,0.02,16384,49152,1,0.02993200281158409,1.0,0.025636811139883618,0.39989182158090375,0.34002781595773557,3.7280567668475135,6,3.708472830285861,32768,32768,,32768
54,two_tap,0.025,3,0.02,16384,49152,2,0.02993200281158409,1.0,0.025636811139883618,0.39989182158090375,0.34002781595773557,7.456113533695027,12,7.416945660571722,131072,131072,,131072
54,two_tap,0.025,3,0.02,16384,49152,4,0.02993200281158409,1.0,0.025636811139883618,0.39989182158090375,0.34002781595773557,14.912227067390054,24,14.833891321143444,524288,524288,,524288
55,two_tap,0.025,3,0.1,64,192,1,0.9137787955437366,1.0,0.025636811139883618,0.39989182158090375,-1.4276657695065695,5.900578479895714,6,3.708472830285861,,,,32768
55,two_tap,0.025,3,0.1,64,192,2,0.9137787955437366,1.0,0.025636811139883618,0.39989182158090375,-1.4276657695065695,11.801156959791427,12,7.416945660571722,,,,131072
55,two_tap,0.025,3,0.1,64,192,4,0.9137787955437366,1.0,0.025636811139883618,0.39989182158090375,-1.4276657695065695,23.602313919582855,24,14.833891321143444,,,,524288
56,two_tap,0.025,3,0.1,256,768,1,0.2849720404196845,1.0,0.025636811139883618,0.39989182158090375,-0.17005225925846523,4.606115285280592,6,3.708472830285861,,,,32768
56,two_tap,0.025,3,0.1,256,768,2,0.2849720404196845,1.0,0.025636811139883618,0.39989182158090375,-0.17005225925846523,9.212230570561184,12,7.416945660571722,,,,131072
56,two_tap,0.025,3,0.1,256,768,4,0.2849720404196845,1.0,0.025636811139883618,0.39989182158090375,-0.17005225925846523,18.424461141122368,24,14.833891321143444,,,,524288
57,two_tap,0.025,3,0.1,1024,3072,1,0.12712504883601092,1.0,0.025636811139883618,0.39989182158090375,0.14564172390888191,4.1192434141526615,6,3.708472830285861,131072,524288,,32768
57,two_tap,0.025,3,0.1,1024,3072,2,0.12712504883601092,1.0,0.025636811139883618,0.39989182158090375,0.14564172390888191,8.238486828305323,12,7.416945660571722,524288,,,131072
57,two_tap,0.025,3,0.1,1024,3072,4,0.12712504883601092,1.0,0.025636811139883618,0.39989182158090375,0.14564172390888191,16.476973656610646,24,14.833891321143444,,,,524288
58,two_tap,0.025,3,0.1,4096,12288,1,0.0711481389250765,1.0,0.025636811139883618,0.39989182158090375,0.2575955437307508,3.9056021542866164,6,3.708472830285861,32768,131072,,32768
58,two_tap,0.025,3,0.1,4096,12288,2,0.0711481389250765,1.0,0.025636811139883618,0.39989182158090375,0.2575955437307508,7.811204308573233,12,7.416945660571722,131072,524288,,131072
58,two_tap,0.025,3,0.1,4096,12288,4,0.0711481389250765,1.0,0.025636811139883618,0.39989182158090375,0.2575955437307508,15.622408617146466,24,14.833891321143444,524288,,,524288
59,two_tap,0.025,3,0.1,16384,49152,1,0.04722753651038033,1.0,0.025636811139883618,0.39989182158090375,0.3054367485601431,3.805281339316253,6,3.708472830285861,32768,32768,,32768
59,two_tap,0.025,3,0.1,16384,49152,2,0.04722753651038033,1.0,0.025636811139883618,0.39989182158090375,0.3054367485601431,7.610562678632506,12,7.416945660571722,131072,131072,,131072
59,two_tap,0.025,3,0.1,16384,49152,4,0.04722753651038033,1.0,0.025636811139883618,0.39989182158090375,0.3054367485601431,15.221125357265011,24,14.833891321143444,524288,524288,,524288
60,two_tap,0.05,3,0.02,64,192,1,0.14237808233856683,1.0,0.05259513050299786,0.39955436469890676,0.1147982000217731,4.189280361747945,6,3.8176033934252374,131072,524288,,32768
60,two_tap,0.05,3,0.02,64,192,2,0.14237808233856683,1.0,0.05259513050299786,0.39955436469890676,0.1147982000217731,8.37856072349589,12,7.635206786850475,524288,,,131072
60,two_tap,0.05,3,0.02,64,192,4,0.14237808233856683,1.0,0.05259513050299786,0.39955436469890676,0.1147982000217731,16.75712144699178,24,15.27041357370095,,,,524288
61,two_tap,0.05,3,0.02,256,768,1,0.09116360977187711,1.0,0.05259513050299786,0.39955436469890676,0.21722714515515254,3.9865778417982844,6,3.8176033934252374,32768,131072,,32768
61,two_tap,0.05,3,0.02,256,768,2,0.09116360977187711,1.0,0.05259513050299786,0.39955436469890676,0.21722714515515254,7.973155683596569,12,7.635206786850475,131072,524288,,131072
61,two_tap,0.05,3,0.02,256,768,4,0.09116360977187711,1.0,0.05259513050299786,0.39955436469890676,0.21722714515515254,15.946311367193138,24,15.27041357370095,524288,,,524288
62,two_tap,0.05,3,0.02,1024,3072,1,0.07067525349680703,1.0,0.05259513050299786,0.39955436469890676,0.2582038577052927,3.898655543151422,6,3.8176033934252374,32768,131072,,32768
62,two_tap,0.05,3,0.02,1024,3072,2,0.07067525349680703,1.0,0.05259513050299786,0.39955436469890676,0.2582038577052927,7.797311086302844,12,7.635206786850475,131072,524288,,131072
62,two_tap,0.05,3,0.02,1024,3072,4,0.07067525349680703,1.0,0.05259513050299786,0.39955436469890676,0.2582038577052927,15.594622172605687,24,15.27041357370095,524288,,,524288
63,two_tap,0.05,3,0.02,4096,12288,1,0.06144168304511071,1.0,0.05259513050299786,0.39955436469890676,0.2766709986086853,3.8575404244203972,6,3.8176033934252374,32768,131072,,32768
63,two_tap,0.05,3,0.02,4096,12288,2,0.06144168304511071,1.0,0.05259513050299786,0.39955436469890676,0.2766709986086853,7.7150808488407945,12,7.635206786850475,131072,524288,,131072
63,two_tap,0.05,3,0.02,4096,12288,4,0.06144168304511071,1.0,0.05259513050299786,0.39955436469890676,0.2766709986086853,15.430161697681589,24,15.27041357370095,524288,,,524288
64,two_tap,0.05,3,0.02,16384,49152,1,0.057052542030140756,1.0,0.05259513050299786,0.39955436469890676,0.28544928063862524,3.8376418976979925,6,3.8176033934252374,32768,131072,,32768
64,two_tap,0.05,3,0.02,16384,49152,2,0.057052542030140756,1.0,0.05259513050299786,0.39955436469890676,0.28544928063862524,7.675283795395985,12,7.635206786850475,131072,524288,,131072
64,two_tap,0.05,3,0.02,16384,49152,4,0.057052542030140756,1.0,0.05259513050299786,0.39955436469890676,0.28544928063862524,15.35056759079197,24,15.27041357370095,524288,524288,,524288
65,two_tap,0.05,3,0.1,64,192,1,0.9382136304622261,1.0,0.05259513050299786,0.39955436469890676,-1.4768728962255453,6.0,6,3.8176033934252374,,,,32768
65,two_tap,0.05,3,0.1,64,192,2,0.9382136304622261,1.0,0.05259513050299786,0.39955436469890676,-1.4768728962255453,12.0,12,7.635206786850475,,,,131072
65,two_tap,0.05,3,0.1,64,192,4,0.9382136304622261,1.0,0.05259513050299786,0.39955436469890676,-1.4768728962255453,24.0,24,15.27041357370095,,,,524288
66,two_tap,0.05,3,0.1,256,768,1,0.3148590845097562,1.0,0.05259513050299786,0.39955436469890676,-0.23016380432060562,4.733860265663,6,3.8176033934252374,,,,32768
66,two_tap,0.05,3,0.1,256,768,2,0.3148590845097562,1.0,0.05259513050299786,0.39955436469890676,-0.23016380432060562,9.467720531326,12,7.635206786850475,,,,131072
66,two_tap,0.05,3,0.1,256,768,4,0.3148590845097562,1.0,0.05259513050299786,0.39955436469890676,-0.23016380432060562,18.935441062652,24,15.27041357370095,,,,524288
67,two_tap,0.05,3,0.1,1024,3072,1,0.15529598120716326,1.0,0.05259513050299786,0.39955436469890676,0.08896240228458024,4.237008580341206,6,3.8176033934252374,524288,524288,,32768
67,two_tap,0.05,3,0.1,1024,3072,2,0.15529598120716326,1.0,0.05259513050299786,0.39955436469890676,0.08896240228458024,8.474017160682411,12,7.635206786850475,,,,131072
67,two_tap,0.05,3,0.1,1024,3072,4,0.15529598120716326,1.0,0.05259513050299786,0.39955436469890676,0.08896240228458024,16.948034321364823,24,15.27041357370095,,,,524288
68,two_tap,0.05,3,0.1,4096,12288,1,0.09895672737543412,1.0,0.05259513050299786,0.39955436469890676,0.20164090994803852,4.018919312327178,6,3.8176033934252374,131072,131072,,32768
68,two_tap,0.05,3,0.1,4096,12288,2,0.09895672737543412,1.0,0.05259513050299786,0.39955436469890676,0.20164090994803852,8.037838624654356,12,7.635206786850475,524288,524288,,131072
68,two_tap,0.05,3,0.1,4096,12288,4,0.09895672737543412,1.0,0.05259513050299786,0.39955436469890676,0.20164090994803852,16.07567724930871,24,15.27041357370095,524288,,,524288
69,two_tap,0.05,3,0.1,16384,49152,1,0.07475014208773771,1.0,0.05259513050299786,0.39955436469890676,0.25005408052343137,3.91649386626918,6,3.8176033934252374,32768,131072,,32768
69,two_tap,0.05,3,0.1,16384,49152,2,0.07475014208773771,1.0,0.05259513050299786,0.39955436469890676,0.25005408052343137,7.83298773253836,12,7.635206786850475,131072,524288,,131072
69,two_tap,0.05,3,0.1,16384,49152,4,0.07475014208773771,1.0,0.05259513050299786,0.39955436469890676,0.25005408052343137,15.66597546507672,24,15.27041357370095,524288,,,524288
70,two_tap,0.1,3,0.02,64,192,1,0.20627028047928528,1.0,0.110768178869954,0.3981121368943692,-0.014428424064201362,4.422764056107587,6,4.035874439461885,,,,131072
70,two_tap,0.1,3,0.02,64,192,2,0.20627028047928528,1.0,0.110768178869954,0.3981121368943692,-0.014428424064201362,8.845528112215174,12,8.07174887892377,,,,524288
70,two_tap,0.1,3,0.02,64,192,4,0.20627028047928528,1.0,0.110768178869954,0.3981121368943692,-0.014428424064201362,17.691056224430348,24,16.14349775784754,,,,
71,two_tap,0.1,3,0.02,256,768,1,0.1521068834735693,1.0,0.110768178869954,0.3981121368943692,0.09389836994723061,4.211845381172335,6,4.035874439461885,524288,524288,,131072
71,two_tap,0.1,3,0.02,256,768,2,0.1521068834735693,1.0,0.110768178869954,0.3981121368943692,0.09389836994723061,8.42369076234467,12,8.07174887892377,,,,524288
71,two_tap,0.1,3,0.02,256,768,4,0.1521068834735693,1.0,0.110768178869954,0.3981121368943692,0.09389836994723061,16.84738152468934,24,16.14349775784754,,,,
72,two_tap,0.1,3,0.02,1024,3072,1,0.1302486896488953,1.0,0.110768178869954,0.3981121368943692,0.1376147575965786,4.120334756590026,6,4.035874439461885,131072,524288,,131072
72,two_tap,0.1,3,0.02,1024,3072,2,0.1302486896488953,1.0,0.110768178869954,0.3981121368943692,0.1376147575965786,8.240669513180052,12,8.07174887892377,524288,,,524288
72,two_tap,0.1,3,0.02,1024,3072,4,0.1302486896488953,1.0,0.110768178869954,0.3981121368943692,0.1376147575965786,16.481339026360104,24,16.14349775784754,,,,
73,two_tap,0.1,3,0.02,4096,12288,1,0.12033870788414766,1.0,0.110768178869954,0.3981121368943692,0.15743472112607387,4.077536312092558,6,4.035874439461885,131072,131072,,131072
73,two_tap,0.1,3,0.02,4096,12288,2,0.12033870788414766,1.0,0.110768178869954,0.3981121368943692,0.15743472112607387,8.155072624185117,12,8.07174887892377,524288,524288,,524288
73,two_tap,0.1,3,0.02,4096,12288,4,0.12033870788414766,1.0,0.110768178869954,0.3981121368943692,0.15743472112607387,16.310145248370233,24,16.14349775784754,,,,
74,two_tap,0.1,3,0.02,16384,49152,1,0.11561157525484485,1.0,0.110768178869954,0.3981121368943692,0.1668889863846795,4.056821864431888,6,4.035874439461885,131072,131072,,131072
74,two_tap,0.1,3,0.02,16384,49152,2,0.11561157525484485,1.0,0.110768178869954,0.3981121368943692,0.1668889863846795,8.113643728863776,12,8.07174887892377,524288,524288,,524288
74,two_tap,0.1,3,0.02,16384,49152,4,0.11561157525484485,1.0,0.110768178869954,0.3981121368943692,0.1668889863846795,16.227287457727552,24,16.14349775784754,,,,
75,two_tap,0.1,3,0.1,64,192,1,0.9792181257375333,1.0,0.110768178869954,0.3981121368943692,-1.5603241145806974,6.0,6,4.035874439461885,,,,131072
75,two_tap,0.1,3,0.1,64,192,2,0.9792181257375333,1.0,0.110768178869954,0.3981121368943692,-1.5603241145806974,12.0,12,8.07174887892377,,,,524288
75,two_tap,0.1,3,0.1,64,192,4,0.9792181257375333,1.0,0.110768178869954,0.3981121368943692,-1.5603241145806974,24.0,24,16.14349775784754,,,,
76,two_tap,0.1,3,0.1,256,768,1,0.3873072177518854,1.0,0.110768178869954,0.3981121368943692,-0.37650229860940165,4.989062834622765,6,4.035874439461885,,,,131072
76,two_tap,0.1,3,0.1,256,768,2,0.3873072177518854,1.0,0.110768178869954,0.3981121368943692,-0.37650229860940165,9.97812566924553,12,8.07174887892377,,,,524288
76,two_tap,0.1,3,0.1,256,768,4,0.3873072177518854,1.0,0.110768178869954,0.3981121368943692,-0.37650229860940165,19.95625133849106,24,16.14349775784754,,,,
77,two_tap,0.1,3,0.1,1024,3072,1,0.21986858197066622,1.0,0.110768178869954,0.3981121368943692,-0.04162502704696325,4.47241582260658,6,4.035874439461885,,,,131072
77,two_tap,0.1,3,0.1,1024,3072,2,0.21986858197066622,1.0,0.110768178869954,0.3981121368943692,-0.04162502704696325,8.94483164521316,12,8.07174887892377,,,,524288
77,two_tap,0.1,3,0.1,1024,3072,4,0.21986858197066622,1.0,0.110768178869954,0.3981121368943692,-0.04162502704696325,17.88966329042632,24,16.14349775784754,,,,
78,two_tap,0.1,3,0.1,4096,12288,1,0.16038459100674105,1.0,0.110768178869954,0.3981121368943692,0.0773429548808871,4.245502968409995,6,4.035874439461885,524288,,,131072
78,two_tap,0.1,3,0.1,4096,12288,2,0.16038459100674105,1.0,0.110768178869954,0.3981121368943692,0.0773429548808871,8.49100593681999,12,8.07174887892377,,,,524288
78,two_tap,0.1,3,0.1,4096,12288,4,0.16038459100674105,1.0,0.110768178869954,0.3981121368943692,0.0773429548808871,16.98201187363998,24,16.14349775784754,,,,
79,two_tap,0.1,3,0.1,16384,49152,1,0.13460903732083634,1.0,0.110768178869954,0.3981121368943692,0.1288940622526965,4.138902349013736,6,4.035874439461885,131072,524288,,131072
79,two_tap,0.1,3,0.1,16384,49152,2,0.13460903732083634,1.0,0.110768178869954,0.3981121368943692,0.1288940622526965,8.277804698027472,12,8.07174887892377,524288,,,524288
79,two_tap,0.1,3,0.1,16384,49152,4,0.13460903732083634,1.0,0.110768178869954,0.3981121368943692,0.1288940622526965,16.555609396054944,24,16.14349775784754,,,,
80,no_dominant_tap,0,4,0.02,64,256,1,0.2810997356264835,1.0,0.0,0.35151515151515167,-0.21068431973781532,5.420736410391449,8,4.909090909090908,,,,32768
80,no_dominant_tap,0,4,0.02,64,256,2,0.2810997356264835,1.0,0.0,0.35151515151515167,-0.21068431973781532,10.841472820782897,16,9.818181818181817,,,,131072
80,no_dominant_tap,0,4,0.02,64,256,4,0.2810997356264835,1.0,0.0,0.35151515151515167,-0.21068431973781532,21.682945641565794,32,19.636363636363633,,,,524288
81,no_dominant_tap,0,4,0.02,256,1024,1,0.09575314413697825,1.0,0.0,0.35151515151515167,0.16000886324119518,5.143956664025518,8,4.909090909090908,131072,524288,,32768
81,no_dominant_tap,0,4,0.02,256,1024,2,0.09575314413697825,1.0,0.0,0.35151515151515167,0.16000886324119518,10.287913328051037,16,9.818181818181817,524288,,,131072
81,no_dominant_tap,0,4,0.02,256,1024,4,0.09575314413697825,1.0,0.0,0.35151515151515167,0.16000886324119518,20.575826656102073,32,19.636363636363633,,,,524288
82,no_dominant_tap,0,4,0.02,1024,4096,1,0.04228043037734828,1.0,0.0,0.35151515151515167,0.2669542907604551,5.022433818966585,8,4.909090909090908,32768,131072,,32768
82,no_dominant_tap,0,4,0.02,1024,4096,2,0.04228043037734828,1.0,0.0,0.35151515151515167,0.2669542907604551,10.04486763793317,16,9.818181818181817,131072,524288,,131072
82,no_dominant_tap,0,4,0.02,1024,4096,4,0.04228043037734828,1.0,0.0,0.35151515151515167,0.2669542907604551,20.08973527586634,32,19.636363636363633,524288,,,524288
83,no_dominant_tap,0,4,0.02,4096,16384,1,0.02033483386278171,1.0,0.0,0.35151515151515167,0.31084548378958826,4.965281861350631,8,4.909090909090908,32768,131072,,32768
83,no_dominant_tap,0,4,0.02,4096,16384,2,0.02033483386278171,1.0,0.0,0.35151515151515167,0.31084548378958826,9.930563722701262,16,9.818181818181817,131072,524288,,131072
83,no_dominant_tap,0,4,0.02,4096,16384,4,0.02033483386278171,1.0,0.0,0.35151515151515167,0.31084548378958826,19.861127445402524,32,19.636363636363633,524288,,,524288
84,no_dominant_tap,0,4,0.02,16384,65536,1,0.010282890164778796,1.0,0.0,0.35151515151515167,0.3309493711855941,4.937545152102235,8,4.909090909090908,32768,131072,,32768
84,no_dominant_tap,0,4,0.02,16384,65536,2,0.010282890164778796,1.0,0.0,0.35151515151515167,0.3309493711855941,9.87509030420447,16,9.818181818181817,131072,524288,,131072
84,no_dominant_tap,0,4,0.02,16384,65536,4,0.010282890164778796,1.0,0.0,0.35151515151515167,0.3309493711855941,19.75018060840894,32,19.636363636363633,524288,,,524288
85,no_dominant_tap,0,4,0.1,64,256,1,1.0,1.0,0.0,0.35151515151515167,-1.6484848484848484,8.0,8,4.909090909090908,,,,32768
85,no_dominant_tap,0,4,0.1,64,256,2,1.0,1.0,0.0,0.35151515151515167,-1.6484848484848484,16.0,16,9.818181818181817,,,,131072
85,no_dominant_tap,0,4,0.1,64,256,4,1.0,1.0,0.0,0.35151515151515167,-1.6484848484848484,32.0,32,19.636363636363633,,,,524288
86,no_dominant_tap,0,4,0.1,256,1024,1,0.8036008299563463,1.0,0.0,0.35151515151515167,-1.2556865083975408,6.18840083580603,8,4.909090909090908,,,,32768
86,no_dominant_tap,0,4,0.1,256,1024,2,0.8036008299563463,1.0,0.0,0.35151515151515167,-1.2556865083975408,12.37680167161206,16,9.818181818181817,,,,131072
86,no_dominant_tap,0,4,0.1,256,1024,4,0.8036008299563463,1.0,0.0,0.35151515151515167,-1.2556865083975408,24.75360334322412,32,19.636363636363633,,,,524288
87,no_dominant_tap,0,4,0.1,1024,4096,1,0.3635265438883472,1.0,0.0,0.35151515151515167,-0.37553793626154275,5.495421294421022,8,4.909090909090908,,,,32768
87,no_dominant_tap,0,4,0.1,1024,4096,2,0.3635265438883472,1.0,0.0,0.35151515151515167,-0.37553793626154275,10.990842588842044,16,9.818181818181817,,,,131072
87,no_dominant_tap,0,4,0.1,1024,4096,4,0.3635265438883472,1.0,0.0,0.35151515151515167,-0.37553793626154275,21.98168517768409,32,19.636363636363633,,,,524288
88,no_dominant_tap,0,4,0.1,4096,16384,1,0.11956445062931848,1.0,0.0,0.35151515151515167,0.11238625025651472,5.1908680575931045,8,4.909090909090908,524288,524288,,32768
88,no_dominant_tap,0,4,0.1,4096,16384,2,0.11956445062931848,1.0,0.0,0.35151515151515167,0.11238625025651472,10.381736115186209,16,9.818181818181817,,,,131072
88,no_dominant_tap,0,4,0.1,4096,16384,4,0.11956445062931848,1.0,0.0,0.35151515151515167,0.11238625025651472,20.763472230372418,32,19.636363636363633,,,,524288
89,no_dominant_tap,0,4,0.1,16384,65536,1,0.0525974732655061,1.0,0.0,0.35151515151515167,0.24632020498413948,5.047765033033864,8,4.909090909090908,131072,131072,,32768
89,no_dominant_tap,0,4,0.1,16384,65536,2,0.0525974732655061,1.0,0.0,0.35151515151515167,0.24632020498413948,10.095530066067727,16,9.818181818181817,131072,524288,,131072
89,no_dominant_tap,0,4,0.1,16384,65536,4,0.0525974732655061,1.0,0.0,0.35151515151515167,0.24632020498413948,20.191060132135455,32,19.636363636363633,524288,,,524288
90,no_dominant_tap,0.025,4,0.02,64,256,1,0.2992099288966678,1.0,0.025636811139883618,0.35218605960490945,-0.24623379818842617,5.524044158886137,8,5.00521376433785,,,,32768
90,no_dominant_tap,0.025,4,0.02,64,256,2,0.2992099288966678,1.0,0.025636811139883618,0.35218605960490945,-0.24623379818842617,11.048088317772274,16,10.0104275286757,,,,131072
90,no_dominant_tap,0.025,4,0.02,64,256,4,0.2992099288966678,1.0,0.025636811139883618,0.35218605960490945,-0.24623379818842617,22.09617663554455,32,20.0208550573514,,,,524288
91,no_dominant_tap,0.025,4,0.02,256,1024,1,0.10764631081237148,1.0,0.025636811139883618,0.35218605960490945,0.13689343798016648,5.243424265652416,8,5.00521376433785,131072,524288,,32768
91,no_dominant_tap,0.025,4,0.02,256,1024,2,0.10764631081237148,1.0,0.025636811139883618,0.35218605960490945,0.13689343798016648,10.486848531304831,16,10.0104275286757,524288,,,131072
91,no_dominant_tap,0.025,4,0.02,256,1024,4,0.10764631081237148,1.0,0.025636811139883618,0.35218605960490945,0.13689343798016648,20.973697062609663,32,20.0208550573514,,,,524288
92,no_dominant_tap,0.025,4,0.02,1024,4096,1,0.056149024128699675,1.0,0.025636811139883618,0.35218605960490945,0.2398880113475101,5.120202931326761,8,5.00521376433785,131072,131072,,32768
92,no_dominant_tap,0.025,4,0.02,1024,4096,2,0.056149024128699675,1.0,0.025636811139883618,0.35218605960490945,0.2398880113475101,10.240405862653523,16,10.0104275286757,524288,524288,,131072
92,no_dominant_tap,0.025,4,0.02,1024,4096,4,0.056149024128699675,1.0,0.025636811139883618,0.35218605960490945,0.2398880113475101,20.480811725307046,32,20.0208550573514,,,,524288
93,no_dominant_tap,0.025,4,0.02,4096,16384,1,0.03916131563836572,1.0,0.025636811139883618,0.35218605960490945,0.273863428328178,5.062249435708549,8,5.00521376433785,32768,131072,,32768
93,no_dominant_tap,0.025,4,0.02,4096,16384,2,0.03916131563836572,1.0,0.025636811139883618,0.35218605960490945,0.273863428328178,10.124498871417098,16,10.0104275286757,131072,524288,,131072
93,no_dominant_tap,0.025,4,0.02,4096,16384,4,0.03916131563836572,1.0,0.025636811139883618,0.35218605960490945,0.273863428328178,20.248997742834195,32,20.0208550573514,524288,,,524288
94,no_dominant_tap,0.025,4,0.02,16384,65536,1,0.03228181916739907,1.0,0.025636811139883618,0.35218605960490945,0.2876224212701113,5.03412308264952,8,5.00521376433785,32768,131072,,32768
94,no_dominant_tap,0.025,4,0.02,16384,65536,2,0.03228181916739907,1.0,0.025636811139883618,0.35218605960490945,0.2876224212701113,10.06824616529904,16,10.0104275286757,131072,524288,,131072
94,no_dominant_tap,0.025,4,0.02,16384,65536,4,0.03228181916739907,1.0,0.025636811139883618,0.35218605960490945,0.2876224212701113,20.13649233059808,32,20.0208550573514,524288,,,524288
95,no_dominant_tap,0.025,4,0.1,64,256,1,1.0,1.0,0.025636811139883618,0.35218605960490945,-1.6478139403950904,8.0,8,5.00521376433785,,,,32768
95,no_dominant_tap,0.025,4,0.1,64,256,2,1.0,1.0,0.025636811139883618,0.35218605960490945,-1.6478139403950904,16.0,16,10.0104275286757,,,,131072
95,no_dominant_tap,0.025,4,0.1,64,256,4,1.0,1.0,0.025636811139883618,0.35218605960490945,-1.6478139403950904,32.0,32,20.0208550573514,,,,524288
96,no_dominant_tap,0.025,4,0.1,256,1024,1,0.8201982954082455,1.0,0.025636811139883618,0.35218605960490945,-1.2882105312115817,6.30217414163076,8,5.00521376433785,,,,32768
96,no_dominant_tap,0.025,4,0.1,256,1024,2,0.8201982954082455,1.0,0.025636811139883618,0.35218605960490945,-1.2882105312115817,12.60434828326152,16,10.0104275286757,,,,131072
96,no_dominant_tap,0.025,4,0.1,256,1024,4,0.8201982954082455,1.0,0.025636811139883618,0.35218605960490945,-1.2882105312115817,25.20869656652304,32,20.0208550573514,,,,524288
97,no_dominant_tap,0.025,4,0.1,1024,4096,1,0.38683379409781854,1.0,0.025636811139883618,0.35218605960490945,-0.4214815285907276,5.599758801860345,8,5.00521376433785,,,,32768
97,no_dominant_tap,0.025,4,0.1,1024,4096,2,0.38683379409781854,1.0,0.025636811139883618,0.35218605960490945,-0.4214815285907276,11.19951760372069,16,10.0104275286757,,,,131072
97,no_dominant_tap,0.025,4,0.1,1024,4096,4,0.38683379409781854,1.0,0.025636811139883618,0.35218605960490945,-0.4214815285907276,22.39903520744138,32,20.0208550573514,,,,524288
98,no_dominant_tap,0.025,4,0.1,4096,16384,1,0.13170904983442078,1.0,0.025636811139883618,0.35218605960490945,0.0887679599360679,5.290989251108768,8,5.00521376433785,524288,,,32768
98,no_dominant_tap,0.025,4,0.1,4096,16384,2,0.13170904983442078,1.0,0.025636811139883618,0.35218605960490945,0.0887679599360679,10.581978502217536,16,10.0104275286757,,,,131072
98,no_dominant_tap,0.025,4,0.1,4096,16384,4,0.13170904983442078,1.0,0.025636811139883618,0.35218605960490945,0.0887679599360679,21.163957004435073,32,20.0208550573514,,,,524288
99,no_dominant_tap,0.025,4,0.1,16384,65536,1,0.06537335417046916,1.0,0.025636811139883618,0.35218605960490945,0.22143935126397113,5.145888841255405,8,5.00521376433785,131072,131072,,32768
99,no_dominant_tap,0.025,4,0.1,16384,65536,2,0.06537335417046916,1.0,0.025636811139883618,0.35218605960490945,0.22143935126397113,10.29177768251081,16,10.0104275286757,524288,524288,,131072
99,no_dominant_tap,0.025,4,0.1,16384,65536,4,0.06537335417046916,1.0,0.025636811139883618,0.35218605960490945,0.22143935126397113,20.58355536502162,32,20.0208550573514,,,,524288
100,no_dominant_tap,0.05,4,0.02,64,256,1,0.3200416634575018,1.0,0.05259513050299786,0.35272375086834873,-0.28735957604665485,5.625841291918769,8,5.099952778215017,,,,131072
100,no_dominant_tap,0.05,4,0.02,64,256,2,0.3200416634575018,1.0,0.05259513050299786,0.35272375086834873,-0.28735957604665485,11.251682583837537,16,10.199905556430034,,,,524288
100,no_dominant_tap,0.05,4,0.02,64,256,4,0.3200416634575018,1.0,0.05259513050299786,0.35272375086834873,-0.28735957604665485,22.503365167675074,32,20.399811112860068,,,,524288
101,no_dominant_tap,0.05,4,0.02,256,1024,1,0.1242362038084247,1.0,0.05259513050299786,0.35272375086834873,0.10425134325149932,5.341450533273442,8,5.099952778215017,524288,524288,,131072
101,no_dominant_tap,0.05,4,0.02,256,1024,2,0.1242362038084247,1.0,0.05259513050299786,0.35272375086834873,0.10425134325149932,10.682901066546885,16,10.199905556430034,,,,524288
101,no_dominant_tap,0.05,4,0.02,256,1024,4,0.1242362038084247,1.0,0.05259513050299786,0.35272375086834873,0.10425134325149932,21.36580213309377,32,20.399811112860068,,,,524288
102,no_dominant_tap,0.05,4,0.02,1024,4096,1,0.08142517726807015,1.0,0.05259513050299786,0.35272375086834873,0.18987339633220843,5.216561321168046,8,5.099952778215017,131072,524288,,131072
102,no_dominant_tap,0.05,4,0.02,1024,4096,2,0.08142517726807015,1.0,0.05259513050299786,0.35272375086834873,0.18987339633220843,10.433122642336093,16,10.199905556430034,524288,,,524288
102,no_dominant_tap,0.05,4,0.02,1024,4096,4,0.08142517726807015,1.0,0.05259513050299786,0.35272375086834873,0.18987339633220843,20.866245284672186,32,20.399811112860068,,,,524288
103,no_dominant_tap,0.05,4,0.02,4096,16384,1,0.0661855679450445,1.0,0.05259513050299786,0.35272375086834873,0.22035261497825973,5.157820726577218,8,5.099952778215017,131072,131072,,131072
103,no_dominant_tap,0.05,4,0.02,4096,16384,2,0.0661855679450445,1.0,0.05259513050299786,0.35272375086834873,0.22035261497825973,10.315641453154436,16,10.199905556430034,524288,524288,,524288
103,no_dominant_tap,0.05,4,0.02,4096,16384,4,0.0661855679450445,1.0,0.05259513050299786,0.35272375086834873,0.22035261497825973,20.631282906308872,32,20.399811112860068,,,,524288
104,no_dominant_tap,0.05,4,0.02,16384,65536,1,0.05942636477177731,1.0,0.05259513050299786,0.35272375086834873,0.2338710213247941,5.129311747191193,8,5.099952778215017,131072,131072,,131072
104,no_dominant_tap,0.05,4,0.02,16384,65536,2,0.05942636477177731,1.0,0.05259513050299786,0.35272375086834873,0.2338710213247941,10.258623494382386,16,10.199905556430034,524288,524288,,524288
104,no_dominant_tap,0.05,4,0.02,16384,65536,4,0.05942636477177731,1.0,0.05259513050299786,0.35272375086834873,0.2338710213247941,20.51724698876477,32,20.399811112860068,,,,524288
105,no_dominant_tap,0.05,4,0.1,64,256,1,1.0,1.0,0.05259513050299786,0.35272375086834873,-1.6472762491316513,8.0,8,5.099952778215017,,,,131072
105,no_dominant_tap,0.05,4,0.1,64,256,2,1.0,1.0,0.05259513050299786,0.35272375086834873,-1.6472762491316513,16.0,16,10.199905556430034,,,,524288
105,no_dominant_tap,0.05,4,0.1,64,256,4,1.0,1.0,0.05259513050299786,0.35272375086834873,-1.6472762491316513,32.0,32,20.399811112860068,,,,524288
106,no_dominant_tap,0.05,4,0.1,256,1024,1,0.8379979476136368,1.0,0.05259513050299786,0.35272375086834873,-1.3232721443589248,6.414247548814387,8,5.099952778215017,,,,131072
106,no_dominant_tap,0.05,4,0.1,256,1024,2,0.8379979476136368,1.0,0.05259513050299786,0.35272375086834873,-1.3232721443589248,12.828495097628775,16,10.199905556430034,,,,524288
106,no_dominant_tap,0.05,4,0.1,256,1024,4,0.8379979476136368,1.0,0.05259513050299786,0.35272375086834873,-1.3232721443589248,25.65699019525755,32,20.399811112860068,,,,524288
107,no_dominant_tap,0.05,4,0.1,1024,4096,1,0.4121255128205127,1.0,0.05259513050299786,0.35272375086834873,-0.47152727477267664,5.702567099225891,8,5.099952778215017,,,,131072
107,no_dominant_tap,0.05,4,0.1,1024,4096,2,0.4121255128205127,1.0,0.05259513050299786,0.35272375086834873,-0.47152727477267664,11.405134198451782,16,10.199905556430034,,,,524288
107,no_dominant_tap,0.05,4,0.1,1024,4096,4,0.4121255128205127,1.0,0.05259513050299786,0.35272375086834873,-0.47152727477267664,22.810268396903563,32,20.399811112860068,,,,524288
108,no_dominant_tap,0.05,4,0.1,4096,16384,1,0.14720813362378946,1.0,0.05259513050299786,0.35272375086834873,0.05830748362076982,5.389657325852262,8,5.099952778215017,,,,131072
108,no_dominant_tap,0.05,4,0.1,4096,16384,2,0.14720813362378946,1.0,0.05259513050299786,0.35272375086834873,0.05830748362076982,10.779314651704524,16,10.199905556430034,,,,524288
108,no_dominant_tap,0.05,4,0.1,4096,16384,4,0.14720813362378946,1.0,0.05259513050299786,0.35272375086834873,0.05830748362076982,21.55862930340905,32,20.399811112860068,,,,524288
109,no_dominant_tap,0.05,4,0.1,16384,65536,1,0.0888904735708582,1.0,0.05259513050299786,0.35272375086834873,0.17494280372663232,5.2425955359898575,8,5.099952778215017,131072,524288,,131072
109,no_dominant_tap,0.05,4,0.1,16384,65536,2,0.0888904735708582,1.0,0.05259513050299786,0.35272375086834873,0.17494280372663232,10.485191071979715,16,10.199905556430034,524288,,,524288
109,no_dominant_tap,0.05,4,0.1,16384,65536,4,0.0888904735708582,1.0,0.05259513050299786,0.35272375086834873,0.17494280372663232,20.97038214395943,32,20.399811112860068,,,,524288
110,no_dominant_tap,0.1,4,0.02,64,256,1,0.37227350610845567,1.0,0.110768178869954,0.35336478406894956,-0.3911822281479618,5.823277196575139,8,5.28375733855186,,,,524288
110,no_dominant_tap,0.1,4,0.02,64,256,2,0.37227350610845567,1.0,0.110768178869954,0.35336478406894956,-0.3911822281479618,11.646554393150279,16,10.56751467710372,,,,524288
110,no_dominant_tap,0.1,4,0.02,64,256,4,0.37227350610845567,1.0,0.110768178869954,0.35336478406894956,-0.3911822281479618,23.293108786300557,32,21.13502935420744,,,,
111,no_dominant_tap,0.1,4,0.02,256,1024,1,0.17986168916443587,1.0,0.110768178869954,0.35336478406894956,-0.00635859425992219,5.531608671134681,8,5.28375733855186,,,,524288
111,no_dominant_tap,0.1,4,0.02,256,1024,2,0.17986168916443587,1.0,0.110768178869954,0.35336478406894956,-0.00635859425992219,11.063217342269361,16,10.56751467710372,,,,524288
111,no_dominant_tap,0.1,4,0.02,256,1024,4,0.17986168916443587,1.0,0.110768178869954,0.35336478406894956,-0.00635859425992219,22.126434684538722,32,21.13502935420744,,,,
112,no_dominant_tap,0.1,4,0.02,1024,4096,1,0.14123319919804872,1.0,0.110768178869954,0.35336478406894956,0.07089838567285212,5.403500369979608,8,5.28375733855186,524288,,,524288
112,no_dominant_tap,0.1,4,0.02,1024,4096,2,0.14123319919804872,1.0,0.110768178869954,0.35336478406894956,0.07089838567285212,10.807000739959216,16,10.56751467710372,,,,524288
112,no_dominant_tap,0.1,4,0.02,1024,4096,4,0.14123319919804872,1.0,0.110768178869954,0.35336478406894956,0.07089838567285212,21.614001479918432,32,21.13502935420744,,,,
113,no_dominant_tap,0.1,4,0.02,4096,16384,1,0.12548197691013427,1.0,0.110768178869954,0.35336478406894956,0.10240083024868102,5.343240615366259,8,5.28375733855186,524288,524288,,524288
113,no_dominant_tap,0.1,4,0.02,4096,16384,2,0.12548197691013427,1.0,0.110768178869954,0.35336478406894956,0.10240083024868102,10.686481230732518,16,10.56751467710372,,,,524288
113,no_dominant_tap,0.1,4,0.02,4096,16384,4,0.12548197691013427,1.0,0.110768178869954,0.35336478406894956,0.10240083024868102,21.372962461465036,32,21.13502935420744,,,,
114,no_dominant_tap,0.1,4,0.02,16384,65536,1,0.11825335848009404,1.0,0.110768178869954,0.35336478406894956,0.11685806710876148,5.313993134046892,8,5.28375733855186,524288,524288,,524288
114,no_dominant_tap,0.1,4,0.02,16384,65536,2,0.11825335848009404,1.0,0.110768178869954,0.35336478406894956,0.11685806710876148,10.627986268093784,16,10.56751467710372,,,,524288
114,no_dominant_tap,0.1,4,0.02,16384,65536,4,0.11825335848009404,1.0,0.110768178869954,0.35336478406894956,0.11685806710876148,21.255972536187567,32,21.13502935420744,,,,
115,no_dominant_tap,0.1,4,0.1,64,256,1,1.0,1.0,0.110768178869954,0.35336478406894956,-1.6466352159310504,8.0,8,5.28375733855186,,,,524288
115,no_dominant_tap,0.1,4,0.1,64,256,2,1.0,1.0,0.110768178869954,0.35336478406894956,-1.6466352159310504,16.0,16,10.56751467710372,,,,524288
115,no_dominant_tap,0.1,4,0.1,64,256,4,1.0,1.0,0.110768178869954,0.35336478406894956,-1.6466352159310504,32.0,32,21.13502935420744,,,,
116,no_dominant_tap,0.1,4,0.1,256,1024,1,0.8760768622165895,1.0,0.110768178869954,0.35336478406894956,-1.3987889403642295,6.631515364766791,8,5.28375733855186,,,,524288
116,no_dominant_tap,0.1,4,0.1,256,1024,2,0.8760768622165895,1.0,0.110768178869954,0.35336478406894956,-1.3987889403642295,13.263030729533583,16,10.56751467710372,,,,524288
116,no_dominant_tap,0.1,4,0.1,256,1024,4,0.8760768622165895,1.0,0.110768178869954,0.35336478406894956,-1.3987889403642295,26.526061459067165,32,21.13502935420744,,,,
117,no_dominant_tap,0.1,4,0.1,1024,4096,1,0.4697571213728784,1.0,0.110768178869954,0.35336478406894956,-0.5861494586768072,5.901954505292604,8,5.28375733855186,,,,524288
117,no_dominant_tap,0.1,4,0.1,1024,4096,2,0.4697571213728784,1.0,0.110768178869954,0.35336478406894956,-0.5861494586768072,11.803909010585208,16,10.56751467710372,,,,524288
117,no_dominant_tap,0.1,4,0.1,1024,4096,4,0.4697571213728784,1.0,0.110768178869954,0.35336478406894956,-0.5861494586768072,23.607818021170417,32,21.13502935420744,,,,
118,no_dominant_tap,0.1,4,0.1,4096,16384,1,0.1976692148369454,1.0,0.110768178869954,0.35336478406894956,-0.04197364560494127,5.581054169822435,8,5.28375733855186,,,,524288
118,no_dominant_tap,0.1,4,0.1,4096,16384,2,0.1976692148369454,1.0,0.110768178869954,0.35336478406894956,-0.04197364560494127,11.16210833964487,16,10.56751467710372,,,,524288
118,no_dominant_tap,0.1,4,0.1,4096,16384,4,0.1976692148369454,1.0,0.110768178869954,0.35336478406894956,-0.04197364560494127,22.32421667928974,32,21.13502935420744,,,,
119,no_dominant_tap,0.1,4,0.1,16384,65536,1,0.14863580869666393,1.0,0.110768178869954,0.35336478406894956,0.0560931666756217,5.430206835460742,8,5.28375733855186,,,,524288
119,no_dominant_tap,0.1,4,0.1,16384,65536,2,0.14863580869666393,1.0,0.110768178869954,0.35336478406894956,0.0560931666756217,10.860413670921483,16,10.56751467710372,,,,524288
119,no_dominant_tap,0.1,4,0.1,16384,65536,4,0.14863580869666393,1.0,0.110768178869954,0.35336478406894956,0.0560931666756217,21.720827341842966,32,21.13502935420744,,,,
