case,length,filter_a,calibration_noise,impulse_blocks,calibration_observations_per_channel,coefficient_l1_radius_upper,phase_upper,dominant_disk_failure,positive_population_gap,first_sufficient_grid_count,known_phase_first_grid_count,largest_grid_margin
0,2,0.05,0.02,16,32,0.03371788085169562,0.19141499655566507,False,True,,8192,-0.011565806024966657
1,2,0.05,0.02,64,128,0.013679860422350568,0.10620786979000625,False,True,32768,8192,0.16062427770310303
2,2,0.05,0.02,256,512,0.006253355483061687,0.07550167587128581,False,True,8192,8192,0.22266947156083225
3,2,0.05,0.02,1024,2048,0.0029972933696061463,0.062183253807271945,False,True,8192,8192,0.24957960494190495
4,2,0.05,0.02,4096,8192,0.0014680962489625597,0.05595830235251294,False,True,8192,8192,0.2621569960800723
5,2,0.05,0.1,16,32,0.1685894042584781,0.8718640816929462,False,False,,8192,-1.3876332313495776
6,2,0.05,0.1,64,128,0.06839930211175285,0.3475579730443493,False,False,,8192,-0.3271808010016783
7,2,0.05,0.1,256,512,0.031266777415308436,0.18080289225648388,False,True,524288,8192,0.009881157898917187
8,2,0.05,0.1,1024,2048,0.014986466848030733,0.11165819269953066,False,True,32768,8192,0.14961091242371236
9,2,0.05,0.1,4096,8192,0.007340481244812799,0.0799678650176915,False,True,8192,8192,0.2136452884140119
10,2,0.05,0.5,16,32,0.8429470212923904,1.0,True,False,,8192,-1.6469377379303647
11,2,0.05,0.5,64,128,0.3419965105587642,1.0,True,False,,8192,-1.6469377379303647
12,2,0.05,0.5,256,512,0.15633388707654222,0.8010398787376038,False,False,,8192,-1.2443302961675402
13,2,0.05,0.5,1024,2048,0.07493233424015365,0.37828237757262584,False,False,,8192,-0.38929587380581715
14,2,0.05,0.5,4096,8192,0.036702406224063996,0.2044095232469002,False,False,,8192,-0.037828235027606856
15,2,0.15,0.02,16,32,0.03371788085169562,0.29568089908140094,False,False,,131072,-0.2265849504339698
16,2,0.15,0.02,64,128,0.013679860422350568,0.20789710152192478,False,False,,131072,-0.049151838752811
17,2,0.15,0.02,256,512,0.006253355483061687,0.17626705129301756,False,True,524288,131072,0.01477295114484116
18,2,0.15,0.02,1024,2048,0.0029972933696061463,0.16254869252638457,False,True,131072,131072,0.042496710956833314
19,2,0.15,0.02,4096,8192,0.0014680962489625597,0.15613697365322154,False,True,131072,131072,0.05545404892745197
20,2,0.15,0.1,16,32,0.1685894042584781,0.9973965357510517,False,False,,131072,-1.645943668502951
21,2,0.15,0.1,64,128,0.06839930211175285,0.4565954700970737,False,False,,131072,-0.5519115535364668
22,2,0.15,0.1,256,512,0.031266777415308436,0.28474683785764315,False,False,,131072,-0.20448280999616625
23,2,0.15,0.1,1024,2048,0.014986466848030733,0.21351166838538477,False,False,,131072,-0.06049937625243092
24,2,0.15,0.1,4096,8192,0.007340481244812799,0.18086745977560992,False,True,524288,131072,0.005475706992263893
25,2,0.15,0.5,16,32,0.8429470212923904,1.0,True,False,,131072,-1.6512126998417413
26,2,0.15,0.5,64,128,0.3419965105587642,1.0,True,False,,131072,-1.6512126998417413
27,2,0.15,0.5,256,512,0.15633388707654222,0.9243015462736366,False,False,,131072,-1.4980182161056874
28,2,0.15,0.5,1024,2048,0.07493233424015365,0.4882663813609298,False,False,,131072,-0.615953313620867
29,2,0.15,0.5,4096,8192,0.036702406224063996,0.3090700676165384,False,False,,131072,-0.253650488539553
30,5,0.05,0.02,16,80,0.058105098934184564,0.3000105303252628,False,False,,8192,-0.23106204602685693
31,5,0.05,0.02,64,320,0.02551795395130405,0.15612281292796407,False,True,131072,8192,0.059757627835029296
32,5,0.05,0.02,256,1280,0.012057083862746855,0.09945877250978857,False,True,32768,8192,0.17426188624776562
33,5,0.05,0.02,1024,5120,0.005869465558457541,0.07392689356338362,False,True,8192,8192,0.2258513874615635
34,5,0.05,0.02,4096,20480,0.002896729324579337,0.061773297634490236,False,True,8192,8192,0.25040791808303026
35,5,0.05,0.1,16,80,0.2905254946709228,1.0,False,False,,8192,-1.6469377379303647
36,5,0.05,0.1,64,320,0.12758976975652028,0.6427408334406683,False,False,,8192,-0.9240936895122372
37,5,0.05,0.1,256,1280,0.06028541931373428,0.30999410417735385,False,False,,8192,-0.2512434463973093
38,5,0.05,0.1,1024,5120,0.029347327792287707,0.17253003754565965,False,True,524288,8192,0.026600208236261018
39,5,0.05,0.1,4096,20480,0.014483646622896687,0.10955903785890997,False,True,32768,8192,0.15385264939670484
40,5,0.05,0.5,16,80,1.452627473354614,1.0,True,False,,8192,-1.6469377379303647
41,5,0.05,0.5,64,320,0.6379488487826014,1.0,True,False,,8192,-1.6469377379303647
42,5,0.05,0.5,256,1280,0.3014270965686714,1.0,False,False,,8192,-1.6469377379303647
43,5,0.05,0.5,1024,5120,0.14673663896143854,0.746999203817927,False,False,,8192,-1.1349973783238134
44,5,0.05,0.5,4096,20480,0.07241823311448344,0.3664074682181155,False,False,,8192,-0.3652881148514578
45,5,0.15,0.02,16,80,0.058105098934184564,0.4075881891791524,False,False,,131072,-0.45282133423578225
46,5,0.15,0.02,64,320,0.02551795395130405,0.25931914928610283,False,False,,131072,-0.15308502814653618
47,5,0.15,0.02,256,1280,0.012057083862746855,0.2009447308302081,False,False,,131072,-0.035100654895218755
48,5,0.15,0.02,1024,5120,0.005869465558457541,0.1746449556880852,False,True,524288,131072,0.01805112223817955
49,5,0.15,0.02,4096,20480,0.002896729324579337,0.16212643327804155,False,True,131072,131072,0.04335005284032338
50,5,0.15,0.1,16,80,0.2905254946709228,1.0,True,False,,131072,-1.6512126998417413
51,5,0.15,0.1,64,320,0.12758976975652028,0.760975237801505,False,False,,131072,-1.1675471693909918
52,5,0.15,0.1,256,1280,0.06028541931373428,0.4178777902202774,False,False,,131072,-0.47362562890504106
53,5,0.15,0.1,1024,5120,0.029347327792287707,0.2762232023716349,False,False,,131072,-0.1872534358281887
54,5,0.15,0.1,4096,20480,0.014483646622896687,0.21134924681048442,False,False,,131072,-0.056128915655651326
55,5,0.15,0.5,16,80,1.452627473354614,1.0,True,False,,131072,-1.6512126998417413
56,5,0.15,0.5,64,320,0.6379488487826014,1.0,True,False,,131072,-1.6512126998417413
57,5,0.15,0.5,256,1280,0.3014270965686714,1.0,True,False,,131072,-1.6512126998417413
58,5,0.15,0.5,1024,5120,0.14673663896143854,0.8685371670856245,False,False,,131072,-1.3851762893519322
59,5,0.15,0.5,4096,20480,0.07241823311448344,0.47602535313962907,False,False,,131072,-0.5912002834144907
60,9,0.05,0.02,16,144,0.08700143195464462,0.4361997970834775,False,False,,8192,-0.5063964812161865
61,9,0.05,0.02,64,576,0.03951379018057449,0.21672411099682298,False,False,,8192,-0.0627171020841763
62,9,0.05,0.02,256,2304,0.0189416615117668,0.12824527000025615,False,True,32768,8192,0.11609298115991235
63,9,0.05,0.02,1024,9216,0.009283919770569027,0.08797644359686263,False,True,8192,8192,0.197463309271144
64,9,0.05,0.02,4096,36864,0.004597075579665188,0.06871602215685803,False,True,8192,8192,0.23638010762821557
65,9,0.05,0.1,16,144,0.43500715977322313,1.0,True,False,,8192,-1.6469377379303647
66,9,0.05,0.1,64,576,0.19756895090287252,1.0,False,False,,8192,-1.6469377379303647
67,9,0.05,0.1,256,2304,0.09470830755883403,0.4739921738795261,False,False,,8192,-0.582814009422058
68,9,0.05,0.1,1024,9216,0.04641959885284512,0.2472817871210696,False,False,,8192,-0.12447945813951694
69,9,0.05,0.1,4096,36864,0.022985377898325943,0.14534251406384735,False,True,131072,8192,0.08154298583897396
70,9,0.05,0.5,16,144,2.1750357988661153,1.0,True,False,,8192,-1.6469377379303647
71,9,0.05,0.5,64,576,0.9878447545143625,1.0,True,False,,8192,-1.6469377379303647
72,9,0.05,0.5,256,2304,0.47354153779416996,1.0,True,False,,8192,-1.6469377379303647
73,9,0.05,0.5,1024,9216,0.23209799426422562,1.0,False,False,,8192,-1.6469377379303647
74,9,0.05,0.5,4096,36864,0.1149268894916297,0.5762689423107348,False,False,,8192,-0.7896477468038837
75,9,0.15,0.02,16,144,0.08700143195464462,0.5479748215003364,False,False,,131072,-0.7366998485795824
76,9,0.15,0.02,64,576,0.03951379018057449,0.3217590595404399,False,False,,131072,-0.27930130015458793
77,9,0.15,0.02,256,2304,0.0189416615117668,0.23059907543436658,False,False,,131072,-0.09503531160692792
78,9,0.15,0.02,1024,9216,0.009283919770569027,0.18911684662763895,False,True,,131072,-0.011196190218822358
79,9,0.15,0.02,4096,36864,0.004597075579665188,0.16927757377086824,False,True,131072,131072,0.028898247741826852
80,9,0.15,0.1,16,144,0.43500715977322313,1.0,True,False,,131072,-1.6512126998417413
81,9,0.15,0.1,64,576,0.19756895090287252,1.0,False,False,,131072,-1.6512126998417413
82,9,0.15,0.1,256,2304,0.09470830755883403,0.5869406682997617,False,False,,131072,-0.8155062680532881
83,9,0.15,0.1,1024,9216,0.04641959885284512,0.3532475219854251,False,False,,131072,-0.34295796508579607
84,9,0.15,0.1,4096,36864,0.022985377898325943,0.24821279860392062,False,False,,131072,-0.13063621354132
85,9,0.15,0.5,16,144,2.1750357988661153,1.0,True,False,,131072,-1.6512126998417413
86,9,0.15,0.5,64,576,0.9878447545143625,1.0,True,False,,131072,-1.6512126998417413
87,9,0.15,0.5,256,2304,0.47354153779416996,1.0,True,False,,131072,-1.6512126998417413
88,9,0.15,0.5,1024,9216,0.23209799426422562,1.0,False,False,,131072,-1.6512126998417413
89,9,0.15,0.5,4096,36864,0.1149268894916297,0.6924121573538053,False,False,,131072,-1.028843880304307
