cell_index,filter_a,records_per_condition,model,method,rejections,replicates,fraction,cp95_lower,cp95_upper,analysis_status
0,0.0,128,null_common_zero,same_sample_projection_variances,0,5000,0.0,0,0.000737503801108105,post_hoc_all_saved_cells
1,0.0,128,null_common_one,same_sample_projection_variances,0,5000,0.0,0,0.000737503801108105,post_hoc_all_saved_cells
2,0.0,128,different_delays,same_sample_projection_variances,1,5000,0.0002,5.06354877705159e-06,0.001113819380333972,post_hoc_all_saved_cells
3,0.0,512,null_common_zero,same_sample_projection_variances,4,5000,0.0008,0.0002180147242495869,0.0020470395629212336,post_hoc_all_saved_cells
4,0.0,512,null_common_one,same_sample_projection_variances,3,5000,0.0006,0.00012375152046931287,0.0017524436033960471,post_hoc_all_saved_cells
5,0.0,512,different_delays,same_sample_projection_variances,3525,5000,0.705,0.6921422851994077,0.7176179695700143,post_hoc_all_saved_cells
6,0.0,2048,null_common_zero,same_sample_projection_variances,8,5000,0.0016,0.0006910115526176306,0.0031501907630595285,post_hoc_all_saved_cells
7,0.0,2048,null_common_one,same_sample_projection_variances,12,5000,0.0024,0.0012407107696028048,0.004188560186045313,post_hoc_all_saved_cells
8,0.0,2048,different_delays,same_sample_projection_variances,5000,5000,1.0,0.9992624961988918,1,post_hoc_all_saved_cells
9,0.0,8192,null_common_zero,same_sample_projection_variances,14,5000,0.0028,0.0015316053154108614,0.004693465989343084,post_hoc_all_saved_cells
10,0.0,8192,null_common_one,same_sample_projection_variances,11,5000,0.0022,0.0010987276822172494,0.0039329903402600275,post_hoc_all_saved_cells
11,0.0,8192,different_delays,same_sample_projection_variances,5000,5000,1.0,0.9992624961988918,1,post_hoc_all_saved_cells
12,0.0,32768,null_common_zero,same_sample_projection_variances,32,5000,0.0064,0.004381593225781662,0.009022979782141047,post_hoc_all_saved_cells
13,0.0,32768,null_common_one,same_sample_projection_variances,31,5000,0.0062,0.0042163723357488084,0.008788955853157115,post_hoc_all_saved_cells
14,0.0,32768,different_delays,same_sample_projection_variances,5000,5000,1.0,0.9992624961988918,1,post_hoc_all_saved_cells
15,0.05,128,null_common_zero,same_sample_projection_variances,0,5000,0.0,0,0.000737503801108105,post_hoc_all_saved_cells
16,0.05,128,null_common_one,same_sample_projection_variances,0,5000,0.0,0,0.000737503801108105,post_hoc_all_saved_cells
17,0.05,128,different_delays,same_sample_projection_variances,0,5000,0.0,0,0.000737503801108105,post_hoc_all_saved_cells
18,0.05,512,null_common_zero,same_sample_projection_variances,0,5000,0.0,0,0.000737503801108105,post_hoc_all_saved_cells
19,0.05,512,null_common_one,same_sample_projection_variances,0,5000,0.0,0,0.000737503801108105,post_hoc_all_saved_cells
20,0.05,512,different_delays,same_sample_projection_variances,403,5000,0.0806,0.07320109188796324,0.0884927905484871,post_hoc_all_saved_cells
21,0.05,2048,null_common_zero,same_sample_projection_variances,0,5000,0.0,0,0.000737503801108105,post_hoc_all_saved_cells
22,0.05,2048,null_common_one,same_sample_projection_variances,0,5000,0.0,0,0.000737503801108105,post_hoc_all_saved_cells
23,0.05,2048,different_delays,same_sample_projection_variances,4991,5000,0.9982,0.9965858015073897,0.9991766054138786,post_hoc_all_saved_cells
24,0.05,8192,null_common_zero,same_sample_projection_variances,0,5000,0.0,0,0.000737503801108105,post_hoc_all_saved_cells
25,0.05,8192,null_common_one,same_sample_projection_variances,0,5000,0.0,0,0.000737503801108105,post_hoc_all_saved_cells
26,0.05,8192,different_delays,same_sample_projection_variances,5000,5000,1.0,0.9992624961988918,1,post_hoc_all_saved_cells
27,0.05,32768,null_common_zero,same_sample_projection_variances,0,5000,0.0,0,0.000737503801108105,post_hoc_all_saved_cells
28,0.05,32768,null_common_one,same_sample_projection_variances,0,5000,0.0,0,0.000737503801108105,post_hoc_all_saved_cells
29,0.05,32768,different_delays,same_sample_projection_variances,5000,5000,1.0,0.9992624961988918,1,post_hoc_all_saved_cells
30,0.15,128,null_common_zero,same_sample_projection_variances,0,5000,0.0,0,0.000737503801108105,post_hoc_all_saved_cells
31,0.15,128,null_common_one,same_sample_projection_variances,0,5000,0.0,0,0.000737503801108105,post_hoc_all_saved_cells
32,0.15,128,different_delays,same_sample_projection_variances,0,5000,0.0,0,0.000737503801108105,post_hoc_all_saved_cells
33,0.15,512,null_common_zero,same_sample_projection_variances,0,5000,0.0,0,0.000737503801108105,post_hoc_all_saved_cells
34,0.15,512,null_common_one,same_sample_projection_variances,0,5000,0.0,0,0.000737503801108105,post_hoc_all_saved_cells
35,0.15,512,different_delays,same_sample_projection_variances,0,5000,0.0,0,0.000737503801108105,post_hoc_all_saved_cells
36,0.15,2048,null_common_zero,same_sample_projection_variances,0,5000,0.0,0,0.000737503801108105,post_hoc_all_saved_cells
37,0.15,2048,null_common_one,same_sample_projection_variances,0,5000,0.0,0,0.000737503801108105,post_hoc_all_saved_cells
38,0.15,2048,different_delays,same_sample_projection_variances,2,5000,0.0004,4.84455271182235e-05,0.0014441827958669,post_hoc_all_saved_cells
39,0.15,8192,null_common_zero,same_sample_projection_variances,0,5000,0.0,0,0.000737503801108105,post_hoc_all_saved_cells
40,0.15,8192,null_common_one,same_sample_projection_variances,0,5000,0.0,0,0.000737503801108105,post_hoc_all_saved_cells
41,0.15,8192,different_delays,same_sample_projection_variances,2020,5000,0.404,0.3903581871236668,0.4177540021500517,post_hoc_all_saved_cells
42,0.15,32768,null_common_zero,same_sample_projection_variances,0,5000,0.0,0,0.000737503801108105,post_hoc_all_saved_cells
43,0.15,32768,null_common_one,same_sample_projection_variances,0,5000,0.0,0,0.000737503801108105,post_hoc_all_saved_cells
44,0.15,32768,different_delays,same_sample_projection_variances,5000,5000,1.0,0.9992624961988918,1,post_hoc_all_saved_cells
45,0.25,128,null_common_zero,same_sample_projection_variances,0,5000,0.0,0,0.000737503801108105,post_hoc_all_saved_cells
46,0.25,128,null_common_one,same_sample_projection_variances,0,5000,0.0,0,0.000737503801108105,post_hoc_all_saved_cells
47,0.25,128,different_delays,same_sample_projection_variances,0,5000,0.0,0,0.000737503801108105,post_hoc_all_saved_cells
48,0.25,512,null_common_zero,same_sample_projection_variances,0,5000,0.0,0,0.000737503801108105,post_hoc_all_saved_cells
49,0.25,512,null_common_one,same_sample_projection_variances,0,5000,0.0,0,0.000737503801108105,post_hoc_all_saved_cells
50,0.25,512,different_delays,same_sample_projection_variances,0,5000,0.0,0,0.000737503801108105,post_hoc_all_saved_cells
51,0.25,2048,null_common_zero,same_sample_projection_variances,0,5000,0.0,0,0.000737503801108105,post_hoc_all_saved_cells
52,0.25,2048,null_common_one,same_sample_projection_variances,0,5000,0.0,0,0.000737503801108105,post_hoc_all_saved_cells
53,0.25,2048,different_delays,same_sample_projection_variances,0,5000,0.0,0,0.000737503801108105,post_hoc_all_saved_cells
54,0.25,8192,null_common_zero,same_sample_projection_variances,0,5000,0.0,0,0.000737503801108105,post_hoc_all_saved_cells
55,0.25,8192,null_common_one,same_sample_projection_variances,0,5000,0.0,0,0.000737503801108105,post_hoc_all_saved_cells
56,0.25,8192,different_delays,same_sample_projection_variances,0,5000,0.0,0,0.000737503801108105,post_hoc_all_saved_cells
57,0.25,32768,null_common_zero,same_sample_projection_variances,0,5000,0.0,0,0.000737503801108105,post_hoc_all_saved_cells
58,0.25,32768,null_common_one,same_sample_projection_variances,0,5000,0.0,0,0.000737503801108105,post_hoc_all_saved_cells
59,0.25,32768,different_delays,same_sample_projection_variances,0,5000,0.0,0,0.000737503801108105,post_hoc_all_saved_cells
