common_response,delta,coefficient_l1_error,grid_points,phase_certificate,exact_phase,excess,failed_product_cells
identity,0,0.1,64,0.2658227848101266,0.0,0.2658227848101266,0
identity,0,0.1,256,0.2658227848101266,0.0,0.2658227848101266,0
identity,0,0.1,1024,0.2658227848101266,0.0,0.2658227848101266,0
identity,0,0.1,4096,0.2658227848101266,0.0,0.2658227848101266,0
identity,0,0.1,16384,0.2658227848101266,0.0,0.2658227848101266,0
identity,0,0.03,64,0.06484932382067937,0.0,0.06484932382067937,0
identity,0,0.03,256,0.06484932382067937,0.0,0.06484932382067937,0
identity,0,0.03,1024,0.06484932382067937,0.0,0.06484932382067937,0
identity,0,0.03,4096,0.06484932382067937,0.0,0.06484932382067937,0
identity,0,0.03,16384,0.06484932382067937,0.0,0.06484932382067937,0
identity,0,0.01,64,0.020512297173180937,0.0,0.020512297173180937,0
identity,0,0.01,256,0.020512297173180937,0.0,0.020512297173180937,0
identity,0,0.01,1024,0.020512297173180937,0.0,0.020512297173180937,0
identity,0,0.01,4096,0.020512297173180937,0.0,0.020512297173180937,0
identity,0,0.01,16384,0.020512297173180937,0.0,0.020512297173180937,0
identity,0,0.003,64,0.006045326366134101,0.0,0.006045326366134101,0
identity,0,0.003,256,0.006045326366134101,0.0,0.006045326366134101,0
identity,0,0.003,1024,0.006045326366134101,0.0,0.006045326366134101,0
identity,0,0.003,4096,0.006045326366134101,0.0,0.006045326366134101,0
identity,0,0.003,16384,0.006045326366134101,0.0,0.006045326366134101,0
identity,0,0.001,64,0.0020050120290701695,0.0,0.0020050120290701695,0
identity,0,0.001,256,0.0020050120290701695,0.0,0.0020050120290701695,0
identity,0,0.001,1024,0.0020050120290701695,0.0,0.0020050120290701695,0
identity,0,0.001,4096,0.0020050120290701695,0.0,0.0020050120290701695,0
identity,0,0.001,16384,0.0020050120290701695,0.0,0.0020050120290701695,0
identity,0,0,64,0.0,0.0,0.0,0
identity,0,0,256,0.0,0.0,0.0,0
identity,0,0,1024,0.0,0.0,0.0,0
identity,0,0,4096,0.0,0.0,0.0,0
identity,0,0,16384,0.0,0.0,0.0,0
identity,0.025,0.1,64,0.3010092095924839,0.025636811139883618,0.27537239845260025,0
identity,0.025,0.1,256,0.2992945963956761,0.025636811139883618,0.2736577852557925,0
identity,0.025,0.1,1024,0.29872669454804635,0.025636811139883618,0.2730898834081627,0
identity,0.025,0.1,4096,0.29849062802616105,0.025636811139883618,0.2728538168862774,0
identity,0.025,0.1,16384,0.29837873480693594,0.025636811139883618,0.2727419236670523,0
identity,0.025,0.03,64,0.09368507844525541,0.025636811139883618,0.06804826730537179,0
identity,0.025,0.03,256,0.09256834964702342,0.025636811139883618,0.0669315385071398,0
identity,0.025,0.03,1024,0.09228669073739346,0.025636811139883618,0.06664987959750984,0
identity,0.025,0.03,4096,0.09220988122439001,0.025636811139883618,0.0665730700845064,0
identity,0.025,0.03,16384,0.09217656035782397,0.025636811139883618,0.06653974921794036,0
identity,0.025,0.01,64,0.04802985795070597,0.025636811139883618,0.02239304681082235,0
identity,0.025,0.01,256,0.0470257384180473,0.025636811139883618,0.021388927278163685,0
identity,0.025,0.01,1024,0.046772762932257746,0.025636811139883618,0.021135951792374128,0
identity,0.025,0.01,4096,0.046709065941747424,0.025636811139883618,0.021072254801863807,0
identity,0.025,0.01,16384,0.04668951033170926,0.025636811139883618,0.021052699191825643,0
identity,0.025,0.003,64,0.03314460769601584,0.025636811139883618,0.007507796556132224,0
identity,0.025,0.003,256,0.03217113951345078,0.025636811139883618,0.006534328373567166,0
identity,0.025,0.003,1024,0.031925441926528894,0.025636811139883618,0.006288630786645277,0
identity,0.025,0.003,4096,0.03186402289970729,0.025636811139883618,0.006227211759823669,0
identity,0.025,0.003,16384,0.03184756934859136,0.025636811139883618,0.006210758208707746,0
identity,0.025,0.001,64,0.02898761035462088,0.025636811139883618,0.0033507992147372642,0
identity,0.025,0.001,256,0.028022632381397593,0.025636811139883618,0.0023858212415139753,0
identity,0.025,0.001,1024,0.027779200014368562,0.025636811139883618,0.002142388874484945,0
identity,0.025,0.001,4096,0.027718414447890225,0.025636811139883618,0.0020816033080066076,0
identity,0.025,0.001,16384,0.027702558389332575,0.025636811139883618,0.0020657472494489577,0
identity,0.025,0,64,0.0269247158247134,0.025636811139883618,0.0012879046848297826,0
identity,0.025,0,256,0.025963939799405044,0.025636811139883618,0.0003271286595214265,0
identity,0.025,0,1024,0.025721723483457685,0.025636811139883618,8.491234357406799e-05,0
identity,0.025,0,4096,0.025661201170983715,0.025636811139883618,2.4390031100097326e-05,0
identity,0.025,0,16384,0.02564559448350857,0.025636811139883618,8.7833436249532e-06,0
identity,0.05,0.1,64,0.3385500326368236,0.05259513050299786,0.28595490213382574,0
identity,0.05,0.1,256,0.33480184294568954,0.05259513050299786,0.2822067124426917,0
identity,0.05,0.1,1024,0.3334653677240375,0.05259513050299786,0.28087023722103965,0
identity,0.05,0.1,4096,0.332894806473288,0.05259513050299786,0.28029967597029015,0
identity,0.05,0.1,16384,0.33265576487689574,0.05259513050299786,0.2800606343738979,0
identity,0.05,0.03,64,0.1242253371469807,0.05259513050299786,0.07163020664398284,0
identity,0.05,0.03,256,0.12182493209527911,0.05259513050299786,0.06922980159228126,0
identity,0.05,0.03,1024,0.12122402625153893,0.05259513050299786,0.06862889574854106,0
identity,0.05,0.03,4096,0.1210131436502612,0.05259513050299786,0.06841801314726334,0
identity,0.05,0.03,16384,0.12091953345278945,0.05259513050299786,0.06832440294979159,0
identity,0.05,0.01,64,0.07710437527477974,0.05259513050299786,0.02450924477178188,0
identity,0.05,0.01,256,0.07497209691395716,0.05259513050299786,0.0223769664109593,0
identity,0.05,0.01,1024,0.0744364020062626,0.05259513050299786,0.021841271503264738,0
identity,0.05,0.01,4096,0.07428505507423026,0.05259513050299786,0.0216899245712324,0
identity,0.05,0.01,16384,0.0742198990411473,0.05259513050299786,0.021624768538149437,0
identity,0.05,0.003,64,0.061735175163009054,0.05259513050299786,0.009140044660011191,0
identity,0.05,0.003,256,0.059694511368609704,0.05259513050299786,0.0070993808656118415,0
identity,0.05,0.003,1024,0.05917707520470632,0.05259513050299786,0.0065819447017084545,0
identity,0.05,0.003,4096,0.0590393027678292,0.05259513050299786,0.006444172264831335,0
identity,0.05,0.003,16384,0.058982845551551345,0.05259513050299786,0.006387715048553483,0
identity,0.05,0.001,64,0.05744342912252093,0.05259513050299786,0.004848298619523066,0
identity,0.05,0.001,256,0.05542907669994823,0.05259513050299786,0.0028339461969503696,0
identity,0.05,0.001,1024,0.054916134302620906,0.05259513050299786,0.0023210037996230434,0
identity,0.05,0.001,4096,0.05478159497850957,0.05259513050299786,0.0021864644755117055,0
identity,0.05,0.001,16384,0.05472753304861875,0.05259513050299786,0.0021324025456208873,0
identity,0.05,0,64,0.05531373155095029,0.05259513050299786,0.002718601047952428,0
identity,0.05,0,256,0.053312380426159836,0.05259513050299786,0.0007172499231619736,0
identity,0.05,0,1024,0.052801662078475566,0.05259513050299786,0.00020653157547770307,0
identity,0.05,0,4096,0.052668717931450025,0.05259513050299786,7.35874284521626e-05,0
identity,0.05,0,16384,0.052615839128332,0.05259513050299786,2.0708625334139863e-05,0
identity,0.1,0.1,64,0.42178392263088826,0.110768178869954,0.31101574376093427,0
identity,0.1,0.1,256,0.41233334730615867,0.110768178869954,0.3015651684362047,0
identity,0.1,0.1,1024,0.40876312722031544,0.110768178869954,0.29799494835036144,0
identity,0.1,0.1,4096,0.4073542875628398,0.110768178869954,0.2965861086928858,0
identity,0.1,0.1,16384,0.40699429408889265,0.110768178869954,0.29622611521893866,0
identity,0.1,0.03,64,0.19083829480844552,0.110768178869954,0.08007011593849152,0
identity,0.1,0.03,256,0.18552430491694968,0.110768178869954,0.07475612604699568,0
identity,0.1,0.03,1024,0.18387564940379095,0.110768178869954,0.07310747053383694,0
identity,0.1,0.03,4096,0.18319167854034837,0.110768178869954,0.07242349967039437,0
identity,0.1,0.03,16384,0.18300334851633268,0.110768178869954,0.07223516964637867,0
identity,0.1,0.01,64,0.14046307201199204,0.110768178869954,0.029694893142038034,0
identity,0.1,0.01,256,0.13566379106628976,0.110768178869954,0.02489561219633575,0
identity,0.1,0.01,1024,0.13433447079966843,0.110768178869954,0.02356629192971442,0
identity,0.1,0.01,4096,0.13379484734172975,0.110768178869954,0.023026668471775744,0
identity,0.1,0.01,16384,0.13364326039184887,0.110768178869954,0.022875081521894866,0
identity,0.1,0.003,64,0.12407149576856494,0.110768178869954,0.013303316898610931,0
identity,0.1,0.003,256,0.1194191386282666,0.110768178869954,0.008650959758312593,0
identity,0.1,0.003,1024,0.11817507638985163,0.110768178869954,0.007406897519897621,0
identity,0.1,0.003,4096,0.11768086981934435,0.110768178869954,0.006912690949390343,0
identity,0.1,0.003,16384,0.11754114528511778,0.110768178869954,0.00677296641516377,0
identity,0.1,0.001,64,0.11949490303001911,0.110768178869954,0.008726724160065105,0
identity,0.1,0.001,256,0.11488323246683112,0.110768178869954,0.004115053596877111,0
identity,0.1,0.001,1024,0.11366260486360082,0.110768178869954,0.0028944259936468097,0
identity,0.1,0.001,4096,0.11318092298303105,0.110768178869954,0.002412744113077042,0
identity,0.1,0.001,16384,0.11304449946481333,0.110768178869954,0.002276320594859327,0
identity,0.1,0,64,0.11722396025256579,0.110768178869954,0.006455781382611783,0
identity,0.1,0,256,0.11263242450571294,0.110768178869954,0.001864245635758932,0
identity,0.1,0,1024,0.11142336536640901,0.110768178869954,0.0006551864964550042,0
identity,0.1,0,4096,0.110947870735931,0.110768178869954,0.00017969186597699416,0
identity,0.1,0,16384,0.110813084484364,0.110768178869954,4.4905614409992967e-05,0
two_tap,0,0.1,64,0.5275178619216334,0.0,0.5275178619216334,0
two_tap,0,0.1,256,0.38124724981230274,0.0,0.38124724981230274,0
two_tap,0,0.1,1024,0.3521554838468704,0.0,0.3521554838468704,0
two_tap,0,0.1,4096,0.34523294076888844,0.0,0.34523294076888844,0
two_tap,0,0.1,16384,0.3435232517523067,0.0,0.3435232517523067,0
two_tap,0,0.03,64,0.14912245162550605,0.0,0.14912245162550605,0
two_tap,0,0.03,256,0.09116184078224003,0.0,0.09116184078224003,0
two_tap,0,0.03,1024,0.07847577661118027,0.0,0.07847577661118027,0
two_tap,0,0.03,4096,0.0754041466989118,0.0,0.0754041466989118,0
two_tap,0,0.03,16384,0.07464223221622389,0.0,0.07464223221622389,0
two_tap,0,0.01,64,0.08451773220226903,0.0,0.08451773220226903,0
two_tap,0,0.01,256,0.03699568111053911,0.0,0.03699568111053911,0
two_tap,0,0.01,1024,0.026497263533173113,0.0,0.026497263533173113,0
two_tap,0,0.01,4096,0.023951515657319997,0.0,0.023951515657319997,0
two_tap,0,0.01,16384,0.023319879236130756,0.0,0.023319879236130756,0
two_tap,0,0.003,64,0.06432387205953213,0.0,0.06432387205953213,0
two_tap,0,0.003,256,0.01979588787569134,0.0,0.01979588787569134,0
two_tap,0,0.003,1024,0.009951668625818349,0.0,0.009951668625818349,0
two_tap,0,0.003,4096,0.007563560215105337,0.0,0.007563560215105337,0
two_tap,0,0.003,16384,0.006970999200895679,0.0,0.006970999200895679,0
two_tap,0,0.001,64,0.0587409605610551,0.0,0.0587409605610551,0
two_tap,0,0.001,256,0.015030984281044955,0.0,0.015030984281044955,0
two_tap,0,0.001,1024,0.005363969060027757,0.0,0.005363969060027757,0
two_tap,0,0.001,4096,0.0030188143608511474,0.0,0.0030188143608511474,0
two_tap,0,0.001,16384,0.0024368970814979208,0.0,0.0024368970814979208,0
two_tap,0,0,64,0.05597955116574669,0.0,0.05597955116574669,0
two_tap,0,0,256,0.012672182034723891,0.0,0.012672182034723891,0
two_tap,0,0,1024,0.0030925545648723737,0.0,0.0030925545648723737,0
two_tap,0,0,4096,0.0007685209346279671,0.0,0.0007685209346279671,0
two_tap,0,0,16384,0.00019184315601882858,0.0,0.00019184315601882858,0
two_tap,0.025,0.1,64,0.571739988690048,0.025636811139883618,0.5461031775501645,0
two_tap,0.025,0.1,256,0.4115034436113717,0.025636811139883618,0.38586663247148806,0
two_tap,0.025,0.1,1024,0.3802616282189378,0.025636811139883618,0.35462481707905413,0
two_tap,0.025,0.1,4096,0.3728608503007978,0.025636811139883618,0.34722403916091416,0
two_tap,0.025,0.1,16384,0.37103465433403715,0.025636811139883618,0.3453978431941535,0
two_tap,0.025,0.03,64,0.1767654181390411,0.025636811139883618,0.15112860699915748,0
two_tap,0.025,0.03,256,0.11552752433619076,0.025636811139883618,0.08989071319630715,0
two_tap,0.025,0.03,1024,0.10218244959645428,0.025636811139883618,0.07654563845657067,0
two_tap,0.025,0.03,4096,0.09895694988082353,0.025636811139883618,0.07332013874093991,0
two_tap,0.025,0.03,16384,0.09815728675457826,0.025636811139883618,0.07252047561469464,0
two_tap,0.025,0.01,64,0.11171514807940758,0.025636811139883618,0.08607833693952396,0
two_tap,0.025,0.01,256,0.06185019909866213,0.025636811139883618,0.036213387958778515,0
two_tap,0.025,0.01,1024,0.05100175806022612,0.025636811139883618,0.0253649469203425,0
two_tap,0.025,0.01,4096,0.04838430849553879,0.025636811139883618,0.022747497355655174,0
two_tap,0.025,0.01,16384,0.047735792452235144,0.025636811139883618,0.022098981312351527,0
two_tap,0.025,0.003,64,0.09133933352968858,0.025636811139883618,0.06570252238980497,0
two_tap,0.025,0.003,256,0.04515874261112191,0.025636811139883618,0.019521931471238294,0
two_tap,0.025,0.003,1024,0.03516889512528688,0.025636811139883618,0.00953208398540326,0
two_tap,0.025,0.003,4096,0.0327571877455108,0.025636811139883618,0.0071203766056271815,0
two_tap,0.025,0.003,16384,0.03216013551541345,0.025636811139883618,0.00652332437552983,0
two_tap,0.025,0.001,64,0.0856873021893071,0.025636811139883618,0.06005049104942349,0
two_tap,0.025,0.001,256,0.04053951703436952,0.025636811139883618,0.0149027058944859,0
two_tap,0.025,0.001,1024,0.030826406504645867,0.025636811139883618,0.00518959536476225,0
two_tap,0.025,0.001,4096,0.028496095436881433,0.025636811139883618,0.0028592842969978154,0
two_tap,0.025,0.001,16384,0.027914863711848325,0.025636811139883618,0.0022780525719647074,0
two_tap,0.025,0,64,0.08288867470975346,0.025636811139883618,0.057251863569869846,0
two_tap,0.025,0,256,0.03826586639773926,0.025636811139883618,0.012629055257855643,0
two_tap,0.025,0,1024,0.028675134990411404,0.025636811139883618,0.003038323850527786,0
two_tap,0.025,0,4096,0.026391201922791634,0.025636811139883618,0.0007543907829080168,0
two_tap,0.025,0,16384,0.025826996282155495,0.025636811139883618,0.00019018514227187727,0
two_tap,0.05,0.1,64,0.6202285314913145,0.05259513050299786,0.5676334009883166,0
two_tap,0.05,0.1,256,0.446216488420588,0.05259513050299786,0.3936213579175901,0
two_tap,0.05,0.1,1024,0.4126709433519869,0.05259513050299786,0.36007581284898904,0
two_tap,0.05,0.1,4096,0.40475630551425273,0.05259513050299786,0.3521611750112549,0
two_tap,0.05,0.1,16384,0.4028050779934517,0.05259513050299786,0.35020994749045387,0
two_tap,0.05,0.03,64,0.2100370737089543,0.05259513050299786,0.15744194320595645,0
two_tap,0.05,0.03,256,0.14467052192649177,0.05259513050299786,0.09207539142349391,0
two_tap,0.05,0.03,1024,0.13044659715807577,0.05259513050299786,0.07785146665507792,0
two_tap,0.05,0.03,4096,0.1270073092555358,0.05259513050299786,0.07441217875253794,0
two_tap,0.05,0.03,16384,0.1261544702600317,0.05259513050299786,0.07355933975703385,0
two_tap,0.05,0.01,64,0.14323474920990595,0.05259513050299786,0.09063961870690809,0
two_tap,0.05,0.01,256,0.090500431277136,0.05259513050299786,0.03790530077413814,0
two_tap,0.05,0.01,1024,0.07880546115789892,0.05259513050299786,0.02621033065490106,0
two_tap,0.05,0.01,4096,0.07596991378587241,0.05259513050299786,0.023374783282874546,0
two_tap,0.05,0.01,16384,0.07526686321532174,0.05259513050299786,0.022671732712323873,0
two_tap,0.05,0.003,64,0.12266315432295731,0.05259513050299786,0.07006802381995944,0
two_tap,0.05,0.003,256,0.07335852667160597,0.05259513050299786,0.02076339616860811,0
two_tap,0.05,0.003,1024,0.06263665690682543,0.05259513050299786,0.01004152640382757,0
two_tap,0.05,0.003,4096,0.060004515734164,0.05259513050299786,0.007409385231166139,0
two_tap,0.05,0.003,16384,0.05934822314278479,0.05259513050299786,0.006753092639786927,0
two_tap,0.05,0.001,64,0.11694968858412222,0.05259513050299786,0.06435455808112436,0
two_tap,0.05,0.001,256,0.06861079711398292,0.05259513050299786,0.01601566661098506,0
two_tap,0.05,0.001,1024,0.05814939596531153,0.05259513050299786,0.005554265462313669,0
two_tap,0.05,0.001,4096,0.05561193769666767,0.05259513050299786,0.0030168071936698057,0
two_tap,0.05,0.001,16384,0.054968875525697194,0.05259513050299786,0.002373745022699332,0
two_tap,0.05,0,64,0.11411949184701796,0.05259513050299786,0.0615243613440201,0
two_tap,0.05,0,256,0.0662564252790559,0.05259513050299786,0.013661294776058035,0
two_tap,0.05,0,1024,0.05592821949322893,0.05259513050299786,0.0033330889902310687,0
two_tap,0.05,0,4096,0.05343805312155427,0.05259513050299786,0.0008429226185564104,0
two_tap,0.05,0,16384,0.05280693132292865,0.05259513050299786,0.00021180081993078803,0
two_tap,0.1,0.1,64,0.7375707410092482,0.110768178869954,0.6268025621392942,0
two_tap,0.1,0.1,256,0.5309861454590427,0.110768178869954,0.42021796658908867,0
two_tap,0.1,0.1,1024,0.49171604595774837,0.110768178869954,0.3809478670877944,0
two_tap,0.1,0.1,4096,0.4825322876579722,0.110768178869954,0.3717641087880182,0
two_tap,0.1,0.1,16384,0.48027258913843207,0.110768178869954,0.3695044102684781,0
two_tap,0.1,0.03,64,0.2878815648417962,0.110768178869954,0.17711338597184223,0
two_tap,0.1,0.03,256,0.2110385480582307,0.110768178869954,0.10027036918827668,0
two_tap,0.1,0.03,1024,0.19423414184226148,0.110768178869954,0.08346596297230748,0
two_tap,0.1,0.03,4096,0.19017092964483504,0.110768178869954,0.07940275077488103,0
two_tap,0.1,0.03,16384,0.18916344651115607,0.110768178869954,0.07839526764120207,0
two_tap,0.1,0.01,64,0.215899239748023,0.110768178869954,0.10513106087806899,0
two_tap,0.1,0.01,256,0.153321935879017,0.110768178869954,0.042553757009062984,0
two_tap,0.1,0.01,1024,0.13942468220600904,0.110768178869954,0.02865650333605503,0
two_tap,0.1,0.01,4096,0.1360089040998077,0.110768178869954,0.025240725229853697,0
two_tap,0.1,0.01,16384,0.1351614428439639,0.110768178869954,0.024393263974009885,0
two_tap,0.1,0.003,64,0.19334681242432478,0.110768178869954,0.08257863355437077,0
two_tap,0.1,0.003,256,0.13493273173124037,0.110768178869954,0.024164552861286367,0
two_tap,0.1,0.003,1024,0.12210467986227279,0.110768178869954,0.011336500992318782,0
two_tap,0.1,0.003,4096,0.1188845893687208,0.110768178869954,0.008116410498766796,0
two_tap,0.1,0.003,16384,0.11808548169009447,0.110768178869954,0.007317302820140467,0
two_tap,0.1,0.001,64,0.1870882168449986,0.110768178869954,0.0763200379750446,0
two_tap,0.1,0.001,256,0.12982369744543001,0.110768178869954,0.019055518575476008,0
two_tap,0.1,0.001,1024,0.1173001130513622,0.110768178869954,0.006531934181408197,0
two_tap,0.1,0.001,4096,0.11414911452296463,0.110768178869954,0.0033809356530106194,0
two_tap,0.1,0.001,16384,0.11336326126472698,0.110768178869954,0.0025950823947729768,0
two_tap,0.1,0,64,0.1839887952166233,0.110768178869954,0.0732206163466693,0
two_tap,0.1,0,256,0.12729051244612716,0.110768178869954,0.01652233357617315,0
two_tap,0.1,0,1024,0.11491699892430368,0.110768178869954,0.004148820054349675,0
two_tap,0.1,0,4096,0.11180673413476902,0.110768178869954,0.0010385552648150137,0
two_tap,0.1,0,16384,0.1110274229629142,0.110768178869954,0.0002592440929601869,0
no_dominant_tap,0,0.1,64,1.0,0.0,1.0,15
no_dominant_tap,0,0.1,256,0.8571254115527923,0.0,0.8571254115527923,43
no_dominant_tap,0,0.1,1024,0.8099155151195707,0.0,0.8099155151195707,153
no_dominant_tap,0,0.1,4096,0.7956741167221797,0.0,0.7956741167221797,587
no_dominant_tap,0,0.1,16384,0.7927662496138934,0.0,0.7927662496138934,2321
no_dominant_tap,0,0.03,64,0.687461192517263,0.0,0.687461192517263,5
no_dominant_tap,0,0.03,256,0.2780958498126919,0.0,0.2780958498126919,0
no_dominant_tap,0,0.03,1024,0.18078030825439242,0.0,0.18078030825439242,0
no_dominant_tap,0,0.03,4096,0.16148856839192807,0.0,0.16148856839192807,0
no_dominant_tap,0,0.03,16384,0.15690153997073092,0.0,0.15690153997073092,0
no_dominant_tap,0,0.01,64,0.5248777445415496,0.0,0.5248777445415496,0
no_dominant_tap,0,0.01,256,0.11092323959164853,0.0,0.11092323959164853,0
no_dominant_tap,0,0.01,1024,0.057057561939466754,0.0,0.057057561939466754,0
no_dominant_tap,0,0.01,4096,0.04544059478172498,0.0,0.04544059478172498,0
no_dominant_tap,0,0.01,16384,0.04263297747415823,0.0,0.04263297747415823,0
no_dominant_tap,0,0.003,64,0.4584773720616306,0.0,0.4584773720616306,0
no_dominant_tap,0,0.003,256,0.07131116282531007,0.0,0.07131116282531007,0
no_dominant_tap,0,0.003,1024,0.02514963290373877,0.0,0.02514963290373877,0
no_dominant_tap,0,0.003,4096,0.015036067119429824,0.0,0.015036067119429824,0
no_dominant_tap,0,0.003,16384,0.012583764616876589,0.0,0.012583764616876589,0
no_dominant_tap,0,0.001,64,0.4317708175774304,0.0,0.4317708175774304,0
no_dominant_tap,0,0.001,256,0.06104982967001722,0.0,0.06104982967001722,0
no_dominant_tap,0,0.001,1024,0.01675329645762561,0.0,0.01675329645762561,0
no_dominant_tap,0,0.001,4096,0.007007681906277836,0.0,0.007007681906277836,0
no_dominant_tap,0,0.001,16384,0.004642758438924359,0.0,0.004642758438924359,0
no_dominant_tap,0,0,64,0.4317708175774304,0.0,0.4317708175774304,0
no_dominant_tap,0,0,256,0.05609043930949015,0.0,0.05609043930949015,0
no_dominant_tap,0,0,1024,0.012661731160914647,0.0,0.012661731160914647,0
no_dominant_tap,0,0,4096,0.003091697581426045,0.0,0.003091697581426045,0
no_dominant_tap,0,0,16384,0.0007684642346242234,0.0,0.0007684642346242234,0
no_dominant_tap,0.025,0.1,64,1.0,0.025636811139883618,0.9743631888601164,15
no_dominant_tap,0.025,0.1,256,0.8700004563033572,0.025636811139883618,0.8443636451634736,45
no_dominant_tap,0.025,0.1,1024,0.8253298122703268,0.025636811139883618,0.7996930011304432,157
no_dominant_tap,0.025,0.1,4096,0.8130175769791468,0.025636811139883618,0.7873807658392632,607
no_dominant_tap,0.025,0.1,16384,0.8097324156297986,0.025636811139883618,0.784095604489915,2403
no_dominant_tap,0.025,0.03,64,0.756194166398888,0.025636811139883618,0.7305573552590044,5
no_dominant_tap,0.025,0.03,256,0.29970792983379013,0.025636811139883618,0.2740711186939065,0
no_dominant_tap,0.025,0.03,1024,0.19501653459070056,0.025636811139883618,0.16937972345081695,0
no_dominant_tap,0.025,0.03,4096,0.17466181868686365,0.025636811139883618,0.14902500754698003,0
no_dominant_tap,0.025,0.03,16384,0.16984182067055098,0.025636811139883618,0.14420500953066737,0
no_dominant_tap,0.025,0.01,64,0.5860885847014126,0.025636811139883618,0.560451773561529,0
no_dominant_tap,0.025,0.01,256,0.12480435149679357,0.025636811139883618,0.09916754035690996,0
no_dominant_tap,0.025,0.01,1024,0.06988369047920684,0.025636811139883618,0.044246879339323225,0
no_dominant_tap,0.025,0.01,4096,0.05895334029699142,0.025636811139883618,0.033316529157107796,0
no_dominant_tap,0.025,0.01,16384,0.05645120969125184,0.025636811139883618,0.030814398551368225,0
no_dominant_tap,0.025,0.003,64,0.513447032126922,0.025636811139883618,0.48781022098703836,0
no_dominant_tap,0.025,0.003,256,0.08487036537816219,0.025636811139883618,0.05923355423827857,0
no_dominant_tap,0.025,0.003,1024,0.042887041661070734,0.025636811139883618,0.017250230521187116,0
no_dominant_tap,0.025,0.003,4096,0.03553161812668719,0.025636811139883618,0.009894806986803572,0
no_dominant_tap,0.025,0.003,16384,0.03381885724530485,0.025636811139883618,0.00818204610542123,0
no_dominant_tap,0.025,0.001,64,0.4756058918650412,0.025636811139883618,0.44996908072515757,0
no_dominant_tap,0.025,0.001,256,0.07482248795315866,0.025636811139883618,0.04918567681327504,0
no_dominant_tap,0.025,0.001,1024,0.03691575727298125,0.025636811139883618,0.011278946133097632,0
no_dominant_tap,0.025,0.001,4096,0.03017919242536582,0.025636811139883618,0.004542381285482202,0
no_dominant_tap,0.025,0.001,16384,0.028599351473869064,0.025636811139883618,0.0029625403339854466,0
no_dominant_tap,0.025,0,64,0.4577915643626881,0.025636811139883618,0.43215475322280444,0
no_dominant_tap,0.025,0,256,0.07004560216619649,0.025636811139883618,0.04440879102631287,0
no_dominant_tap,0.025,0,1024,0.034125236362116076,0.025636811139883618,0.008488425222232459,0
no_dominant_tap,0.025,0,4096,0.027656515435648794,0.025636811139883618,0.002019704295765177,0
no_dominant_tap,0.025,0,16384,0.02613579921253789,0.025636811139883618,0.0004989880726542738,0
no_dominant_tap,0.05,0.1,64,1.0,0.05259513050299786,0.9474048694970021,17
no_dominant_tap,0.05,0.1,256,0.8941931106514401,0.05259513050299786,0.8415979801484422,47
no_dominant_tap,0.05,0.1,1024,0.8446229390126698,0.05259513050299786,0.7920278085096719,163
no_dominant_tap,0.05,0.1,4096,0.8310097621881316,0.05259513050299786,0.7784146316851337,629
no_dominant_tap,0.05,0.1,16384,0.8276924602016257,0.05259513050299786,0.7750973296986278,2489
no_dominant_tap,0.05,0.03,64,0.756194166398888,0.05259513050299786,0.7035990358958901,7
no_dominant_tap,0.05,0.03,256,0.3246899626199993,0.05259513050299786,0.2720948321170014,0
no_dominant_tap,0.05,0.03,1024,0.21169643604734373,0.05259513050299786,0.15910130554434587,0
no_dominant_tap,0.05,0.03,4096,0.19035940977334156,0.05259513050299786,0.1377642792703437,0
no_dominant_tap,0.05,0.03,16384,0.18534528676945888,0.05259513050299786,0.13275015626646103,0
no_dominant_tap,0.05,0.01,64,0.6046576182319428,0.05259513050299786,0.5520624877289448,0
no_dominant_tap,0.05,0.01,256,0.14242880907359037,0.05259513050299786,0.08983367857059252,0
no_dominant_tap,0.05,0.01,1024,0.09279646216840545,0.05259513050299786,0.04020133166540759,0
no_dominant_tap,0.05,0.01,4096,0.08380199426375348,0.05259513050299786,0.03120686376075562,0
no_dominant_tap,0.05,0.01,16384,0.08167655917449906,0.05259513050299786,0.0290814286715012,0
no_dominant_tap,0.05,0.003,64,0.5206369733890287,0.05259513050299786,0.46804184288603085,0
no_dominant_tap,0.05,0.003,256,0.10594641894537878,0.05259513050299786,0.05335128844238091,0
no_dominant_tap,0.05,0.003,1024,0.0700133958948761,0.05259513050299786,0.017418265391878233,0
no_dominant_tap,0.05,0.003,4096,0.06271415851123012,0.05259513050299786,0.010119028008232257,0
no_dominant_tap,0.05,0.003,16384,0.060963033815780394,0.05259513050299786,0.008367903312782532,0
no_dominant_tap,0.05,0.001,64,0.5204841220383384,0.05259513050299786,0.4678889915353405,0
no_dominant_tap,0.05,0.001,256,0.09781702815079081,0.05259513050299786,0.04522189764779295,0
no_dominant_tap,0.05,0.001,1024,0.06429961811131878,0.05259513050299786,0.011704487608320914,0
no_dominant_tap,0.05,0.001,4096,0.05735420642415246,0.05259513050299786,0.0047590759211545985,0
no_dominant_tap,0.05,0.001,16384,0.05568439753093156,0.05259513050299786,0.0030892670279336967,0
no_dominant_tap,0.05,0,64,0.5160742454887587,0.05259513050299786,0.46347911498576083,0
no_dominant_tap,0.05,0,256,0.09401845897042783,0.05259513050299786,0.04142332846742997,0
no_dominant_tap,0.05,0,1024,0.06154689767260529,0.05259513050299786,0.008951767169607425,0
no_dominant_tap,0.05,0,4096,0.05476563103454027,0.05259513050299786,0.002170500531542406,0
no_dominant_tap,0.05,0,16384,0.053133730913429975,0.05259513050299786,0.0005386004104321121,0
no_dominant_tap,0.1,0.1,64,1.0,0.110768178869954,0.889231821130046,17
no_dominant_tap,0.1,0.1,256,0.9264816020066158,0.110768178869954,0.8157134231366617,49
no_dominant_tap,0.1,0.1,1024,0.8820801880044048,0.110768178869954,0.7713120091344507,175
no_dominant_tap,0.1,0.1,4096,0.8700968617425495,0.110768178869954,0.7593286828725955,675
no_dominant_tap,0.1,0.1,16384,0.8666642156702288,0.110768178869954,0.7558960368002747,2679
no_dominant_tap,0.1,0.03,64,0.8220978385750777,0.110768178869954,0.7113296597051236,9
no_dominant_tap,0.1,0.03,256,0.38839054364123154,0.110768178869954,0.27762236477127755,0
no_dominant_tap,0.1,0.03,1024,0.2550905092960819,0.110768178869954,0.1443223304261279,0
no_dominant_tap,0.1,0.03,4096,0.23337328288535508,0.110768178869954,0.12260510401540108,0
no_dominant_tap,0.1,0.03,16384,0.22861454398706485,0.110768178869954,0.11784636511711084,0
no_dominant_tap,0.1,0.01,64,0.6834806693759861,0.110768178869954,0.572712490506032,1
no_dominant_tap,0.1,0.01,256,0.19767792776145102,0.110768178869954,0.08690974889149701,0
no_dominant_tap,0.1,0.01,1024,0.15313229135195555,0.110768178869954,0.042364112482001545,0
no_dominant_tap,0.1,0.01,4096,0.14375139895801095,0.110768178869954,0.032983220088056944,0
no_dominant_tap,0.1,0.01,16384,0.14148609604076834,0.110768178869954,0.030717917170814332,0
no_dominant_tap,0.1,0.003,64,0.6046576182319428,0.110768178869954,0.49388943936198876,0
no_dominant_tap,0.1,0.003,256,0.1678125909626012,0.110768178869954,0.0570444120926472,0
no_dominant_tap,0.1,0.003,1024,0.1301487275266609,0.110768178869954,0.019380548656706895,0
no_dominant_tap,0.1,0.003,4096,0.12190923834377752,0.110768178869954,0.011141059473823517,0
no_dominant_tap,0.1,0.003,16384,0.1199090809216716,0.110768178869954,0.009140902051717595,0
no_dominant_tap,0.1,0.001,64,0.6046576182319428,0.110768178869954,0.49388943936198876,0
no_dominant_tap,0.1,0.001,256,0.16028150806055497,0.110768178869954,0.04951332919060096,0
no_dominant_tap,0.1,0.001,1024,0.12409614527744925,0.110768178869954,0.013327966407495243,0
no_dominant_tap,0.1,0.001,4096,0.1161279534268745,0.110768178869954,0.0053597745569204935,0
no_dominant_tap,0.1,0.001,16384,0.1141916294645508,0.110768178869954,0.003423450594596797,0
no_dominant_tap,0.1,0,64,0.6046576182319428,0.110768178869954,0.49388943936198876,0
no_dominant_tap,0.1,0,256,0.15664033186471749,0.110768178869954,0.04587215299476348,0
no_dominant_tap,0.1,0,1024,0.12114412292368805,0.110768178869954,0.010375944053734043,0
no_dominant_tap,0.1,0,4096,0.11330487667673131,0.110768178869954,0.002536697806777302,0
no_dominant_tap,0.1,0,16384,0.11139889726044236,0.110768178869954,0.0006307183904883523,0
