experiment,cell,n,method,event,planned,defined,successes,missing,possible_count_low,possible_count_high,confidence,interval_low,interval_high
cycle,correlated_reversible_delays,65536,cycle,rejection,64,64,0,0,0,0,0.95,0.0,0.05600908938663656
cycle,correlated_reversible_delays,65536,cycle,usable,64,64,64,0,64,64,0.95,0.9439909106133635,1.0
cycle,correlated_reversible_delays,524288,cycle,rejection,64,64,0,0,0,0,0.95,0.0,0.05600908938663656
cycle,correlated_reversible_delays,524288,cycle,usable,64,64,64,0,64,64,0.95,0.9439909106133635,1.0
cycle,directed_ring_identity,65536,cycle,rejection,64,64,0,0,0,0,0.95,0.0,0.05600908938663656
cycle,directed_ring_identity,65536,cycle,usable,64,64,64,0,64,64,0.95,0.9439909106133635,1.0
cycle,directed_ring_identity,524288,cycle,rejection,64,64,64,0,64,64,0.95,0.9439909106133635,1.0
cycle,directed_ring_identity,524288,cycle,usable,64,64,64,0,64,64,0.95,0.9439909106133635,1.0
cycle,directed_ring_delays,65536,cycle,rejection,64,64,0,0,0,0,0.95,0.0,0.05600908938663656
cycle,directed_ring_delays,65536,cycle,usable,64,64,64,0,64,64,0.95,0.9439909106133635,1.0
cycle,directed_ring_delays,524288,cycle,rejection,64,64,64,0,64,64,0.95,0.9439909106133635,1.0
cycle,directed_ring_delays,524288,cycle,usable,64,64,64,0,64,64,0.95,0.9439909106133635,1.0
cycle,directed_ring_attenuated,524288,cycle,rejection,32,32,0,0,0,0,0.95,0.0,0.10888116067935288
cycle,directed_ring_attenuated,524288,cycle,usable,32,32,32,0,32,32,0.95,0.8911188393206472,1.0
cycle,directed_ring_noisy,524288,cycle,rejection,32,32,9,0,9,9,0.95,0.1374569032955017,0.46747109964293454
cycle,directed_ring_noisy,524288,cycle,usable,32,32,32,0,32,32,0.95,0.8911188393206472,1.0
cycle,directed_ring_response_zero,524288,cycle,rejection,32,32,0,0,0,0,0.95,0.0,0.10888116067935288
cycle,directed_ring_response_zero,524288,cycle,usable,32,32,32,0,32,32,0.95,0.8911188393206472,1.0
cycle,finite_ma_nonzero_cycle,32768,cycle,rejection,64,64,64,0,64,64,0.95,0.9439909106133635,1.0
cycle,finite_ma_nonzero_cycle,32768,cycle,usable,64,64,64,0,64,64,0.95,0.9439909106133635,1.0
cycle,finite_ma_nonzero_cycle,131072,cycle,rejection,64,64,64,0,64,64,0.95,0.9439909106133635,1.0
cycle,finite_ma_nonzero_cycle,131072,cycle,usable,64,64,64,0,64,64,0.95,0.9439909106133635,1.0
source,p0_reversible,16385,lag,rejection,32,32,0,0,0,0,0.95,0.0,0.10888116067935288
source,p0_reversible,16385,lag,usable,32,32,32,0,32,32,0.95,0.8911188393206472,1.0
source,p0_reversible,16385,lag,finite_endpoint,32,32,32,0,32,32,0.95,0.8911188393206472,1.0
source,p0_reversible,16385,lag,source_coverage,32,32,32,0,32,32,0.95,0.8911188393206472,1.0
source,p0_reversible,16385,bridge,rejection,32,32,0,0,0,0,0.95,0.0,0.10888116067935288
source,p0_reversible,16385,bridge,usable,32,32,12,0,12,12,0.95,0.21100031642399283,0.5630775449030734
source,p0_reversible,16385,bridge,finite_endpoint,32,32,32,0,32,32,0.95,0.8911188393206472,1.0
source,p0_reversible,16385,bridge,source_coverage,32,32,32,0,32,32,0.95,0.8911188393206472,1.0
source,p0_reversible,16385,intersection,rejection,32,32,0,0,0,0,0.95,0.0,0.10888116067935288
source,p0_reversible,16385,intersection,usable,32,32,32,0,32,32,0.95,0.8911188393206472,1.0
source,p0_reversible,16385,intersection,finite_endpoint,32,32,32,0,32,32,0.95,0.8911188393206472,1.0
source,p0_reversible,16385,intersection,source_coverage,32,32,32,0,32,32,0.95,0.8911188393206472,1.0
source,p0_reversible,16385,supplied,rejection,32,32,0,0,0,0,0.95,0.0,0.10888116067935288
source,p0_reversible,16385,supplied,usable,32,32,32,0,32,32,0.95,0.8911188393206472,1.0
source,p0_reversible,16385,supplied,finite_endpoint,32,32,32,0,32,32,0.95,0.8911188393206472,1.0
source,p0_reversible,65537,lag,rejection,32,32,0,0,0,0,0.95,0.0,0.10888116067935288
source,p0_reversible,65537,lag,usable,32,32,32,0,32,32,0.95,0.8911188393206472,1.0
source,p0_reversible,65537,lag,finite_endpoint,32,32,32,0,32,32,0.95,0.8911188393206472,1.0
source,p0_reversible,65537,lag,source_coverage,32,32,32,0,32,32,0.95,0.8911188393206472,1.0
source,p0_reversible,65537,bridge,rejection,32,32,0,0,0,0,0.95,0.0,0.10888116067935288
source,p0_reversible,65537,bridge,usable,32,32,32,0,32,32,0.95,0.8911188393206472,1.0
source,p0_reversible,65537,bridge,finite_endpoint,32,32,32,0,32,32,0.95,0.8911188393206472,1.0
source,p0_reversible,65537,bridge,source_coverage,32,32,32,0,32,32,0.95,0.8911188393206472,1.0
source,p0_reversible,65537,intersection,rejection,32,32,0,0,0,0,0.95,0.0,0.10888116067935288
source,p0_reversible,65537,intersection,usable,32,32,32,0,32,32,0.95,0.8911188393206472,1.0
source,p0_reversible,65537,intersection,finite_endpoint,32,32,32,0,32,32,0.95,0.8911188393206472,1.0
source,p0_reversible,65537,intersection,source_coverage,32,32,32,0,32,32,0.95,0.8911188393206472,1.0
source,p0_reversible,65537,supplied,rejection,32,32,0,0,0,0,0.95,0.0,0.10888116067935288
source,p0_reversible,65537,supplied,usable,32,32,32,0,32,32,0.95,0.8911188393206472,1.0
source,p0_reversible,65537,supplied,finite_endpoint,32,32,32,0,32,32,0.95,0.8911188393206472,1.0
source,p0_weak_delay,16385,lag,rejection,32,32,32,0,32,32,0.95,0.8911188393206472,1.0
source,p0_weak_delay,16385,lag,usable,32,32,32,0,32,32,0.95,0.8911188393206472,1.0
source,p0_weak_delay,16385,lag,finite_endpoint,32,32,32,0,32,32,0.95,0.8911188393206472,1.0
source,p0_weak_delay,16385,lag,source_coverage,32,32,32,0,32,32,0.95,0.8911188393206472,1.0
source,p0_weak_delay,16385,bridge,rejection,32,32,0,0,0,0,0.95,0.0,0.10888116067935288
source,p0_weak_delay,16385,bridge,usable,32,32,12,0,12,12,0.95,0.21100031642399283,0.5630775449030734
source,p0_weak_delay,16385,bridge,finite_endpoint,32,32,32,0,32,32,0.95,0.8911188393206472,1.0
source,p0_weak_delay,16385,bridge,source_coverage,32,32,32,0,32,32,0.95,0.8911188393206472,1.0
source,p0_weak_delay,16385,intersection,rejection,32,32,32,0,32,32,0.95,0.8911188393206472,1.0
source,p0_weak_delay,16385,intersection,usable,32,32,32,0,32,32,0.95,0.8911188393206472,1.0
source,p0_weak_delay,16385,intersection,finite_endpoint,32,32,32,0,32,32,0.95,0.8911188393206472,1.0
source,p0_weak_delay,16385,intersection,source_coverage,32,32,32,0,32,32,0.95,0.8911188393206472,1.0
source,p0_weak_delay,16385,supplied,rejection,32,32,32,0,32,32,0.95,0.8911188393206472,1.0
source,p0_weak_delay,16385,supplied,usable,32,32,32,0,32,32,0.95,0.8911188393206472,1.0
source,p0_weak_delay,16385,supplied,finite_endpoint,32,32,32,0,32,32,0.95,0.8911188393206472,1.0
source,p0_weak_delay,65537,lag,rejection,32,32,32,0,32,32,0.95,0.8911188393206472,1.0
source,p0_weak_delay,65537,lag,usable,32,32,32,0,32,32,0.95,0.8911188393206472,1.0
source,p0_weak_delay,65537,lag,finite_endpoint,32,32,32,0,32,32,0.95,0.8911188393206472,1.0
source,p0_weak_delay,65537,lag,source_coverage,32,32,32,0,32,32,0.95,0.8911188393206472,1.0
source,p0_weak_delay,65537,bridge,rejection,32,32,0,0,0,0,0.95,0.0,0.10888116067935288
source,p0_weak_delay,65537,bridge,usable,32,32,32,0,32,32,0.95,0.8911188393206472,1.0
source,p0_weak_delay,65537,bridge,finite_endpoint,32,32,32,0,32,32,0.95,0.8911188393206472,1.0
source,p0_weak_delay,65537,bridge,source_coverage,32,32,32,0,32,32,0.95,0.8911188393206472,1.0
source,p0_weak_delay,65537,intersection,rejection,32,32,32,0,32,32,0.95,0.8911188393206472,1.0
source,p0_weak_delay,65537,intersection,usable,32,32,32,0,32,32,0.95,0.8911188393206472,1.0
source,p0_weak_delay,65537,intersection,finite_endpoint,32,32,32,0,32,32,0.95,0.8911188393206472,1.0
source,p0_weak_delay,65537,intersection,source_coverage,32,32,32,0,32,32,0.95,0.8911188393206472,1.0
source,p0_weak_delay,65537,supplied,rejection,32,32,32,0,32,32,0.95,0.8911188393206472,1.0
source,p0_weak_delay,65537,supplied,usable,32,32,32,0,32,32,0.95,0.8911188393206472,1.0
source,p0_weak_delay,65537,supplied,finite_endpoint,32,32,32,0,32,32,0.95,0.8911188393206472,1.0
source,p0_strong_delay,16385,lag,rejection,32,32,32,0,32,32,0.95,0.8911188393206472,1.0
source,p0_strong_delay,16385,lag,usable,32,32,32,0,32,32,0.95,0.8911188393206472,1.0
source,p0_strong_delay,16385,lag,finite_endpoint,32,32,32,0,32,32,0.95,0.8911188393206472,1.0
source,p0_strong_delay,16385,lag,source_coverage,32,32,32,0,32,32,0.95,0.8911188393206472,1.0
source,p0_strong_delay,16385,bridge,rejection,32,32,0,0,0,0,0.95,0.0,0.10888116067935288
source,p0_strong_delay,16385,bridge,usable,32,32,13,0,13,13,0.95,0.23698410055174313,0.5935507534235236
source,p0_strong_delay,16385,bridge,finite_endpoint,32,32,31,0,31,31,0.95,0.8378290058184885,0.9992091314020475
source,p0_strong_delay,16385,bridge,source_coverage,32,32,32,0,32,32,0.95,0.8911188393206472,1.0
source,p0_strong_delay,16385,intersection,rejection,32,32,32,0,32,32,0.95,0.8911188393206472,1.0
source,p0_strong_delay,16385,intersection,usable,32,32,32,0,32,32,0.95,0.8911188393206472,1.0
source,p0_strong_delay,16385,intersection,finite_endpoint,32,32,32,0,32,32,0.95,0.8911188393206472,1.0
source,p0_strong_delay,16385,intersection,source_coverage,32,32,32,0,32,32,0.95,0.8911188393206472,1.0
source,p0_strong_delay,16385,supplied,rejection,32,32,32,0,32,32,0.95,0.8911188393206472,1.0
source,p0_strong_delay,16385,supplied,usable,32,32,32,0,32,32,0.95,0.8911188393206472,1.0
source,p0_strong_delay,16385,supplied,finite_endpoint,32,32,32,0,32,32,0.95,0.8911188393206472,1.0
source,p0_strong_delay,65537,lag,rejection,32,32,32,0,32,32,0.95,0.8911188393206472,1.0
source,p0_strong_delay,65537,lag,usable,32,32,32,0,32,32,0.95,0.8911188393206472,1.0
source,p0_strong_delay,65537,lag,finite_endpoint,32,32,32,0,32,32,0.95,0.8911188393206472,1.0
source,p0_strong_delay,65537,lag,source_coverage,32,32,32,0,32,32,0.95,0.8911188393206472,1.0
source,p0_strong_delay,65537,bridge,rejection,32,32,0,0,0,0,0.95,0.0,0.10888116067935288
source,p0_strong_delay,65537,bridge,usable,32,32,32,0,32,32,0.95,0.8911188393206472,1.0
source,p0_strong_delay,65537,bridge,finite_endpoint,32,32,32,0,32,32,0.95,0.8911188393206472,1.0
source,p0_strong_delay,65537,bridge,source_coverage,32,32,32,0,32,32,0.95,0.8911188393206472,1.0
source,p0_strong_delay,65537,intersection,rejection,32,32,32,0,32,32,0.95,0.8911188393206472,1.0
source,p0_strong_delay,65537,intersection,usable,32,32,32,0,32,32,0.95,0.8911188393206472,1.0
source,p0_strong_delay,65537,intersection,finite_endpoint,32,32,32,0,32,32,0.95,0.8911188393206472,1.0
source,p0_strong_delay,65537,intersection,source_coverage,32,32,32,0,32,32,0.95,0.8911188393206472,1.0
source,p0_strong_delay,65537,supplied,rejection,32,32,32,0,32,32,0.95,0.8911188393206472,1.0
source,p0_strong_delay,65537,supplied,usable,32,32,32,0,32,32,0.95,0.8911188393206472,1.0
source,p0_strong_delay,65537,supplied,finite_endpoint,32,32,32,0,32,32,0.95,0.8911188393206472,1.0
source,p1_reversible,16385,lag,rejection,32,32,0,0,0,0,0.95,0.0,0.10888116067935288
source,p1_reversible,16385,lag,usable,32,32,0,0,0,0,0.95,0.0,0.10888116067935288
source,p1_reversible,16385,lag,finite_endpoint,32,32,0,0,0,0,0.95,0.0,0.10888116067935288
source,p1_reversible,16385,lag,source_coverage,32,32,32,0,32,32,0.95,0.8911188393206472,1.0
source,p1_reversible,16385,bridge,rejection,32,32,0,0,0,0,0.95,0.0,0.10888116067935288
source,p1_reversible,16385,bridge,usable,32,32,0,0,0,0,0.95,0.0,0.10888116067935288
source,p1_reversible,16385,bridge,finite_endpoint,32,32,0,0,0,0,0.95,0.0,0.10888116067935288
source,p1_reversible,16385,bridge,source_coverage,32,32,32,0,32,32,0.95,0.8911188393206472,1.0
source,p1_reversible,16385,intersection,rejection,32,32,0,0,0,0,0.95,0.0,0.10888116067935288
source,p1_reversible,16385,intersection,usable,32,32,0,0,0,0,0.95,0.0,0.10888116067935288
source,p1_reversible,16385,intersection,finite_endpoint,32,32,0,0,0,0,0.95,0.0,0.10888116067935288
source,p1_reversible,16385,intersection,source_coverage,32,32,32,0,32,32,0.95,0.8911188393206472,1.0
source,p1_reversible,16385,supplied,rejection,32,32,0,0,0,0,0.95,0.0,0.10888116067935288
source,p1_reversible,16385,supplied,usable,32,32,32,0,32,32,0.95,0.8911188393206472,1.0
source,p1_reversible,16385,supplied,finite_endpoint,32,32,32,0,32,32,0.95,0.8911188393206472,1.0
source,p1_reversible,65537,lag,rejection,32,32,0,0,0,0,0.95,0.0,0.10888116067935288
source,p1_reversible,65537,lag,usable,32,32,16,0,16,16,0.95,0.318874964234164,0.681125035765836
source,p1_reversible,65537,lag,finite_endpoint,32,32,16,0,16,16,0.95,0.318874964234164,0.681125035765836
source,p1_reversible,65537,lag,source_coverage,32,32,32,0,32,32,0.95,0.8911188393206472,1.0
source,p1_reversible,65537,bridge,rejection,32,32,0,0,0,0,0.95,0.0,0.10888116067935288
source,p1_reversible,65537,bridge,usable,32,32,0,0,0,0,0.95,0.0,0.10888116067935288
source,p1_reversible,65537,bridge,finite_endpoint,32,32,29,0,29,29,0.95,0.7497730493162054,0.9802328198267152
source,p1_reversible,65537,bridge,source_coverage,32,32,32,0,32,32,0.95,0.8911188393206472,1.0
source,p1_reversible,65537,intersection,rejection,32,32,0,0,0,0,0.95,0.0,0.10888116067935288
source,p1_reversible,65537,intersection,usable,32,32,26,0,26,26,0.95,0.6356076901359099,0.9279238345415024
source,p1_reversible,65537,intersection,finite_endpoint,32,32,27,0,27,27,0.95,0.6721212343179583,0.9472494355978659
source,p1_reversible,65537,intersection,source_coverage,32,32,32,0,32,32,0.95,0.8911188393206472,1.0
source,p1_reversible,65537,supplied,rejection,32,32,0,0,0,0,0.95,0.0,0.10888116067935288
source,p1_reversible,65537,supplied,usable,32,32,32,0,32,32,0.95,0.8911188393206472,1.0
source,p1_reversible,65537,supplied,finite_endpoint,32,32,32,0,32,32,0.95,0.8911188393206472,1.0
source,p1_weak_delay,16385,lag,rejection,32,32,0,0,0,0,0.95,0.0,0.10888116067935288
source,p1_weak_delay,16385,lag,usable,32,32,0,0,0,0,0.95,0.0,0.10888116067935288
source,p1_weak_delay,16385,lag,finite_endpoint,32,32,0,0,0,0,0.95,0.0,0.10888116067935288
source,p1_weak_delay,16385,lag,source_coverage,32,32,32,0,32,32,0.95,0.8911188393206472,1.0
source,p1_weak_delay,16385,bridge,rejection,32,32,0,0,0,0,0.95,0.0,0.10888116067935288
source,p1_weak_delay,16385,bridge,usable,32,32,0,0,0,0,0.95,0.0,0.10888116067935288
source,p1_weak_delay,16385,bridge,finite_endpoint,32,32,0,0,0,0,0.95,0.0,0.10888116067935288
source,p1_weak_delay,16385,bridge,source_coverage,32,32,32,0,32,32,0.95,0.8911188393206472,1.0
source,p1_weak_delay,16385,intersection,rejection,32,32,0,0,0,0,0.95,0.0,0.10888116067935288
source,p1_weak_delay,16385,intersection,usable,32,32,0,0,0,0,0.95,0.0,0.10888116067935288
source,p1_weak_delay,16385,intersection,finite_endpoint,32,32,0,0,0,0,0.95,0.0,0.10888116067935288
source,p1_weak_delay,16385,intersection,source_coverage,32,32,32,0,32,32,0.95,0.8911188393206472,1.0
source,p1_weak_delay,16385,supplied,rejection,32,32,32,0,32,32,0.95,0.8911188393206472,1.0
source,p1_weak_delay,16385,supplied,usable,32,32,32,0,32,32,0.95,0.8911188393206472,1.0
source,p1_weak_delay,16385,supplied,finite_endpoint,32,32,32,0,32,32,0.95,0.8911188393206472,1.0
source,p1_weak_delay,65537,lag,rejection,32,32,7,0,7,7,0.95,0.09277153228471936,0.39972826371210757
source,p1_weak_delay,65537,lag,usable,32,32,9,0,9,9,0.95,0.1374569032955017,0.46747109964293454
source,p1_weak_delay,65537,lag,finite_endpoint,32,32,9,0,9,9,0.95,0.1374569032955017,0.46747109964293454
source,p1_weak_delay,65537,lag,source_coverage,32,32,32,0,32,32,0.95,0.8911188393206472,1.0
source,p1_weak_delay,65537,bridge,rejection,32,32,0,0,0,0,0.95,0.0,0.10888116067935288
source,p1_weak_delay,65537,bridge,usable,32,32,1,0,1,1,0.95,0.0007908685979525579,0.16217099418151154
source,p1_weak_delay,65537,bridge,finite_endpoint,32,32,28,0,28,28,0.95,0.7100515798092444,0.9648693468966886
source,p1_weak_delay,65537,bridge,source_coverage,32,32,32,0,32,32,0.95,0.8911188393206472,1.0
source,p1_weak_delay,65537,intersection,rejection,32,32,7,0,7,7,0.95,0.09277153228471936,0.39972826371210757
source,p1_weak_delay,65537,intersection,usable,32,32,29,0,29,29,0.95,0.7497730493162054,0.9802328198267152
source,p1_weak_delay,65537,intersection,finite_endpoint,32,32,30,0,30,30,0.95,0.7919305701049926,0.9923392636535436
source,p1_weak_delay,65537,intersection,source_coverage,32,32,32,0,32,32,0.95,0.8911188393206472,1.0
source,p1_weak_delay,65537,supplied,rejection,32,32,32,0,32,32,0.95,0.8911188393206472,1.0
source,p1_weak_delay,65537,supplied,usable,32,32,32,0,32,32,0.95,0.8911188393206472,1.0
source,p1_weak_delay,65537,supplied,finite_endpoint,32,32,32,0,32,32,0.95,0.8911188393206472,1.0
source,p1_strong_delay,16385,lag,rejection,32,32,0,0,0,0,0.95,0.0,0.10888116067935288
source,p1_strong_delay,16385,lag,usable,32,32,0,0,0,0,0.95,0.0,0.10888116067935288
source,p1_strong_delay,16385,lag,finite_endpoint,32,32,0,0,0,0,0.95,0.0,0.10888116067935288
source,p1_strong_delay,16385,lag,source_coverage,32,32,32,0,32,32,0.95,0.8911188393206472,1.0
source,p1_strong_delay,16385,bridge,rejection,32,32,0,0,0,0,0.95,0.0,0.10888116067935288
source,p1_strong_delay,16385,bridge,usable,32,32,0,0,0,0,0.95,0.0,0.10888116067935288
source,p1_strong_delay,16385,bridge,finite_endpoint,32,32,0,0,0,0,0.95,0.0,0.10888116067935288
source,p1_strong_delay,16385,bridge,source_coverage,32,32,32,0,32,32,0.95,0.8911188393206472,1.0
source,p1_strong_delay,16385,intersection,rejection,32,32,0,0,0,0,0.95,0.0,0.10888116067935288
source,p1_strong_delay,16385,intersection,usable,32,32,0,0,0,0,0.95,0.0,0.10888116067935288
source,p1_strong_delay,16385,intersection,finite_endpoint,32,32,0,0,0,0,0.95,0.0,0.10888116067935288
source,p1_strong_delay,16385,intersection,source_coverage,32,32,32,0,32,32,0.95,0.8911188393206472,1.0
source,p1_strong_delay,16385,supplied,rejection,32,32,32,0,32,32,0.95,0.8911188393206472,1.0
source,p1_strong_delay,16385,supplied,usable,32,32,32,0,32,32,0.95,0.8911188393206472,1.0
source,p1_strong_delay,16385,supplied,finite_endpoint,32,32,32,0,32,32,0.95,0.8911188393206472,1.0
source,p1_strong_delay,65537,lag,rejection,32,32,14,0,14,14,0.95,0.2636381244109847,0.6233742684099061
source,p1_strong_delay,65537,lag,usable,32,32,15,0,15,15,0.95,0.2909398229060153,0.6525631907136071
source,p1_strong_delay,65537,lag,finite_endpoint,32,32,15,0,15,15,0.95,0.2909398229060153,0.6525631907136071
source,p1_strong_delay,65537,lag,source_coverage,32,32,32,0,32,32,0.95,0.8911188393206472,1.0
source,p1_strong_delay,65537,bridge,rejection,32,32,0,0,0,0,0.95,0.0,0.10888116067935288
source,p1_strong_delay,65537,bridge,usable,32,32,2,0,2,2,0.95,0.007660736346456389,0.20806942989500743
source,p1_strong_delay,65537,bridge,finite_endpoint,32,32,26,0,26,26,0.95,0.6356076901359099,0.9279238345415024
source,p1_strong_delay,65537,bridge,source_coverage,32,32,32,0,32,32,0.95,0.8911188393206472,1.0
source,p1_strong_delay,65537,intersection,rejection,32,32,13,0,13,13,0.95,0.23698410055174313,0.5935507534235236
source,p1_strong_delay,65537,intersection,usable,32,32,29,0,29,29,0.95,0.7497730493162054,0.9802328198267152
source,p1_strong_delay,65537,intersection,finite_endpoint,32,32,29,0,29,29,0.95,0.7497730493162054,0.9802328198267152
source,p1_strong_delay,65537,intersection,source_coverage,32,32,32,0,32,32,0.95,0.8911188393206472,1.0
source,p1_strong_delay,65537,supplied,rejection,32,32,32,0,32,32,0.95,0.8911188393206472,1.0
source,p1_strong_delay,65537,supplied,usable,32,32,32,0,32,32,0.95,0.8911188393206472,1.0
source,p1_strong_delay,65537,supplied,finite_endpoint,32,32,32,0,32,32,0.95,0.8911188393206472,1.0
source,p2_reversible,16385,lag,rejection,32,32,0,0,0,0,0.95,0.0,0.10888116067935288
source,p2_reversible,16385,lag,usable,32,32,0,0,0,0,0.95,0.0,0.10888116067935288
source,p2_reversible,16385,lag,finite_endpoint,32,32,0,0,0,0,0.95,0.0,0.10888116067935288
source,p2_reversible,16385,lag,source_coverage,32,32,32,0,32,32,0.95,0.8911188393206472,1.0
source,p2_reversible,16385,bridge,rejection,32,32,0,0,0,0,0.95,0.0,0.10888116067935288
source,p2_reversible,16385,bridge,usable,32,32,0,0,0,0,0.95,0.0,0.10888116067935288
source,p2_reversible,16385,bridge,finite_endpoint,32,32,0,0,0,0,0.95,0.0,0.10888116067935288
source,p2_reversible,16385,bridge,source_coverage,32,32,32,0,32,32,0.95,0.8911188393206472,1.0
source,p2_reversible,16385,intersection,rejection,32,32,0,0,0,0,0.95,0.0,0.10888116067935288
source,p2_reversible,16385,intersection,usable,32,32,0,0,0,0,0.95,0.0,0.10888116067935288
source,p2_reversible,16385,intersection,finite_endpoint,32,32,0,0,0,0,0.95,0.0,0.10888116067935288
source,p2_reversible,16385,intersection,source_coverage,32,32,32,0,32,32,0.95,0.8911188393206472,1.0
source,p2_reversible,16385,supplied,rejection,32,32,0,0,0,0,0.95,0.0,0.10888116067935288
source,p2_reversible,16385,supplied,usable,32,32,32,0,32,32,0.95,0.8911188393206472,1.0
source,p2_reversible,16385,supplied,finite_endpoint,32,32,32,0,32,32,0.95,0.8911188393206472,1.0
source,p2_reversible,65537,lag,rejection,32,32,0,0,0,0,0.95,0.0,0.10888116067935288
source,p2_reversible,65537,lag,usable,32,32,0,0,0,0,0.95,0.0,0.10888116067935288
source,p2_reversible,65537,lag,finite_endpoint,32,32,0,0,0,0,0.95,0.0,0.10888116067935288
source,p2_reversible,65537,lag,source_coverage,32,32,32,0,32,32,0.95,0.8911188393206472,1.0
source,p2_reversible,65537,bridge,rejection,32,32,0,0,0,0,0.95,0.0,0.10888116067935288
source,p2_reversible,65537,bridge,usable,32,32,0,0,0,0,0.95,0.0,0.10888116067935288
source,p2_reversible,65537,bridge,finite_endpoint,32,32,0,0,0,0,0.95,0.0,0.10888116067935288
source,p2_reversible,65537,bridge,source_coverage,32,32,32,0,32,32,0.95,0.8911188393206472,1.0
source,p2_reversible,65537,intersection,rejection,32,32,0,0,0,0,0.95,0.0,0.10888116067935288
source,p2_reversible,65537,intersection,usable,32,32,0,0,0,0,0.95,0.0,0.10888116067935288
source,p2_reversible,65537,intersection,finite_endpoint,32,32,0,0,0,0,0.95,0.0,0.10888116067935288
source,p2_reversible,65537,intersection,source_coverage,32,32,32,0,32,32,0.95,0.8911188393206472,1.0
source,p2_reversible,65537,supplied,rejection,32,32,0,0,0,0,0.95,0.0,0.10888116067935288
source,p2_reversible,65537,supplied,usable,32,32,32,0,32,32,0.95,0.8911188393206472,1.0
source,p2_reversible,65537,supplied,finite_endpoint,32,32,32,0,32,32,0.95,0.8911188393206472,1.0
source,p2_weak_delay,16385,lag,rejection,32,32,0,0,0,0,0.95,0.0,0.10888116067935288
source,p2_weak_delay,16385,lag,usable,32,32,0,0,0,0,0.95,0.0,0.10888116067935288
source,p2_weak_delay,16385,lag,finite_endpoint,32,32,0,0,0,0,0.95,0.0,0.10888116067935288
source,p2_weak_delay,16385,lag,source_coverage,32,32,32,0,32,32,0.95,0.8911188393206472,1.0
source,p2_weak_delay,16385,bridge,rejection,32,32,0,0,0,0,0.95,0.0,0.10888116067935288
source,p2_weak_delay,16385,bridge,usable,32,32,0,0,0,0,0.95,0.0,0.10888116067935288
source,p2_weak_delay,16385,bridge,finite_endpoint,32,32,0,0,0,0,0.95,0.0,0.10888116067935288
source,p2_weak_delay,16385,bridge,source_coverage,32,32,32,0,32,32,0.95,0.8911188393206472,1.0
source,p2_weak_delay,16385,intersection,rejection,32,32,0,0,0,0,0.95,0.0,0.10888116067935288
source,p2_weak_delay,16385,intersection,usable,32,32,0,0,0,0,0.95,0.0,0.10888116067935288
source,p2_weak_delay,16385,intersection,finite_endpoint,32,32,0,0,0,0,0.95,0.0,0.10888116067935288
source,p2_weak_delay,16385,intersection,source_coverage,32,32,32,0,32,32,0.95,0.8911188393206472,1.0
source,p2_weak_delay,16385,supplied,rejection,32,32,32,0,32,32,0.95,0.8911188393206472,1.0
source,p2_weak_delay,16385,supplied,usable,32,32,32,0,32,32,0.95,0.8911188393206472,1.0
source,p2_weak_delay,16385,supplied,finite_endpoint,32,32,32,0,32,32,0.95,0.8911188393206472,1.0
source,p2_weak_delay,65537,lag,rejection,32,32,0,0,0,0,0.95,0.0,0.10888116067935288
source,p2_weak_delay,65537,lag,usable,32,32,0,0,0,0,0.95,0.0,0.10888116067935288
source,p2_weak_delay,65537,lag,finite_endpoint,32,32,0,0,0,0,0.95,0.0,0.10888116067935288
source,p2_weak_delay,65537,lag,source_coverage,32,32,32,0,32,32,0.95,0.8911188393206472,1.0
source,p2_weak_delay,65537,bridge,rejection,32,32,0,0,0,0,0.95,0.0,0.10888116067935288
source,p2_weak_delay,65537,bridge,usable,32,32,0,0,0,0,0.95,0.0,0.10888116067935288
source,p2_weak_delay,65537,bridge,finite_endpoint,32,32,0,0,0,0,0.95,0.0,0.10888116067935288
source,p2_weak_delay,65537,bridge,source_coverage,32,32,32,0,32,32,0.95,0.8911188393206472,1.0
source,p2_weak_delay,65537,intersection,rejection,32,32,0,0,0,0,0.95,0.0,0.10888116067935288
source,p2_weak_delay,65537,intersection,usable,32,32,0,0,0,0,0.95,0.0,0.10888116067935288
source,p2_weak_delay,65537,intersection,finite_endpoint,32,32,0,0,0,0,0.95,0.0,0.10888116067935288
source,p2_weak_delay,65537,intersection,source_coverage,32,32,32,0,32,32,0.95,0.8911188393206472,1.0
source,p2_weak_delay,65537,supplied,rejection,32,32,32,0,32,32,0.95,0.8911188393206472,1.0
source,p2_weak_delay,65537,supplied,usable,32,32,32,0,32,32,0.95,0.8911188393206472,1.0
source,p2_weak_delay,65537,supplied,finite_endpoint,32,32,32,0,32,32,0.95,0.8911188393206472,1.0
source,p2_strong_delay,16385,lag,rejection,32,32,0,0,0,0,0.95,0.0,0.10888116067935288
source,p2_strong_delay,16385,lag,usable,32,32,0,0,0,0,0.95,0.0,0.10888116067935288
source,p2_strong_delay,16385,lag,finite_endpoint,32,32,0,0,0,0,0.95,0.0,0.10888116067935288
source,p2_strong_delay,16385,lag,source_coverage,32,32,32,0,32,32,0.95,0.8911188393206472,1.0
source,p2_strong_delay,16385,bridge,rejection,32,32,0,0,0,0,0.95,0.0,0.10888116067935288
source,p2_strong_delay,16385,bridge,usable,32,32,0,0,0,0,0.95,0.0,0.10888116067935288
source,p2_strong_delay,16385,bridge,finite_endpoint,32,32,0,0,0,0,0.95,0.0,0.10888116067935288
source,p2_strong_delay,16385,bridge,source_coverage,32,32,32,0,32,32,0.95,0.8911188393206472,1.0
source,p2_strong_delay,16385,intersection,rejection,32,32,0,0,0,0,0.95,0.0,0.10888116067935288
source,p2_strong_delay,16385,intersection,usable,32,32,0,0,0,0,0.95,0.0,0.10888116067935288
source,p2_strong_delay,16385,intersection,finite_endpoint,32,32,0,0,0,0,0.95,0.0,0.10888116067935288
source,p2_strong_delay,16385,intersection,source_coverage,32,32,32,0,32,32,0.95,0.8911188393206472,1.0
source,p2_strong_delay,16385,supplied,rejection,32,32,32,0,32,32,0.95,0.8911188393206472,1.0
source,p2_strong_delay,16385,supplied,usable,32,32,32,0,32,32,0.95,0.8911188393206472,1.0
source,p2_strong_delay,16385,supplied,finite_endpoint,32,32,32,0,32,32,0.95,0.8911188393206472,1.0
source,p2_strong_delay,65537,lag,rejection,32,32,0,0,0,0,0.95,0.0,0.10888116067935288
source,p2_strong_delay,65537,lag,usable,32,32,0,0,0,0,0.95,0.0,0.10888116067935288
source,p2_strong_delay,65537,lag,finite_endpoint,32,32,0,0,0,0,0.95,0.0,0.10888116067935288
source,p2_strong_delay,65537,lag,source_coverage,32,32,32,0,32,32,0.95,0.8911188393206472,1.0
source,p2_strong_delay,65537,bridge,rejection,32,32,0,0,0,0,0.95,0.0,0.10888116067935288
source,p2_strong_delay,65537,bridge,usable,32,32,0,0,0,0,0.95,0.0,0.10888116067935288
source,p2_strong_delay,65537,bridge,finite_endpoint,32,32,0,0,0,0,0.95,0.0,0.10888116067935288
source,p2_strong_delay,65537,bridge,source_coverage,32,32,32,0,32,32,0.95,0.8911188393206472,1.0
source,p2_strong_delay,65537,intersection,rejection,32,32,0,0,0,0,0.95,0.0,0.10888116067935288
source,p2_strong_delay,65537,intersection,usable,32,32,0,0,0,0,0.95,0.0,0.10888116067935288
source,p2_strong_delay,65537,intersection,finite_endpoint,32,32,0,0,0,0,0.95,0.0,0.10888116067935288
source,p2_strong_delay,65537,intersection,source_coverage,32,32,32,0,32,32,0.95,0.8911188393206472,1.0
source,p2_strong_delay,65537,supplied,rejection,32,32,32,0,32,32,0.95,0.8911188393206472,1.0
source,p2_strong_delay,65537,supplied,usable,32,32,32,0,32,32,0.95,0.8911188393206472,1.0
source,p2_strong_delay,65537,supplied,finite_endpoint,32,32,32,0,32,32,0.95,0.8911188393206472,1.0
