cell,n,method,reference,event,planned,defined_pairs,first_only,lag_only,possible_difference,conservative_95_interval
p0_reversible,16385,bridge,lag,finite_endpoint,32,32,0,0,"[0.0, 0.0]","[-0.12797599984079644, 0.12797599984079644]"
p0_reversible,16385,bridge,lag,usable,32,32,0,20,"[-0.625, -0.625]","[-0.8073647230578521, -0.2847248347548793]"
p0_reversible,16385,bridge,lag,rejected,32,32,0,0,"[0.0, 0.0]","[-0.12797599984079652, 0.12797599984079652]"
p0_reversible,16385,intersection,lag,finite_endpoint,32,32,0,0,"[0.0, 0.0]","[-0.12797599984079644, 0.12797599984079644]"
p0_reversible,16385,intersection,lag,usable,32,32,0,0,"[0.0, 0.0]","[-0.12797599984079644, 0.12797599984079644]"
p0_reversible,16385,intersection,lag,rejected,32,32,0,0,"[0.0, 0.0]","[-0.12797599984079652, 0.12797599984079652]"
p0_reversible,16385,supplied,lag,finite_endpoint,32,32,0,0,"[0.0, 0.0]","[-0.12797599984079644, 0.12797599984079644]"
p0_reversible,16385,supplied,lag,usable,32,32,0,0,"[0.0, 0.0]","[-0.12797599984079644, 0.12797599984079644]"
p0_reversible,16385,supplied,lag,rejected,32,32,0,0,"[0.0, 0.0]","[-0.12797599984079652, 0.12797599984079652]"
p0_reversible,65537,bridge,lag,finite_endpoint,32,32,0,0,"[0.0, 0.0]","[-0.12797599984079644, 0.12797599984079644]"
p0_reversible,65537,bridge,lag,usable,32,32,0,0,"[0.0, 0.0]","[-0.12797599984079644, 0.12797599984079644]"
p0_reversible,65537,bridge,lag,rejected,32,32,0,0,"[0.0, 0.0]","[-0.12797599984079652, 0.12797599984079652]"
p0_reversible,65537,intersection,lag,finite_endpoint,32,32,0,0,"[0.0, 0.0]","[-0.12797599984079644, 0.12797599984079644]"
p0_reversible,65537,intersection,lag,usable,32,32,0,0,"[0.0, 0.0]","[-0.12797599984079644, 0.12797599984079644]"
p0_reversible,65537,intersection,lag,rejected,32,32,0,0,"[0.0, 0.0]","[-0.12797599984079652, 0.12797599984079652]"
p0_reversible,65537,supplied,lag,finite_endpoint,32,32,0,0,"[0.0, 0.0]","[-0.12797599984079644, 0.12797599984079644]"
p0_reversible,65537,supplied,lag,usable,32,32,0,0,"[0.0, 0.0]","[-0.12797599984079644, 0.12797599984079644]"
p0_reversible,65537,supplied,lag,rejected,32,32,0,0,"[0.0, 0.0]","[-0.12797599984079652, 0.12797599984079652]"
p0_weak_delay,16385,bridge,lag,finite_endpoint,32,32,0,0,"[0.0, 0.0]","[-0.12797599984079644, 0.12797599984079644]"
p0_weak_delay,16385,bridge,lag,usable,32,32,0,20,"[-0.625, -0.625]","[-0.8073647230578521, -0.2847248347548793]"
p0_weak_delay,16385,bridge,lag,rejected,32,32,0,32,"[-1.0, -1.0]","[-1.0, -0.744048000318407]"
p0_weak_delay,16385,intersection,lag,finite_endpoint,32,32,0,0,"[0.0, 0.0]","[-0.12797599984079644, 0.12797599984079644]"
p0_weak_delay,16385,intersection,lag,usable,32,32,0,0,"[0.0, 0.0]","[-0.12797599984079644, 0.12797599984079644]"
p0_weak_delay,16385,intersection,lag,rejected,32,32,0,0,"[0.0, 0.0]","[-0.12797599984079644, 0.12797599984079644]"
p0_weak_delay,16385,supplied,lag,finite_endpoint,32,32,0,0,"[0.0, 0.0]","[-0.12797599984079644, 0.12797599984079644]"
p0_weak_delay,16385,supplied,lag,usable,32,32,0,0,"[0.0, 0.0]","[-0.12797599984079644, 0.12797599984079644]"
p0_weak_delay,16385,supplied,lag,rejected,32,32,0,0,"[0.0, 0.0]","[-0.12797599984079644, 0.12797599984079644]"
p0_weak_delay,65537,bridge,lag,finite_endpoint,32,32,0,0,"[0.0, 0.0]","[-0.12797599984079644, 0.12797599984079644]"
p0_weak_delay,65537,bridge,lag,usable,32,32,0,0,"[0.0, 0.0]","[-0.12797599984079644, 0.12797599984079644]"
p0_weak_delay,65537,bridge,lag,rejected,32,32,0,32,"[-1.0, -1.0]","[-1.0, -0.744048000318407]"
p0_weak_delay,65537,intersection,lag,finite_endpoint,32,32,0,0,"[0.0, 0.0]","[-0.12797599984079644, 0.12797599984079644]"
p0_weak_delay,65537,intersection,lag,usable,32,32,0,0,"[0.0, 0.0]","[-0.12797599984079644, 0.12797599984079644]"
p0_weak_delay,65537,intersection,lag,rejected,32,32,0,0,"[0.0, 0.0]","[-0.12797599984079644, 0.12797599984079644]"
p0_weak_delay,65537,supplied,lag,finite_endpoint,32,32,0,0,"[0.0, 0.0]","[-0.12797599984079644, 0.12797599984079644]"
p0_weak_delay,65537,supplied,lag,usable,32,32,0,0,"[0.0, 0.0]","[-0.12797599984079644, 0.12797599984079644]"
p0_weak_delay,65537,supplied,lag,rejected,32,32,0,0,"[0.0, 0.0]","[-0.12797599984079644, 0.12797599984079644]"
p0_strong_delay,16385,bridge,lag,finite_endpoint,32,32,0,1,"[-0.03125, -0.03125]","[-0.18343510046636358, 0.12758299014538266]"
p0_strong_delay,16385,bridge,lag,usable,32,32,0,19,"[-0.59375, -0.59375]","[-0.7823897679348345, -0.2547079149344641]"
p0_strong_delay,16385,bridge,lag,rejected,32,32,0,32,"[-1.0, -1.0]","[-1.0, -0.744048000318407]"
p0_strong_delay,16385,intersection,lag,finite_endpoint,32,32,0,0,"[0.0, 0.0]","[-0.12797599984079644, 0.12797599984079644]"
p0_strong_delay,16385,intersection,lag,usable,32,32,0,0,"[0.0, 0.0]","[-0.12797599984079644, 0.12797599984079644]"
p0_strong_delay,16385,intersection,lag,rejected,32,32,0,0,"[0.0, 0.0]","[-0.12797599984079644, 0.12797599984079644]"
p0_strong_delay,16385,supplied,lag,finite_endpoint,32,32,0,0,"[0.0, 0.0]","[-0.12797599984079644, 0.12797599984079644]"
p0_strong_delay,16385,supplied,lag,usable,32,32,0,0,"[0.0, 0.0]","[-0.12797599984079644, 0.12797599984079644]"
p0_strong_delay,16385,supplied,lag,rejected,32,32,0,0,"[0.0, 0.0]","[-0.12797599984079644, 0.12797599984079644]"
p0_strong_delay,65537,bridge,lag,finite_endpoint,32,32,0,0,"[0.0, 0.0]","[-0.12797599984079644, 0.12797599984079644]"
p0_strong_delay,65537,bridge,lag,usable,32,32,0,0,"[0.0, 0.0]","[-0.12797599984079644, 0.12797599984079644]"
p0_strong_delay,65537,bridge,lag,rejected,32,32,0,32,"[-1.0, -1.0]","[-1.0, -0.744048000318407]"
p0_strong_delay,65537,intersection,lag,finite_endpoint,32,32,0,0,"[0.0, 0.0]","[-0.12797599984079644, 0.12797599984079644]"
p0_strong_delay,65537,intersection,lag,usable,32,32,0,0,"[0.0, 0.0]","[-0.12797599984079644, 0.12797599984079644]"
p0_strong_delay,65537,intersection,lag,rejected,32,32,0,0,"[0.0, 0.0]","[-0.12797599984079644, 0.12797599984079644]"
p0_strong_delay,65537,supplied,lag,finite_endpoint,32,32,0,0,"[0.0, 0.0]","[-0.12797599984079644, 0.12797599984079644]"
p0_strong_delay,65537,supplied,lag,usable,32,32,0,0,"[0.0, 0.0]","[-0.12797599984079644, 0.12797599984079644]"
p0_strong_delay,65537,supplied,lag,rejected,32,32,0,0,"[0.0, 0.0]","[-0.12797599984079644, 0.12797599984079644]"
p1_reversible,16385,bridge,lag,finite_endpoint,32,32,0,0,"[0.0, 0.0]","[-0.12797599984079652, 0.12797599984079652]"
p1_reversible,16385,bridge,lag,usable,32,32,0,0,"[0.0, 0.0]","[-0.12797599984079652, 0.12797599984079652]"
p1_reversible,16385,bridge,lag,rejected,32,32,0,0,"[0.0, 0.0]","[-0.12797599984079652, 0.12797599984079652]"
p1_reversible,16385,intersection,lag,finite_endpoint,32,32,0,0,"[0.0, 0.0]","[-0.12797599984079652, 0.12797599984079652]"
p1_reversible,16385,intersection,lag,usable,32,32,0,0,"[0.0, 0.0]","[-0.12797599984079652, 0.12797599984079652]"
p1_reversible,16385,intersection,lag,rejected,32,32,0,0,"[0.0, 0.0]","[-0.12797599984079652, 0.12797599984079652]"
p1_reversible,16385,supplied,lag,finite_endpoint,32,32,32,0,"[1.0, 1.0]","[0.744048000318407, 1.0]"
p1_reversible,16385,supplied,lag,usable,32,32,32,0,"[1.0, 1.0]","[0.744048000318407, 1.0]"
p1_reversible,16385,supplied,lag,rejected,32,32,0,0,"[0.0, 0.0]","[-0.12797599984079652, 0.12797599984079652]"
p1_reversible,65537,bridge,lag,finite_endpoint,32,32,14,1,"[0.40625, 0.40625]","[0.023138167453608638, 0.6878619246189692]"
p1_reversible,65537,bridge,lag,usable,32,32,0,16,"[-0.5, -0.5]","[-0.7030449300451485, -0.16897907011405508]"
p1_reversible,65537,bridge,lag,rejected,32,32,0,0,"[0.0, 0.0]","[-0.12797599984079652, 0.12797599984079652]"
p1_reversible,65537,intersection,lag,finite_endpoint,32,32,11,0,"[0.34375, 0.34375]","[-0.055638488011508724, 0.6588686031967133]"
p1_reversible,65537,intersection,lag,usable,32,32,10,0,"[0.3125, 0.3125]","[-0.09243805392650861, 0.6412965990015094]"
p1_reversible,65537,intersection,lag,rejected,32,32,0,0,"[0.0, 0.0]","[-0.12797599984079652, 0.12797599984079652]"
p1_reversible,65537,supplied,lag,finite_endpoint,32,32,16,0,"[0.5, 0.5]","[0.1689790701140551, 0.7030449300451485]"
p1_reversible,65537,supplied,lag,usable,32,32,16,0,"[0.5, 0.5]","[0.1689790701140551, 0.7030449300451485]"
p1_reversible,65537,supplied,lag,rejected,32,32,0,0,"[0.0, 0.0]","[-0.12797599984079652, 0.12797599984079652]"
p1_weak_delay,16385,bridge,lag,finite_endpoint,32,32,0,0,"[0.0, 0.0]","[-0.12797599984079652, 0.12797599984079652]"
p1_weak_delay,16385,bridge,lag,usable,32,32,0,0,"[0.0, 0.0]","[-0.12797599984079652, 0.12797599984079652]"
p1_weak_delay,16385,bridge,lag,rejected,32,32,0,0,"[0.0, 0.0]","[-0.12797599984079652, 0.12797599984079652]"
p1_weak_delay,16385,intersection,lag,finite_endpoint,32,32,0,0,"[0.0, 0.0]","[-0.12797599984079652, 0.12797599984079652]"
p1_weak_delay,16385,intersection,lag,usable,32,32,0,0,"[0.0, 0.0]","[-0.12797599984079652, 0.12797599984079652]"
p1_weak_delay,16385,intersection,lag,rejected,32,32,0,0,"[0.0, 0.0]","[-0.12797599984079652, 0.12797599984079652]"
p1_weak_delay,16385,supplied,lag,finite_endpoint,32,32,32,0,"[1.0, 1.0]","[0.744048000318407, 1.0]"
p1_weak_delay,16385,supplied,lag,usable,32,32,32,0,"[1.0, 1.0]","[0.744048000318407, 1.0]"
p1_weak_delay,16385,supplied,lag,rejected,32,32,32,0,"[1.0, 1.0]","[0.744048000318407, 1.0]"
p1_weak_delay,65537,bridge,lag,finite_endpoint,32,32,21,2,"[0.59375, 0.59375]","[0.19325035989786682, 0.8488886341346553]"
p1_weak_delay,65537,bridge,lag,usable,32,32,0,8,"[-0.25, -0.25]","[-0.4921496792490183, 0.06079038650587047]"
p1_weak_delay,65537,bridge,lag,rejected,32,32,0,7,"[-0.21875, -0.21875]","[-0.424872205592822, 0.04714683337618934]"
p1_weak_delay,65537,intersection,lag,finite_endpoint,32,32,21,0,"[0.65625, 0.65625]","[0.2767497197829369, 0.8720636863952146]"
p1_weak_delay,65537,intersection,lag,usable,32,32,20,0,"[0.625, 0.625]","[0.23364040855432505, 0.8621722806133275]"
p1_weak_delay,65537,intersection,lag,rejected,32,32,0,0,"[0.0, 0.0]","[-0.3440430391282148, 0.3440430391282148]"
p1_weak_delay,65537,supplied,lag,finite_endpoint,32,32,23,0,"[0.71875, 0.71875]","[0.3794813112147715, 0.8773552860395067]"
p1_weak_delay,65537,supplied,lag,usable,32,32,23,0,"[0.71875, 0.71875]","[0.3794813112147715, 0.8773552860395067]"
p1_weak_delay,65537,supplied,lag,rejected,32,32,25,0,"[0.78125, 0.78125]","[0.44715179456638154, 0.9191708335353929]"
p1_strong_delay,16385,bridge,lag,finite_endpoint,32,32,0,0,"[0.0, 0.0]","[-0.12797599984079652, 0.12797599984079652]"
p1_strong_delay,16385,bridge,lag,usable,32,32,0,0,"[0.0, 0.0]","[-0.12797599984079652, 0.12797599984079652]"
p1_strong_delay,16385,bridge,lag,rejected,32,32,0,0,"[0.0, 0.0]","[-0.12797599984079652, 0.12797599984079652]"
p1_strong_delay,16385,intersection,lag,finite_endpoint,32,32,0,0,"[0.0, 0.0]","[-0.12797599984079652, 0.12797599984079652]"
p1_strong_delay,16385,intersection,lag,usable,32,32,0,0,"[0.0, 0.0]","[-0.12797599984079652, 0.12797599984079652]"
p1_strong_delay,16385,intersection,lag,rejected,32,32,0,0,"[0.0, 0.0]","[-0.12797599984079652, 0.12797599984079652]"
p1_strong_delay,16385,supplied,lag,finite_endpoint,32,32,32,0,"[1.0, 1.0]","[0.744048000318407, 1.0]"
p1_strong_delay,16385,supplied,lag,usable,32,32,32,0,"[1.0, 1.0]","[0.744048000318407, 1.0]"
p1_strong_delay,16385,supplied,lag,rejected,32,32,32,0,"[1.0, 1.0]","[0.744048000318407, 1.0]"
p1_strong_delay,65537,bridge,lag,finite_endpoint,32,32,15,4,"[0.34375, 0.34375]","[-0.06456927831867088, 0.668461359832673]"
p1_strong_delay,65537,bridge,lag,usable,32,32,2,15,"[-0.40625, -0.40625]","[-0.6698845547930186, -0.03908271785105688]"
p1_strong_delay,65537,bridge,lag,rejected,32,32,0,14,"[-0.4375, -0.4375]","[-0.6466027339542235, -0.11536083730447136]"
p1_strong_delay,65537,intersection,lag,finite_endpoint,32,32,14,0,"[0.4375, 0.4375]","[0.051006943061446375, 0.7150266854501327]"
p1_strong_delay,65537,intersection,lag,usable,32,32,14,0,"[0.4375, 0.4375]","[0.051006943061446375, 0.7150266854501327]"
p1_strong_delay,65537,intersection,lag,rejected,32,32,2,3,"[-0.03125, -0.03125]","[-0.428992501889058, 0.3739792480794716]"
p1_strong_delay,65537,supplied,lag,finite_endpoint,32,32,17,0,"[0.53125, 0.53125]","[0.19684784572189284, 0.7302096908763119]"
p1_strong_delay,65537,supplied,lag,usable,32,32,17,0,"[0.53125, 0.53125]","[0.19684784572189284, 0.7302096908763119]"
p1_strong_delay,65537,supplied,lag,rejected,32,32,18,0,"[0.5625, 0.5625]","[0.22542126620498004, 0.7566631628547321]"
p2_reversible,16385,bridge,lag,finite_endpoint,32,32,0,0,"[0.0, 0.0]","[-0.12797599984079652, 0.12797599984079652]"
p2_reversible,16385,bridge,lag,usable,32,32,0,0,"[0.0, 0.0]","[-0.12797599984079652, 0.12797599984079652]"
p2_reversible,16385,bridge,lag,rejected,32,32,0,0,"[0.0, 0.0]","[-0.12797599984079652, 0.12797599984079652]"
p2_reversible,16385,intersection,lag,finite_endpoint,32,32,0,0,"[0.0, 0.0]","[-0.12797599984079652, 0.12797599984079652]"
p2_reversible,16385,intersection,lag,usable,32,32,0,0,"[0.0, 0.0]","[-0.12797599984079652, 0.12797599984079652]"
p2_reversible,16385,intersection,lag,rejected,32,32,0,0,"[0.0, 0.0]","[-0.12797599984079652, 0.12797599984079652]"
p2_reversible,16385,supplied,lag,finite_endpoint,32,32,32,0,"[1.0, 1.0]","[0.744048000318407, 1.0]"
p2_reversible,16385,supplied,lag,usable,32,32,32,0,"[1.0, 1.0]","[0.744048000318407, 1.0]"
p2_reversible,16385,supplied,lag,rejected,32,32,0,0,"[0.0, 0.0]","[-0.12797599984079652, 0.12797599984079652]"
p2_reversible,65537,bridge,lag,finite_endpoint,32,32,0,0,"[0.0, 0.0]","[-0.12797599984079652, 0.12797599984079652]"
p2_reversible,65537,bridge,lag,usable,32,32,0,0,"[0.0, 0.0]","[-0.12797599984079652, 0.12797599984079652]"
p2_reversible,65537,bridge,lag,rejected,32,32,0,0,"[0.0, 0.0]","[-0.12797599984079652, 0.12797599984079652]"
p2_reversible,65537,intersection,lag,finite_endpoint,32,32,0,0,"[0.0, 0.0]","[-0.12797599984079652, 0.12797599984079652]"
p2_reversible,65537,intersection,lag,usable,32,32,0,0,"[0.0, 0.0]","[-0.12797599984079652, 0.12797599984079652]"
p2_reversible,65537,intersection,lag,rejected,32,32,0,0,"[0.0, 0.0]","[-0.12797599984079652, 0.12797599984079652]"
p2_reversible,65537,supplied,lag,finite_endpoint,32,32,32,0,"[1.0, 1.0]","[0.744048000318407, 1.0]"
p2_reversible,65537,supplied,lag,usable,32,32,32,0,"[1.0, 1.0]","[0.744048000318407, 1.0]"
p2_reversible,65537,supplied,lag,rejected,32,32,0,0,"[0.0, 0.0]","[-0.12797599984079652, 0.12797599984079652]"
p2_weak_delay,16385,bridge,lag,finite_endpoint,32,32,0,0,"[0.0, 0.0]","[-0.12797599984079652, 0.12797599984079652]"
p2_weak_delay,16385,bridge,lag,usable,32,32,0,0,"[0.0, 0.0]","[-0.12797599984079652, 0.12797599984079652]"
p2_weak_delay,16385,bridge,lag,rejected,32,32,0,0,"[0.0, 0.0]","[-0.12797599984079652, 0.12797599984079652]"
p2_weak_delay,16385,intersection,lag,finite_endpoint,32,32,0,0,"[0.0, 0.0]","[-0.12797599984079652, 0.12797599984079652]"
p2_weak_delay,16385,intersection,lag,usable,32,32,0,0,"[0.0, 0.0]","[-0.12797599984079652, 0.12797599984079652]"
p2_weak_delay,16385,intersection,lag,rejected,32,32,0,0,"[0.0, 0.0]","[-0.12797599984079652, 0.12797599984079652]"
p2_weak_delay,16385,supplied,lag,finite_endpoint,32,32,32,0,"[1.0, 1.0]","[0.744048000318407, 1.0]"
p2_weak_delay,16385,supplied,lag,usable,32,32,32,0,"[1.0, 1.0]","[0.744048000318407, 1.0]"
p2_weak_delay,16385,supplied,lag,rejected,32,32,32,0,"[1.0, 1.0]","[0.744048000318407, 1.0]"
p2_weak_delay,65537,bridge,lag,finite_endpoint,32,32,0,0,"[0.0, 0.0]","[-0.12797599984079652, 0.12797599984079652]"
p2_weak_delay,65537,bridge,lag,usable,32,32,0,0,"[0.0, 0.0]","[-0.12797599984079652, 0.12797599984079652]"
p2_weak_delay,65537,bridge,lag,rejected,32,32,0,0,"[0.0, 0.0]","[-0.12797599984079652, 0.12797599984079652]"
p2_weak_delay,65537,intersection,lag,finite_endpoint,32,32,0,0,"[0.0, 0.0]","[-0.12797599984079652, 0.12797599984079652]"
p2_weak_delay,65537,intersection,lag,usable,32,32,0,0,"[0.0, 0.0]","[-0.12797599984079652, 0.12797599984079652]"
p2_weak_delay,65537,intersection,lag,rejected,32,32,0,0,"[0.0, 0.0]","[-0.12797599984079652, 0.12797599984079652]"
p2_weak_delay,65537,supplied,lag,finite_endpoint,32,32,32,0,"[1.0, 1.0]","[0.744048000318407, 1.0]"
p2_weak_delay,65537,supplied,lag,usable,32,32,32,0,"[1.0, 1.0]","[0.744048000318407, 1.0]"
p2_weak_delay,65537,supplied,lag,rejected,32,32,32,0,"[1.0, 1.0]","[0.744048000318407, 1.0]"
p2_strong_delay,16385,bridge,lag,finite_endpoint,32,32,0,0,"[0.0, 0.0]","[-0.12797599984079652, 0.12797599984079652]"
p2_strong_delay,16385,bridge,lag,usable,32,32,0,0,"[0.0, 0.0]","[-0.12797599984079652, 0.12797599984079652]"
p2_strong_delay,16385,bridge,lag,rejected,32,32,0,0,"[0.0, 0.0]","[-0.12797599984079652, 0.12797599984079652]"
p2_strong_delay,16385,intersection,lag,finite_endpoint,32,32,0,0,"[0.0, 0.0]","[-0.12797599984079652, 0.12797599984079652]"
p2_strong_delay,16385,intersection,lag,usable,32,32,0,0,"[0.0, 0.0]","[-0.12797599984079652, 0.12797599984079652]"
p2_strong_delay,16385,intersection,lag,rejected,32,32,0,0,"[0.0, 0.0]","[-0.12797599984079652, 0.12797599984079652]"
p2_strong_delay,16385,supplied,lag,finite_endpoint,32,32,32,0,"[1.0, 1.0]","[0.744048000318407, 1.0]"
p2_strong_delay,16385,supplied,lag,usable,32,32,32,0,"[1.0, 1.0]","[0.744048000318407, 1.0]"
p2_strong_delay,16385,supplied,lag,rejected,32,32,32,0,"[1.0, 1.0]","[0.744048000318407, 1.0]"
p2_strong_delay,65537,bridge,lag,finite_endpoint,32,32,0,0,"[0.0, 0.0]","[-0.12797599984079652, 0.12797599984079652]"
p2_strong_delay,65537,bridge,lag,usable,32,32,0,0,"[0.0, 0.0]","[-0.12797599984079652, 0.12797599984079652]"
p2_strong_delay,65537,bridge,lag,rejected,32,32,0,0,"[0.0, 0.0]","[-0.12797599984079652, 0.12797599984079652]"
p2_strong_delay,65537,intersection,lag,finite_endpoint,32,32,0,0,"[0.0, 0.0]","[-0.12797599984079652, 0.12797599984079652]"
p2_strong_delay,65537,intersection,lag,usable,32,32,0,0,"[0.0, 0.0]","[-0.12797599984079652, 0.12797599984079652]"
p2_strong_delay,65537,intersection,lag,rejected,32,32,0,0,"[0.0, 0.0]","[-0.12797599984079652, 0.12797599984079652]"
p2_strong_delay,65537,supplied,lag,finite_endpoint,32,32,32,0,"[1.0, 1.0]","[0.744048000318407, 1.0]"
p2_strong_delay,65537,supplied,lag,usable,32,32,32,0,"[1.0, 1.0]","[0.744048000318407, 1.0]"
p2_strong_delay,65537,supplied,lag,rejected,32,32,32,0,"[1.0, 1.0]","[0.744048000318407, 1.0]"
