design_id,hypothesis,lane,original_observed_length,retained_length,replicates,complete,rejections,nonrejections,abstentions,missing_or_errors,scale_coverage_available,scale_coverage_both,rejection_rate,pointwise_95,simultaneous_95
1,null,primary,2048,2048,400,True,0,400,0,0,400,400,0.0,"[0.0, 0.00917980458366526]","[0.0, 0.01914420364796318]"
1,null,marginal,2048,2048,400,True,0,400,0,0,400,400,0.0,"[0.0, 0.00917980458366526]","[0.0, 0.01914420364796318]"
1,null,prefilter,2048,2047,400,True,0,400,0,0,400,400,0.0,"[0.0, 0.00917980458366526]","[0.0, 0.01914420364796318]"
1,null,primary,8192,8192,400,True,0,400,0,0,400,400,0.0,"[0.0, 0.00917980458366526]","[0.0, 0.01914420364796318]"
1,null,marginal,8192,8192,400,True,0,400,0,0,400,400,0.0,"[0.0, 0.00917980458366526]","[0.0, 0.01914420364796318]"
1,null,prefilter,8192,8191,400,True,0,400,0,0,400,400,0.0,"[0.0, 0.00917980458366526]","[0.0, 0.01914420364796318]"
1,null,primary,32768,32768,400,True,0,400,0,0,400,400,0.0,"[0.0, 0.00917980458366526]","[0.0, 0.01914420364796318]"
1,null,marginal,32768,32768,400,True,0,400,0,0,400,400,0.0,"[0.0, 0.00917980458366526]","[0.0, 0.01914420364796318]"
1,null,prefilter,32768,32767,400,True,0,400,0,0,400,400,0.0,"[0.0, 0.00917980458366526]","[0.0, 0.01914420364796318]"
2,alternative,primary,2048,2048,400,True,0,400,0,0,400,400,0.0,"[0.0, 0.00917980458366526]","[0.0, 0.01914420364796318]"
2,alternative,marginal,2048,2048,400,True,0,400,0,0,400,400,0.0,"[0.0, 0.00917980458366526]","[0.0, 0.01914420364796318]"
2,alternative,prefilter,2048,2047,400,True,400,0,0,0,400,400,1.0,"[0.9908201954163347, 1.0]","[0.9808557963520371, 1.0]"
2,alternative,primary,8192,8192,400,True,0,400,0,0,400,400,0.0,"[0.0, 0.00917980458366526]","[0.0, 0.01914420364796318]"
2,alternative,marginal,8192,8192,400,True,2,398,0,0,400,400,0.005,"[0.0006060978093221482, 0.017944144605585428]","[7.487553639918199e-05, 0.03012809900677768]"
2,alternative,prefilter,8192,8191,400,True,400,0,0,0,400,400,1.0,"[0.9908201954163347, 1.0]","[0.9808557963520371, 1.0]"
2,alternative,primary,32768,32768,400,True,0,400,0,0,400,400,0.0,"[0.0, 0.00917980458366526]","[0.0, 0.01914420364796318]"
2,alternative,marginal,32768,32768,400,True,400,0,0,0,400,400,1.0,"[0.9908201954163347, 1.0]","[0.9808557963520371, 1.0]"
2,alternative,prefilter,32768,32767,400,True,400,0,0,0,400,400,1.0,"[0.9908201954163347, 1.0]","[0.9808557963520371, 1.0]"
3,null,primary,2048,2048,400,True,0,0,400,0,0,0,0.0,"[0.0, 0.00917980458366526]","[0.0, 0.01914420364796318]"
3,null,marginal,2048,2048,400,True,0,400,0,0,400,400,0.0,"[0.0, 0.00917980458366526]","[0.0, 0.01914420364796318]"
3,null,prefilter,2048,2047,400,True,0,400,0,0,400,400,0.0,"[0.0, 0.00917980458366526]","[0.0, 0.01914420364796318]"
3,null,primary,8192,8192,400,True,0,0,400,0,0,0,0.0,"[0.0, 0.00917980458366526]","[0.0, 0.01914420364796318]"
3,null,marginal,8192,8192,400,True,0,400,0,0,400,400,0.0,"[0.0, 0.00917980458366526]","[0.0, 0.01914420364796318]"
3,null,prefilter,8192,8191,400,True,0,400,0,0,400,400,0.0,"[0.0, 0.00917980458366526]","[0.0, 0.01914420364796318]"
3,null,primary,32768,32768,400,True,0,400,0,0,400,400,0.0,"[0.0, 0.00917980458366526]","[0.0, 0.01914420364796318]"
3,null,marginal,32768,32768,400,True,0,400,0,0,400,400,0.0,"[0.0, 0.00917980458366526]","[0.0, 0.01914420364796318]"
3,null,prefilter,32768,32767,400,True,0,400,0,0,400,400,0.0,"[0.0, 0.00917980458366526]","[0.0, 0.01914420364796318]"
4,alternative,primary,2048,2048,400,True,0,0,400,0,0,0,0.0,"[0.0, 0.00917980458366526]","[0.0, 0.01914420364796318]"
4,alternative,marginal,2048,2048,400,True,0,400,0,0,400,400,0.0,"[0.0, 0.00917980458366526]","[0.0, 0.01914420364796318]"
4,alternative,prefilter,2048,2047,400,True,400,0,0,0,400,400,1.0,"[0.9908201954163347, 1.0]","[0.9808557963520371, 1.0]"
4,alternative,primary,8192,8192,400,True,0,0,400,0,0,0,0.0,"[0.0, 0.00917980458366526]","[0.0, 0.01914420364796318]"
4,alternative,marginal,8192,8192,400,True,0,400,0,0,400,400,0.0,"[0.0, 0.00917980458366526]","[0.0, 0.01914420364796318]"
4,alternative,prefilter,8192,8191,400,True,400,0,0,0,400,400,1.0,"[0.9908201954163347, 1.0]","[0.9808557963520371, 1.0]"
4,alternative,primary,32768,32768,400,True,0,400,0,0,400,400,0.0,"[0.0, 0.00917980458366526]","[0.0, 0.01914420364796318]"
4,alternative,marginal,32768,32768,400,True,0,400,0,0,400,400,0.0,"[0.0, 0.00917980458366526]","[0.0, 0.01914420364796318]"
4,alternative,prefilter,32768,32767,400,True,400,0,0,0,400,400,1.0,"[0.9908201954163347, 1.0]","[0.9808557963520371, 1.0]"
5,null,primary,16384,16384,400,True,0,400,0,0,400,400,0.0,"[0.0, 0.00917980458366526]","[0.0, 0.01914420364796318]"
5,null,marginal,16384,16384,400,True,0,400,0,0,400,400,0.0,"[0.0, 0.00917980458366526]","[0.0, 0.01914420364796318]"
5,null,prefilter,16384,16383,400,True,0,400,0,0,400,400,0.0,"[0.0, 0.00917980458366526]","[0.0, 0.01914420364796318]"
5,null,primary,65536,65536,400,True,0,400,0,0,400,400,0.0,"[0.0, 0.00917980458366526]","[0.0, 0.01914420364796318]"
5,null,marginal,65536,65536,400,True,0,400,0,0,400,400,0.0,"[0.0, 0.00917980458366526]","[0.0, 0.01914420364796318]"
5,null,prefilter,65536,65535,400,True,0,400,0,0,400,400,0.0,"[0.0, 0.00917980458366526]","[0.0, 0.01914420364796318]"
5,null,primary,262144,262144,400,True,0,400,0,0,400,400,0.0,"[0.0, 0.00917980458366526]","[0.0, 0.01914420364796318]"
5,null,marginal,262144,262144,400,True,0,400,0,0,400,400,0.0,"[0.0, 0.00917980458366526]","[0.0, 0.01914420364796318]"
5,null,prefilter,262144,262143,400,True,0,400,0,0,400,400,0.0,"[0.0, 0.00917980458366526]","[0.0, 0.01914420364796318]"
6,alternative,primary,16384,16384,400,True,0,400,0,0,400,400,0.0,"[0.0, 0.00917980458366526]","[0.0, 0.01914420364796318]"
6,alternative,marginal,16384,16384,400,True,0,400,0,0,400,400,0.0,"[0.0, 0.00917980458366526]","[0.0, 0.01914420364796318]"
6,alternative,prefilter,16384,16383,400,True,400,0,0,0,400,400,1.0,"[0.9908201954163347, 1.0]","[0.9808557963520371, 1.0]"
6,alternative,primary,65536,65536,400,True,0,400,0,0,400,400,0.0,"[0.0, 0.00917980458366526]","[0.0, 0.01914420364796318]"
6,alternative,marginal,65536,65536,400,True,400,0,0,0,400,400,1.0,"[0.9908201954163347, 1.0]","[0.9808557963520371, 1.0]"
6,alternative,prefilter,65536,65535,400,True,400,0,0,0,400,400,1.0,"[0.9908201954163347, 1.0]","[0.9808557963520371, 1.0]"
6,alternative,primary,262144,262144,400,True,400,0,0,0,400,400,1.0,"[0.9908201954163347, 1.0]","[0.9808557963520371, 1.0]"
6,alternative,marginal,262144,262144,400,True,400,0,0,0,400,400,1.0,"[0.9908201954163347, 1.0]","[0.9808557963520371, 1.0]"
6,alternative,prefilter,262144,262143,400,True,400,0,0,0,400,400,1.0,"[0.9908201954163347, 1.0]","[0.9808557963520371, 1.0]"
7,null,primary,32768,32768,400,True,0,0,400,0,0,0,0.0,"[0.0, 0.00917980458366526]","[0.0, 0.01914420364796318]"
7,null,primary,65536,65536,400,True,0,0,400,0,0,0,0.0,"[0.0, 0.00917980458366526]","[0.0, 0.01914420364796318]"
7,null,primary,131072,131072,400,True,0,400,0,0,400,400,0.0,"[0.0, 0.00917980458366526]","[0.0, 0.01914420364796318]"
